-- MySQL dump 10.13  Distrib 8.0.41, for Win64 (x86_64)
--
-- Host: localhost    Database: anime
-- ------------------------------------------------------
-- Server version	8.0.41

/*!40101 SET @OLD_CHARACTER_SET_CLIENT=@@CHARACTER_SET_CLIENT */;
/*!40101 SET @OLD_CHARACTER_SET_RESULTS=@@CHARACTER_SET_RESULTS */;
/*!40101 SET @OLD_COLLATION_CONNECTION=@@COLLATION_CONNECTION */;
/*!50503 SET NAMES utf8mb4 */;
/*!40103 SET @OLD_TIME_ZONE=@@TIME_ZONE */;
/*!40103 SET TIME_ZONE='+00:00' */;
/*!40014 SET @OLD_UNIQUE_CHECKS=@@UNIQUE_CHECKS, UNIQUE_CHECKS=0 */;
/*!40014 SET @OLD_FOREIGN_KEY_CHECKS=@@FOREIGN_KEY_CHECKS, FOREIGN_KEY_CHECKS=0 */;
/*!40101 SET @OLD_SQL_MODE=@@SQL_MODE, SQL_MODE='NO_AUTO_VALUE_ON_ZERO' */;
/*!40111 SET @OLD_SQL_NOTES=@@SQL_NOTES, SQL_NOTES=0 */;

--
-- Table structure for table `externallinks`
--

DROP TABLE IF EXISTS `externallinks`;
/*!40101 SET @saved_cs_client     = @@character_set_client */;
/*!50503 SET character_set_client = utf8mb4 */;
CREATE TABLE `externallinks` (
  `link_id` int NOT NULL AUTO_INCREMENT,
  `title` varchar(64) CHARACTER SET utf8mb4 COLLATE utf8mb4_unicode_ci NOT NULL,
  `original_url` varchar(255) CHARACTER SET utf8mb4 COLLATE utf8mb4_unicode_ci NOT NULL,
  `publisher` varchar(255) CHARACTER SET utf8mb4 COLLATE utf8mb4_unicode_ci DEFAULT NULL,
  PRIMARY KEY (`link_id`),
  UNIQUE KEY `original_url` (`original_url`)
) ENGINE=InnoDB AUTO_INCREMENT=90 DEFAULT CHARSET=utf8mb4 COLLATE=utf8mb4_unicode_ci;
/*!40101 SET character_set_client = @saved_cs_client */;

--
-- Dumping data for table `externallinks`
--

LOCK TABLES `externallinks` WRITE;
/*!40000 ALTER TABLE `externallinks` DISABLE KEYS */;
INSERT INTO `externallinks` VALUES (1,'官方网站','http://kamuy-anime.com/',NULL),(2,'官方网站','http://eizouken-anime.com/',NULL),(3,'官方网站','http://kaguya.love/',NULL),(4,'官方网站','https://www.netflix.com/jp-en/title/70300800',NULL),(5,'官方网站','https://isyuzoku.com/',NULL),(6,'官方网站','https://shingeki.tv/final/',NULL),(7,'官方网站','https://haikyu.jp/',NULL),(8,'官方网站','http://re-zero-anime.jp/',NULL),(9,'官方网站','https://kakushigoto-anime.com/tv',NULL),(12,'官方网站','http://toaru-project.com/railgun_3/',NULL),(14,'官方网站','http://www.lovelive-anime.jp/nijigasaki/',NULL),(16,'官方网站','https://mewkledreamy.com/MW',NULL),(17,'官方网站','https://namiyo-anime.com/',NULL),(18,'官方网站','http://w-witch.jp/strike_witches-rtb',NULL),(22,'官方网站','https://disneynow.com/shows/the-owl-house',NULL),(25,'官方网站','https://mushokutensei.jp/',NULL),(26,'官方网站','https://yurucamp.jp/second/',NULL),(27,'官方网站','https://nonnontv.com/tvanime/',NULL),(30,'官方网站','https://mushokutensei.jp',NULL),(31,'官方网站','http://www.toei-anim.co.jp/tv/wt/',NULL),(33,'官方网站','http://zombielandsaga.com/',NULL),(38,'官方网站','https://kageki-anime.com/',NULL),(40,'官方网站','https://dynazenon.net',NULL),(41,'官方网站','http://www.adultswim.com/videos/rick-and-morty/',NULL),(47,'官方网站','https://mobpsycho100.com/',NULL),(48,'官方网站','https://yamanosusume-ns.com',NULL),(49,'官方网站','https://takagi3.me',NULL),(50,'官方网站','https://bleach-anime.com/',NULL),(51,'官方网站','https://deaimon.jp',NULL),(52,'官方网站','https://www.tbs.co.jp/anime/machikado',NULL),(57,'官方网站','https://akebi-chan.jp/',NULL),(58,'官方网站','https://summertime-anime.com/',NULL),(62,'官方网站','https://yofukashi-no-uta.com',NULL),(63,'官方网站','https://spy-family.net/',NULL),(64,'官方网站','https://jojo-portal.com/anime/so/',NULL),(66,'官方网站','https://komisan-official.com',NULL),(67,'官方网站','https://frieren-anime.jp/',NULL),(70,'官方网站','https://kaguya.love/',NULL),(71,'官方网站','https://bokuyaba-anime.com/',NULL),(72,'官方网站','https://tdm-anime.com/',NULL),(73,'官方网站','http://gundam-hathaway.net/tv.html',NULL),(74,'官方网站','https://cinderella-u149-anime.idolmaster-official.jp/',NULL),(75,'官方网站','https://skip-and-loafer.com/',NULL),(76,'官方网站','https://shingeki.tv/final',NULL),(77,'官方网站','https://onimai.jp/',NULL),(80,'官方网站','https://ichigoproduction.com/',NULL),(81,'官方网站','https://dr-stone.jp',NULL),(82,'官方网站','https://hyakkano.com/',NULL),(85,'官方网站','https://spy-family.net/tvseries/',NULL),(86,'官方网站','https://fate-strange-fake.com/',NULL),(87,'官方网站','https://millionlive-anime.idolmaster-official.jp/',NULL),(88,'官方网站','https://makeine-anime.com/',NULL),(89,'官方网站','http://www.gochiusa.com/',NULL);
/*!40000 ALTER TABLE `externallinks` ENABLE KEYS */;
UNLOCK TABLES;

--
-- Table structure for table `linksonpage`
--

DROP TABLE IF EXISTS `linksonpage`;
/*!40101 SET @saved_cs_client     = @@character_set_client */;
/*!50503 SET character_set_client = utf8mb4 */;
CREATE TABLE `linksonpage` (
  `source_id` int NOT NULL,
  `link_id` int NOT NULL,
  PRIMARY KEY (`source_id`,`link_id`),
  KEY `link_id` (`link_id`),
  KEY `idx_linksonpage_source_link` (`source_id`,`link_id`),
  CONSTRAINT `linksonpage_ibfk_1` FOREIGN KEY (`source_id`) REFERENCES `source` (`source_id`) ON DELETE CASCADE,
  CONSTRAINT `linksonpage_ibfk_2` FOREIGN KEY (`link_id`) REFERENCES `externallinks` (`link_id`) ON DELETE CASCADE
) ENGINE=InnoDB DEFAULT CHARSET=utf8mb4 COLLATE=utf8mb4_unicode_ci;
/*!40101 SET character_set_client = @saved_cs_client */;

--
-- Dumping data for table `linksonpage`
--

LOCK TABLES `linksonpage` WRITE;
/*!40000 ALTER TABLE `linksonpage` DISABLE KEYS */;
INSERT INTO `linksonpage` VALUES (1,1),(2,2),(3,3),(4,4),(5,5),(6,6),(7,7),(8,8),(18,8),(9,9),(12,12),(14,14),(17,16),(19,17),(20,18),(24,22),(42,22),(27,25),(28,26),(29,27),(32,30),(33,31),(35,33),(43,38),(45,40),(46,41),(52,47),(53,48),(54,49),(55,50),(56,51),(57,52),(62,57),(63,58),(68,62),(69,63),(70,64),(72,66),(73,67),(76,70),(77,71),(78,72),(79,73),(80,74),(81,75),(82,76),(83,77),(88,80),(89,81),(90,82),(94,85),(95,86),(96,87),(104,88),(102,89),(103,89);
/*!40000 ALTER TABLE `linksonpage` ENABLE KEYS */;
UNLOCK TABLES;

--
-- Table structure for table `role`
--

DROP TABLE IF EXISTS `role`;
/*!40101 SET @saved_cs_client     = @@character_set_client */;
/*!50503 SET character_set_client = utf8mb4 */;
CREATE TABLE `role` (
  `role_id` int NOT NULL AUTO_INCREMENT,
  `name` varchar(30) CHARACTER SET utf8mb4 COLLATE utf8mb4_unicode_ci NOT NULL,
  `gender` enum('male','female','unknown') CHARACTER SET utf8mb4 COLLATE utf8mb4_unicode_ci NOT NULL DEFAULT 'unknown',
  `description` text CHARACTER SET utf8mb4 COLLATE utf8mb4_unicode_ci,
  `birthday` date DEFAULT NULL,
  `voice_actor` varchar(20) CHARACTER SET utf8mb4 COLLATE utf8mb4_unicode_ci DEFAULT NULL,
  PRIMARY KEY (`role_id`),
  FULLTEXT KEY `idx_role_name` (`name`) /*!50100 WITH PARSER `ngram` */ 
) ENGINE=InnoDB AUTO_INCREMENT=233 DEFAULT CHARSET=utf8mb4 COLLATE=utf8mb4_unicode_ci;
/*!40101 SET character_set_client = @saved_cs_client */;

--
-- Dumping data for table `role`
--

LOCK TABLES `role` WRITE;
/*!40000 ALTER TABLE `role` DISABLE KEYS */;
INSERT INTO `role` VALUES (1,'杉元佐一','male','前大日本帝国陆军一等兵，原隶属第1师团。带着军帽且围着围巾，其特征是面容带有撕裂伤痕的约20多岁青年。拥有惊人的战斗力和恢复力及能在死地中寻见活路的超凡胆量，被称为“不死身杉元”（不死身の杉元），战斗起来如同鬼神一样可怕，即使受了濒死的重伤、第二天也能跑动。但其实内心纤细，对于战争的残酷，以及因此泯灭人性的自己其实无法接受。喜欢的食物是柿饼。','2000-03-01','小林親弘'),(2,'阿席莉帕','female','阿伊努人的猎人，原名欸卡西欧噗咚伊，名字的意思是“祖父的屁眼”。约12至13岁的天真无邪少女，能说流利的日语，出身于小樽附近的“寇坦”（爱努语“部落”之意）。告诉杉元各种关于北海道的动植物、料理、阿伊努族风俗文化习惯等知识。对编织、刺绣等传统阿伊努人女性工作毫无兴趣，擅长使用弓箭的高手、制作陷阱打猎及野外求生。','2000-01-01','白石晴香'),(3,'浅草绿','female','本作品の主人公の一人。芝浜高校1年生で映像研のメンバー。黒髪に迷彩柄のハットを被り、軍用リュックを背負って行動する。アニメ制作では「設定が命」。自分の考えた「最強の世界」で大冒険するのが夢。好奇心が強く探検好き、面白いものを見て刺激を受けると猛烈な勢いでイメージボードに空想の世界を描き出す。芝浜高校に入学したらアニメ研に入ってアニメを作りたかったが一人では中々行動できなかった。水崎と出会い、金森に乗せられて映像研を創設する。','2000-02-03','伊藤沙莉'),(4,'水崎燕','female','本作品の主人公の一人で映像研のメンバー。美人のカリスマ読モで街中にポスターが貼ってあるほどの有名人、さらに実家がお金持ちだが、アニメーター志望。浅草並みに好奇心が強く、探検に出掛ける時には目を輝かせる。アニメーションによる動きのリアルさを表現することにこだわりを持つ。',NULL,'松岡美里'),(5,'金森沙耶香','female','本作品の主人公の一人で映像研のメンバー。電車に乗ると人目を引くほどの長身。美脚。黒い長髪で、いつもおでこの上に眼鏡を乗せている。幼少期の体験から金に執着し、利益の出ない活動が嫌い。アニメの知識はないが、マネージメントと利益を創造するのが得意。浅草とは同じ中学校（上狸沢学校）の出身。','2000-10-09','田村睦心'),(6,'四宫辉夜','female','本作的主角。秀知院学园高中部2年A班的女学生，担任学生会副会长。参加的社团是弓道部。<br />\r\n四大财阀之一，四宫集团的千金。 <br />\r\n万能型的天才，但是不谙世故，无意识中会瞧不起人。<br />\r\n想告诉白银御行他和猫耳很般配。','2000-01-01','古賀葵'),(7,'白银御行','male','本作的另一个主角。秀知院学园高中部2年B班的男学生，担任学生会的会长，有着凶恶的眼神。<br />\r\n和父亲妹妹三人一起生活，妹妹白银圭在秀知院学园初中部就读。<br />\r\n可以说是努力中毒的努力型天才。<br />\r\n一天学习十小时，剩下的时间用来打工。<br />\r\n想告诉四宫辉夜她和猫耳很般配。','2000-09-09','古川慎'),(8,'藤原千花','female','本作的女主角，高中部2年B班的女学生，担任学生会书记。桌游部所属，三姐妹中的次女。','2000-03-03','小原好美'),(9,'石上优','male','本作的里主角，高中部一年级的男学生，担任学生会会计。玩具公司家的次子。','2000-03-03','鈴木崚汰'),(10,'伊井野弥子','female','本作の裏ヒロイン。 <br />\r\n私立秀知院学園高等部1年B組で風紀委員と生徒会の会計監査を兼任している。','2000-05-05','富田美憂'),(11,'史坦克','male','“レビュアーズ”の筆頭格。種族は人間。<br />\r\n<br />\r\n普段は剣の腕も確かな冒険者だが、あらゆる異種族とエッチし、その体験談をレビューするのが人気で、小遣い稼ぎの副業になっている。',NULL,'間島淳司'),(12,'杰尔','male','スタンクの相棒。種族はエルフ。見た目も性欲も少年のようだが、実際の年齢は200歳を超えている。<br />\r\n<br />\r\n弓矢を得意としており、各種魔法も使用可能。クロスレビューの発行人でもある。',NULL,'金元寿子'),(13,'可利姆维儿','unknown','怪物に襲われている所をスタンクとゼルに助けられた天使。<br />\r\n<br />\r\n天使の輪が欠けてしまっており、それが治るまでの間“食酒亭”で働いているが、時折レビュアーとして誘われてしまう穢れてしまった天使。',NULL,'富田美憂'),(14,'甘丘','male','酒場兼宿屋の“食酒亭”にたむろしているレビュアーズの一人。種族はハーフリング。<br />\r\n<br />\r\n種族の特性として身体が小さいので、そこに起因するコンプレックスを反映したレビューが多い。手先がとても器用。',NULL,'湯浅かえで'),(15,'梅多莉','female','レビュアー達の溜まり場である“食酒亭”勤務の有翼人ウェイトレス。店を訪れるスケベ共に囲まれながらも真面目に働くメイドの鑑。<br />\r\n<br />\r\nあまりにセクハラがいきすぎると鉄拳制裁されちゃうことも。',NULL,'M・A・O'),(16,'艾伦·耶格尔','male','本作的男主角。15岁（835年生）。拥有强韧的精神力与非凡的行动力，对墙壁外的世界拥有比任何人都要高的憧憬。<br />\r\n故事之初（845年）居住的城镇被未知的“超大型巨人”袭击，“玛利亚之墙”（Wall．Maria）城门遭其脚踢破坏，巨人因而进入第一道城墙区猎食人类，目睹母亲遭巨人吞食后，立誓要消灭所有的巨人。','2000-03-30','梶裕貴'),(17,'三笠·阿克曼','female','本作的女主角。15岁（835年生）。由于身为艾连的青梅竹马之故，两人经常一起行动。沉默寡言、表情稀少的美少女，有腹肌。<br />\r\n第104期训练兵团第1名毕业。拥有优秀的身体能力与战斗技术，一人的表现就足以与100名士兵匹敌。为了和艾连一起行动，希望加入调查兵团。<br />\r\n在9岁时曾被绑匪绑票，双亲亦被绑匪杀害，后来被艾连救出，自此之后便一直寄居在艾连家中，并把艾连视为“最重要的亲人”。<br />\r\n于第21话中最终选择加入调查军团。','2000-02-10','石川由依'),(18,'阿明·阿诺德','male','艾连与米卡莎的儿时玩伴。15岁（835年生）。缺乏体力，身体能力也不高，本人说过，光是能通过毕业战斗模拟测验就已经是奇迹了。<br />\r\n以清晰的头脑与丰富的知识，在课堂上得到了顶尖的成绩。自己希望加入调查兵团。','2000-11-03','井上麻里奈'),(19,'日向翔阳','male','幼いころ見た“小さな巨人”の姿に憧れ、烏野高校の門を叩いた。 類稀な瞬発力、跳躍力、そしてどんな時でも諦めない強い心を持つ。','2000-06-21','村瀬歩'),(20,'影山飞雄','male','圧倒的センスでコートを支配する、人呼んで“コート上の王様”。 中学時代はその厳しい姿勢からチーム内で孤立していた。','2000-12-22','石川界人'),(21,'菜月昴','male','無知無能にして無力無謀と四拍子欠けた主人公。突如として異世界に召喚され、訳の分からない状況に翻弄される。物怖じしない性質と持ち前の図々しさで、逆境に弱音を吐きつつも過酷な運命に立ち向かっていく。<br />\r\n<br />\r\n誕生日は四月一日。誕生花は「カスミソウ」で、花言葉は「清らかな心」です。','2000-04-01','小林裕介'),(23,'后藤可久士','male','漫画家。かつて『きんたましまし』なる作品でヒットを経験。現在は豪談社の「週刊少年マンガジン」に、下ネタ多めな『風のタイツ』を連載中。一人娘の姫を愛するあまり、自身が描いている漫画のことを隠し続けている。',NULL,'神谷浩史'),(24,'后藤姬','female','可久士の娘。小学4年生。ぱっつん前髪がトレードマーク。幾度となく可久士の仕事がバレそうな状況に居合わせるが、知ってか知らずか、気づかないままの日々を送る。父親想いで、しっかり者な一面も。',NULL,'高橋李依'),(27,'御坂美琴','female','在学园都市中只有七人的等级五超能力者排行第三。拥有“超电磁炮(Railgun)”称号的电击超能力者。对电流和电磁力的控制出神入化。独有招牌特技“超电磁炮”，以电磁力将金属作为电磁炮以3倍音速射出，一般使用方便携带的游戏币，但也可控制更大的物体。使用电击产生的电磁波对机器有不好的影响，在本作中破坏了手机、有线电视，警备机器人等无数机械。还可放出高压电流枪、使用电磁力自由控制金属，招来真正的雷击或是制造电磁爆。即使在贵族女校就读，行动却相当粗鲁，有以“四十五度斜角攻击机械维修法”（主要是踹自动贩卖机喝免钱饮料）的行为，对年纪较大的上条依旧口气狂妄。因此，主角曾说她完全没有大小姐该有的风范。但实际上是直率单纯且暗藏着自己特有的笨拙温柔（傲娇）的人。性格好胜，每次向上条当麻挑战都被随便应付过去。随着屡次的接触，变得相当在意上条。初期上条称她为“放电国中妹（Bilibili）”，茵蒂克丝则称她为“短发”。相当喜欢呱太为主题的饰品，爱好很低龄化，喜欢穿孩子气的内裤，或是在常盘台初中的制服裙下穿白色短裤。受到学妹白井黑子的爱慕。很喜欢动物，尤其是猫。其实每天都会偷偷去喂聚集在宿舍后面的野猫，但由于身体会放出微弱电磁波的关系被猫讨厌，每次野猫都跑的一只不剩，只剩美琴自己孤单一人拿着猫食，不过本人仍然不肯放弃的每天都去喂猫。“这本轻小说真厉害！2010年”年度人气女角色首名。“这本轻小说真厉害！2011年”人气女性角色排名首名。在2010年拿下国际最萌联盟比赛的亚军。在华人读者群中的绰号是“傲娇超电磁炮”，简称“傲娇炮”。','2000-05-12','佐藤利奈'),(28,'白井黑子','female','《魔法禁书目录》系列配角、外传《科学超电磁炮》主角，学园都市中名校常盘台女子中学的一年级生，御坂美琴的学妹兼室友，能力为Level 4的空间移动，双马尾茶色头发的少女。<br />\r\n平常举止都很“淑女”，句尾有“~ですの（是哦）”的独特大小姐腔调。非常仰慕御坂美琴，甚至到近乎变态的程度，称呼美琴为“姐姐大人”。喜欢冲击力极强、布料很少的泳衣和内衣裤。第177活动支部所属风纪委员，具有很强的责任感和正义感。',NULL,'新井里美'),(29,'初春饰利','female','栅川初中一年级，和黑子同为第177支部的风纪委员。留着黑色短发，头戴花圈，远看好像头顶着花瓶。白井的好友兼拍挡。对贵族大小姐的生活相当憧憬，很喜欢婚后光子所饲养名叫爱卡迪莉娜的蟒蛇。害羞谦逊，喜欢吃甜食，体能很差。但对风纪委员这项工作很认真。<br />\r\n能力为等级一的定温保存（Thermal Hand），只能做到使拿着的物体保持一定温度。黑客能力高超，工作时负责运用电脑处理信息，技术让专业人员都为之吃惊。独力设计“书库”的防火墙，击败许多网络黑客的入侵，是都市传说中“守护神（Gatekeeper）”的正体（但本人并不知晓）。',NULL,'豊崎愛生'),(30,'佐天泪子','female','栅川中学一年级，初春饰利的同班同学，表面上是无能力者（LV0），实质上是掀裙能力（underwear-peeking)LV5的超能力者。留着长发及肩的黑发，发饰是樱花。以掀裙子代替打招呼，并且每天都这样对待初春。拥有天真烂漫、充满幻想的性格。对于初春的内裤有着强烈的憧憬，也对掀裙子能力没有进步的事比较烦恼，所以对于“幻想御手（LEVELUPPER,可以使能力升级)”很有兴趣。<br />\r\n<br />\r\n后宫有：正妻初春，爱人1号炮姐，3P希望潜在者白井读作变态。',NULL,'伊藤かな恵'),(31,'食蜂操祈','female','主要在《科学超电磁炮》中登场，在小说《新约》第六集第一次登场。刚登场时便操控大量人士追逐美琴。<br />\r\n有着一头漂亮的金发且身材很好，眼睛有闪亮的色泽，是学园都市的七名等级五超能力者中，排名第五的精神系超能力者，即史上最强“心理掌握”（Mental Out）：记忆改写、读心能力、人格洗脑、心电感应、回忆消去、意志增幅、思考再现、感情移植、精神控制，甚至可以同时对多数人发动能力。美琴曰：能将各种精神现象都可以一手包办、如同瑞士刀一样的万能超能力者。<br />\r\n其隶属于常盘台初中最大派阀，是君临常盘台的女王大人。个性腹黑，有对部下使用能力恶作剧的行为，平时常背着一个女性包包，内有着一个用来做为能力施放媒介的遥控器，曾对美琴提出不可威胁自己地位的警告。<br />\r\n在大霸星祭中遇见御坂美琴和上条当麻时，还没让御坂美琴介绍上条当麻时就轻松叫出“上条同学”并开始跟当麻卿卿我我，当下令美琴非常生气放出电击攻击当麻。似乎认识上条当麻的样子。<br />\r\n木原事件和美琴合作，意外是一个不善运动角色。在回忆中曾经参与研究计划，和美琴的疑似复制体如同朋友，由于该复制体的死亡和对自己的能力被研究者所利用，所以由此产生了对周围人们的不信任。后来通过对研究计划的研究人员洗脑逃出，并进入常盘台就读。<br />\r\n在新约七为了追着从“学舍之园”中冲出的当麻，因此一路来到了“博览百科”，最后与除了第二位以外的所有Level5一起对抗“人力资源”计划中的英雄们。',NULL,'浅倉杏美'),(33,'樱坂雫','female','みなさん、こんにちは。桜坂しずくです。<br />\r\n私はお芝居をすることが大好きで、学校では演劇部に所属しています。<br />\r\n衣装とかも自分たちで作って、定期的に公演もしてるんですよ。<br />\r\nそれから、演劇の役に立つかもと思ってスクールアイドルの活動も行なっていたのですが、<br />\r\n今回、尊敬する先輩に、<br />\r\n『スクールアイドルとして、もうひとつ上のステージを目指してみようよ』<br />\r\nと誘われて、私、気づいたんです。<br />\r\n演劇もスクールアイドルも、観に来てくれた人を楽しませて、感動させて、<br />\r\nそして笑顔になってもらう為の表現の場、一緒なんだってことに。<br />\r\nだから、もっと積極的にスクールアイドル活動に挑戦してみようと思いました！<br />\r\n演劇部で鍛えた表現力を武器に、皆さんを笑顔にできるよう精進していきます。<br />\r\nまだまだ不束者な私ですが、私の精一杯の表現を観に来てくれたら嬉しいです！<br />\r\nよろしくお願いします！<br />\r\n<br />\r\nKlab旗下的手机音乐节奏社交卡牌游戏《LoveLive! 学园偶像祭》登场人物，从青蓝高校转入音乃木坂。<br />\r\n演剧部部员，认为通过参加校园偶像活动能够为表演提供参考。<br />\r\n<br />\r\n2014年4月举办的第1次转学生总选举排名第3；<br />\r\n2015年6月举办的第2次转学生总选举排名第6；<br />\r\n2017年1月举办的第3次转学生总选举排名第2。<br />\r\n<br />\r\n2017年5月18日，与原有N卡近江彼方、艾玛和六名新角色一起被公布为学园偶像祭新企划Perfect Dream Project的成员之一。','2000-04-03','前田佳織里'),(34,'近江彼方','female','みなさん、おはよ～ございます……彼方ちゃんだよ～。<br />\r\nふふ、今日の彼方ちゃん、前例がないほどやる気に満ちてる……。<br />\r\nスクールアイドル活動で一番を取って、大好きな妹の遥ちゃんに褒めてもらう……<br />\r\nそして尊敬されるの……。<br />\r\nだから、自己ＰＲの文章、ちゃんと考えてきた……それを読み上げれば……<br />\r\n間違いなく……彼方ちゃん優勝………………ｚｚｚ<br />\r\n…………………………はっ。<br />\r\nね、寝てないよ……でも、やっぱ方向転換する……。<br />\r\nこれから彼方ちゃんの一番の魅力……寝顔を特別に見放題にします……。<br />\r\nだから、応援、よろしくね………………ｚｚｚ<br />\r\n<br />\r\nKlab旗下的手机音乐节奏社交卡牌游戏《LoveLive! 学园偶像祭》登场人物，东云学院所属，近江遥的姐姐。<br />\r\n<br />\r\n2014年4月举办的第1次转学生总选举排名第4；<br />\r\n2015年6月举办的第2次转学生总选举排名第4；<br />\r\n2017年1月举办的第3次转学生总选举排名第2。<br />\r\n<br />\r\n2017年5月18日，与原有N卡樱坂雫、艾玛和六名新角色一起被公布为学园偶像祭新企划Perfect Dream Project的成员之一。','2000-12-16','鬼頭明里'),(35,'艾玛·维尔德','female','Klab旗下的手机音乐节奏社交卡牌游戏《LoveLive!学园偶像祭》登场人物。<br />\r\n2015年6月举办的第2次转学生总选举排名第7；<br />\r\n2017年1月举办的第3次转学生总选举排名第1。<br />\r\n<br />\r\n2017年5月18日，与原有N卡樱坂雫、近江彼方和六名新角色一起被公布为学园偶像祭新企划Perfect Dream Project的成员之一。<br />\r\n<br />\r\nこんにちは、エマです。自然溢れるスイスからやってきましたっ。<br />\r\nだから、山とか森とか自然のものが大好き。時間のある時は森林浴とか、川遊びとか<br />\r\nに出掛けたりしますっ。あと好きなものは――あっ、パンの耳も大好き！<br />\r\n日本のパンの耳、ふかふかでとってもボ～ノ♪<br />\r\n一口食べると心ウキウキするの！<br />\r\nスクールアイドルも一緒で、見ているだけでも心がウキウキしてくるよね？<br />\r\nそれが、私がスクールアイドル活動を始めてみようと思った理由です。<br />\r\n私を見て、たくさんの人がウキウキして笑顔になってくれたら、なによりも幸せです！<br />\r\nみんな、私と一緒に楽しんでくださいね！','2000-02-05','指出毬亜'),(36,'上原步梦','female','みなさん、はじめまして。上原歩夢です。<br />\r\nえっと、こんな風にみんなにメッセージを届けるなんて初めてのことだから、<br />\r\n緊張で胸がすっごいドキドキしています。<br />\r\nでも、スクールアイドルになることは、大切なお友達と見つけた一緒に叶えたい夢なので、<br />\r\n自分の名前のとおり、夢に向かって一歩一歩、頑張って歩いていきたいと思います！<br />\r\n歌も踊りもまだまだ未熟ですし、見た目も……多分、普通？　ですけど、<br />\r\nえっと、その、努力をすることだけは得意なので応援してくださいっ！<br />\r\nよろしくおねがいしますっ！<br />\r\n<br />\r\n上原歩夢はPDPのプロジェクトメンバー及びスクフェス発の新スクールアイドルのメンバーである。 <br />\r\n立ち位置や学年から、おそらく新スクールアイドルのセンター・主人公だと推測される。','2000-03-01','大西亜玖璃'),(37,'中须霞','female','こーんにっちわー！　みんなのアイドルかすみんだよー！<br />\r\n日本一のスクールアイドルを目指して、毎日、歌やダンスのレッスンをがんばってます！<br />\r\nもちろん、もっともーっと可愛くなるための秘密の努力もしてますよー。<br />\r\nあとはー、ライバルたちに送り付ける怪文書とかぁ、<br />\r\nライバルの靴にこっそり入れるコッペパンとかの準備も滞りなく――<br />\r\nって、わわ、これは内緒でしたっ！<br />\r\nこ、こほん！　と、とにかく、かすみんのこと、みんな応援してね！<br />\r\n<br />\r\n中須かすみとはPDPのプロジェクトメンバー及びスクフェス発の新スクールアイドルのメンバーである。','2000-01-23','相良茉優'),(38,'朝香果林','female','ハーイ！　朝香果林よ。よろしくね♪<br />\r\nねぇ、キミはどんなスクールアイドルが好き？　どんなライブが見たい？<br />\r\n元気いっぱい系？　それとも、とってもキュートな？　もしくはクールでカッコいいとか？<br />\r\nそれもいいけど、私がキミに見せてあげたいのはね……<br />\r\n私にしかできない、と～っても刺激的なライブよ。<br />\r\nどんな風に刺激的なのかって？<br />\r\nそ・れ・は、私のこの身体を見ればわかるでしょ？　うふふ。<br />\r\n私が自信を持ってアピールできるこの身体をつかって、セクシーで、情熱的で、夢のような、<br />\r\nそんな大人のライブでみんなのこと興奮させてあげる♪<br />\r\n絶対に後悔はさせないから、私のこと熱く熱く応援してくれると嬉しいわ。<br />\r\nみんなからの情熱的な声援、待ってるわね。うふふ♪<br />\r\n<br />\r\n朝香果林とはPDPのプロジェクトメンバー及びスクフェス発の新スクールアイドルのメンバーである。','2000-06-29','久保田未夢'),(39,'宫下爱','female','ちっすー。アタシは宮下愛。<br />\r\n学校の友達に誘われて、スクールアイドルはじめちゃいました！<br />\r\nみんなーよろしくねっ、愛してるよっ！　愛だけにっ！<br />\r\nってことで、ここからは愛さんお得意のダジャレ１００連発の時間が始ま――<br />\r\nえ、始まらない？<br />\r\n……あ、うん、ごめん。まじめにね、まじめに。<br />\r\nえっと、こう見えて、愛さん結構なんでも出来ちゃう優等生なんだケドさ。<br />\r\n見えない？　いやいやいや、ホントだって！　勉強も運動もナカナカのモンだし、オシャレだってさ……見て見て？<br />\r\nで、そんな愛さんに、さっきの友達が、<br />\r\n『スクールアイドルの世界は愛が今まで見てきたものとは全然違って見えると思うよ。<br />\r\nだから、挑戦してみない？』とか言ってさ。もうね、愛さんテンアゲ！<br />\r\nそんなこと言われたら愛さん燃えちゃうほうなんだよね。<br />\r\nだから！　スクールアイドルの世界でナンバーワンを目指すことにしました！<br />\r\n愛さんの見たことのない世界、見てみたいっ！<br />\r\nそんでみんなにもそーゆー景色見せたげたいっ！<br />\r\nだから、アタシと一緒にノリノリでいこーね！','2000-05-30','村上奈津実'),(40,'优木雪菜','female','みんな、元気ーっ？　優木せつ菜ですっ！<br />\r\n私ね、実は大きな野望があるんですっ！　<br />\r\nちょっと恥ずかしいけど勇気を出して言いますね。<br />\r\nそれは『大好き』を世界中に溢れさせちゃうスクールアイドルになることなんですっ！<br />\r\n今の世の中、好きなことを素直に好きって言うの、ちょっと難しいじゃないですか。<br />\r\n恥ずかしかったり、誰かにバカにされちゃったり、色んな事情があったり。<br />\r\nでもね、スクールアイドルの世界ってそんなことなくて、やってる人も、応援してる人も、みんなスクールアイドルが大好きで、素直に大好きって言えちゃう。<br />\r\nキラキラしてて、楽しくて、とっても優しい世界。<br />\r\nだって、ここには大好きが溢れてるから。<br />\r\nそんな、誰もが大好きを言えちゃう世界を、私はもっともっと広げていきたいんですっ！<br />\r\n果てしない夢かもしれないけど、みんなとならいつか実現できると信じてます。<br />\r\n私と一緒に大好きがいっぱいの世界を作っちゃいましょう！　よろしくお願いします！','2000-08-08','楠木ともり'),(41,'天王寺璃奈','female','私、天王寺璃奈。<br />\r\nとってもきゅーとな女の子。ホントだよ？<br />\r\nでも、感情をカオに出すの、かなり苦手だから、いつも無愛想な女の子に思われるの。<br />\r\nそこで私は考えた。感情をみんなに伝えるための秘密アイテム。<br />\r\nその名も『璃奈ちゃんボード』。<br />\r\nこのボートにカオを書いて、私の気持ちを伝えるの。<br />\r\nうん、これで完璧。ライブでもみんなと同じ気持ちを共有できるはず。<br />\r\nえ？　私の素顔が見たい？<br />\r\nう～、じゃあ、みんながいっぱい応援してくれたら、素顔になる。<br />\r\nその時は、頑張って笑顔を見せるから、ちょっと変でも許してくれると嬉しいの<br />\r\n<br />\r\n　｢ラブライブ!｣のスマートフォンゲーム｢ラブライブ! スクールアイドルフェスティバル｣の新プロジェクト｢ラブライブ! スクールアイドルフェスティバル PERFECT Dream Project｣(以下｢PDP｣)より登場したキャラクター｡ <br />\r\n　これまでも多数の個性的なキャラクターが存在する通称｢モブライブ!｣だが､彼女の最たる特徴は､｢表情を描いた紙で顔を隠している｣点で､すなわち｢彼女の素顔が一切不明｣ということである｡この点で､｢PDP｣メンバー続報時に登場してから大きな話題となっている｡ <br />\r\n　他作品でも､半分だけ隠れているアイドルはいたものの､顔が完全に隠れているアイドルは異例中の異例である｡ <br />\r\n　顔で全て持って行かれている感が否めないが､身長､バスト共に｢PDP｣どころか､μ\'sやAqoursを含めても最小である(またお向かいで同い年のこの人よりも小さい)｡ <br />\r\n　彼女の素顔はもちろんのこと､どのようにして表情を変えるのか､ステージに立つときはどのように顔を隠すのか､続報が待たれる(2017年5月22日現在､上記のプロフィールが公開されているのみ)｡ <br />\r\n　pixivでは案の定(?)､素顔の予想大会が始まっている｡','2000-11-13','田中ちえ美'),(42,'高咲侑','female','テレビアニメの主人公。<br />\r\n高校2年生。アニメにおいての「あなた」。上原歩夢の幼馴染でありスクールアイドルが大好きであるが、彼女自身はスクールアイドルではなく裏方に徹している。',NULL,'矢野妃菜喜'),(45,'日向梦','female','初中一年级生，动画版的人类主角。性格开朗。打算加入啦啦队部。养有叫「小Q」（きゅうちゃん）（配音：泊明日菜（日本））的小狗。偶然拾到从天上掉下来的梦梦猫，成为她的搭档，并开始与她一同收集梦梦宝石（ドリーミーストーン）。','2000-08-16','村上奈津実'),(46,'月岛舞良','female','梦的同学，初中一年级生。人气青年时尚杂志的模特儿，但其实喜欢搞笑，希望将来成为搞笑艺人。佩可的搭档。','2000-10-18','伊藤彩沙'),(47,'今井琴子','female','初中三年级生，小梦的学姐。成绩排全校第一，担任电脑社的社长。很会照顾人，是小梦和舞良姐姐般的存在。小舒的搭档。<br />\r\n<br />\r\n中学3年生で、ゆめの先輩。成績は学園1位で、パソコン部の部長。面倒見が良くて、ゆめとまいらの姉役。すうのパートナー。','2000-03-12','幸村恵理'),(49,'菜月昴','male','無知無能にして無力無謀と四拍子欠けた主人公。突如として異世界に召喚され、訳の分からない状況に翻弄される。物怖じしない性質と持ち前の図々しさで、逆境に弱音を吐きつつも過酷な運命に立ち向かっていく。<br />\r\n<br />\r\n誕生日は四月一日。誕生花は「カスミソウ」で、花言葉は「清らかな心」です。','2000-04-01','小林裕介'),(50,'鼓田美奈玲','female','本作の主人公。VOYAGERの従業員。麻藤との出会いを機にラジオ業界へ足を踏み入れ、MRSで自身の冠番組を持つ。<br />\r\n裏表がなく、サバサバとした性格の持ち主。行き当たりばったりなところもあるが、一方でアドリブ力は高い。',NULL,'杉山里穂'),(52,'宫藤芳佳','female','隶属扶桑皇国海军遣欧舰队第24航空战队288航空队，军衔为军曹（OVA版为上等飞行兵曹，剧场版为少尉）。<br />\r\n动画版主角。具有强大潜力而被坂本美绪相中的新人，为拥有治疗魔法、实战经验为零的乡下小女孩。个性开朗，富有亲和力，与谁都能迅速成为朋友。凡事积极奋力，相信只要努力就能解决一切困难。直线性的思考常常会因此忽略周遭事物，也曾因此在战斗中遭遇危险。<br />\r\n擅长料理（只限于日式料理），但比起味觉上的享受，更重视营养与健康方面。相当在意自己的胸部大小，对于莉涅特和夏洛特的伟大胸围，似乎抱持着“想揉揉看”之类不太纯洁的念头。<br />\r\n<br />\r\n飞行脚机型A6M3a零式舰上战斗脚22型甲，第二季换为震电，武器为99式2号2型改13mm机关枪、Mauser Schnellfeuer M712冲锋手枪。使魔是豆柴“九字兼定”。<br />\r\n固有魔法是治疗术，并且拥有现役魔女群中最强的魔力。<br />\r\n<br />\r\n原型：大日本帝国海军航空队飞行员，通称“空中的宫本武藏”的武藤金义，拥有击坠数28的战绩。1945年7月24日于丰后水道上空空战中失踪。',NULL,'福圓美里'),(53,'坂本美绪','female',NULL,NULL,'千葉紗子'),(54,'莉涅特·毕晓普','female','年龄15岁，身高156厘米，生日6月11日，通称“莉涅”。<br />\r\n&nbsp; &nbsp; 隶属不列颠尼亚空军610战斗机中队，军衔军曹（第一季）→曹长（第二季）。<br />\r\n&nbsp; &nbsp; 第一季时飞行脚机型Spitfire MK. IX，第二季升级为喷火式MK22，武器为Boys Mk-I反坦克来福枪、Bren Mk-I轻机枪。使魔是苏格兰折耳猫。穿着白色低腰裤。<br />\r\n&nbsp; &nbsp; 战斗时担任远距离精准打击。<br />\r\n&nbsp; &nbsp; 与芳佳同时期入队的新人。生长在拥有八位姊妹的大家族，身为最中间的孩子，为人相当体贴，擅长料理、裁缝、编织等家事。维持和缓步调，随时为同伴们付出关怀。可惜生性迷糊，很容易弄巧成拙。<br />\r\n&nbsp; &nbsp; 长距离射击的成绩相当优秀，魔法提升视力后，可以在无狙击镜的情况下，命中一公里外的标靶，名符其实的狙击手角色。固有魔法是在子弹上注入魔力，大幅提升威力、贯穿力以及有效射程。入队的心愿是守护祖国不列颠尼亚，却因这样的使命感而备受压力，实战表现往往不如训练时理想。最初对才能优秀的芳佳保持距离，两人在训练与战斗过程中逐渐了解彼此，因而成为摰友。<br />\r\n&nbsp; &nbsp; 胸部仅次于夏洛特，是联合团中第二大，但本人倒是相当不愿提及此类话题，对外宣称的胸围尺寸也明显小于实际值。<br />\r\n&nbsp; &nbsp; 角色原型仍有许多争议。虽然与长姊威玛·毕晓普一同被认为和第一次世界大战的王牌飞行员比利·毕晓普（Billy Bishop）有关，然而官方并未对此提出明确说明。',NULL,'名塚佳織'),(61,'鲁迪乌斯·格雷拉特','male','交通事故死した34歳無職童貞引きこもりニートの男が異世界で転生した姿。<br />\r\n前世の後悔や経験を糧に「今度こそ本気で生きる」ことを決意し、幼少期から魔術を学ぶなど人として成長していく。<br />\r\n母ゼニスを探す中で冒険者“泥沼”として名を馳せ、ラノア魔法大学へ入学。姿を偽っていた幼馴染のシルフィエットと再会、そして惹かれあい彼女と結婚、子供を授かる。<br />\r\nそんな中、ゼニスの危機を知り、救出のためベガリット大陸の迷宮都市ラパンへ向かう。',NULL,'下野紘'),(62,'希露菲叶特·格雷拉特','female','ブエナ村出身、エルフの耳のボクっ子幼馴染。<br />\r\n幼少期にルーデウスから魔術を習い、彼と同様に無詠唱魔術の使い手。<br />\r\nアスラ王国の第二王女・アリエルに仕える守護術師であり、姿を男性と偽りラノア魔法大学に留学。幼少期より好意を抱いていたルーデウスと再会し結ばれる。',NULL,'茅野愛衣'),(63,'艾莉丝·格雷拉特','female','アスラ王国の上級貴族ボレアス・グレイラット家の令嬢。ウェーブのかかった真紅の髪が特徴。<br />\r\n狂犬と称されるほどの凶暴な性格で、剣術の高い才能がある。',NULL,'加隈亜衣'),(64,'洛琪希·米格路迪亚·格雷拉特','female','魔族「ミグルド族」の水王級魔術師。<br />\r\n長命なミグルド族で、見た目はジト目に青髪の美少女だが、成人。ルディの魔法の家庭教師としてグレイラット家に招かれ、ルーデウスの師匠となった。<br />\r\nフィットア領転移事件を受けて、パウロと共にベガリット大陸でいまだ行方不明のゼニスの捜索を続けている。',NULL,'広橋涼'),(65,'各务原抚子','female','リンとの湖畔での出会いからキャンプに惹かれ、<br />\r\n高校で野クルに入部する。<br />\r\nいつも明るくて前向きで、楽しいことが大好き。<br />\r\n美人のお姉さんがいる。','2000-03-04','花守ゆみり'),(66,'志摩凛','female','お爺ちゃんの影響でキャンプを始めたソロキャンパー。<br />\r\nなでしこと出会って初めて、誰かとのキャンプを経験する。<br />\r\n野クルには所属していないが、<br />\r\nなでしこのことはちょっと気にかけている。<br />\r\n<br />\r\n<br />\r\n名古屋の出版社で編集者として働く。<br />\r\n営業を経て最近編集部に異動し、タウン情報誌を作っているが自分の企画はまだ通せていない。<br />\r\n休日はバイクでツーリングに行くのが息抜き。','2000-10-01','東山奈央'),(67,'大垣千明','female','キャンプ場所、道具えらび、<br />\r\n真っ先に楽しいことを持ってくる明るい行動派。<br />\r\n賑やかで快活な性格だが、涙もろく人情味あふれる一面も。<br />\r\n「キャンプがしたい！」と、あおいと一緒に野クルを結成した。','2000-08-31','原紗友里'),(68,'犬山葵','female','関西なまりで話すおっとり系。<br />\r\n猪突猛進な野クルメンバーの中で、<br />\r\n肝心な時にみんなを気づかう陰のリーダー的存在。<br />\r\n千明からはイヌ子と呼ばれている。','2000-03-04','豊崎愛生'),(69,'齐藤惠那','female','リンの友達。マイペースな自由人。<br />\r\n野クルの部員ではないが、野クルの活動にちょくちょく興味を示す。<br />\r\n人づきあいが苦手なリンにさりげないアドバイスをすることも。<br />\r\n飼い犬の名前は「ちくわ」。','2000-09-01','高橋李依'),(70,'宫内莲华','female','『のんのんびより』の作中で旭丘分校に通う小学1年生。<br />\r\n宮内家の三女で教師の宮内一穂の妹。<br />\r\n周囲からのあだ名は「れんちょん」。<br />\r\n薄い色の紫髪をツインテールにしており、小鞠と同じように頭に双葉のようなアホ毛があるが、彼女のそれは毛と言うよりは房レベルの巨大なもので、遠目に見ると頭から噴水が出ているようにすら見える。目は赤色。<br />\r\n身長は139cmで、2012年の小5女子（身体測定を行うのは4月）の平均身長とほぼ同じで、同じ1年生の女子の平均身長と比べると20cm以上高い。<br />\r\nただし、アニメでは140cm未満とされる小鞠よりも明らかに背が低く描写されている。<br />\r\nもっとも、身長139cmという情報の出所は原作5巻に収録の初期設定集であり、そこにはれんげがもともと小学4年生だったとも記してあるので、身長139cmはあくまでも初期設定段階のものなのかもしれない。<br />\r\n<br />\r\n話す時、語尾に「のん」「○○なのん」「○○なんな～?」という語尾を多用するのが口癖(小鞠の描写からこの地方の訛りの模様)。<br />\r\n挨拶代わりに発する「にゃんぱすー」など、意味不明な発言が多い。ほかにも飼っているタヌキに「具」という名前をつけるなどの独特のセンス、冷めた顔で「ホント笑わせてくれる…」など小学1年生らしからぬ発言をする、歳の割にやたら力が強いなどシュール要素満載な子。いつも半目に三角口で、無表情だが好奇心は旺盛。両手を上げる癖がある。<br />\r\n<br />\r\n絵を描くのが上手く、この歳にして前衛的なイラストを描き、コンクールで表彰された経験がある。また成績も優秀でオール5をとったこともある。<br />\r\nピーマンが大の苦手。<br />\r\nツインテールを止めているリボンは姉・ひかげのお下がりで、赤ん坊の頃世話をしていた加賀山楓に付けてもらって以来未だに使い続けている。<br />\r\n誕生日は12月3日で血液型はB型。<br />\r\n<br />\r\nアニメでの声優は小岩井ことり。<br />\r\n<br />\r\n旭丘分校で最年少の小学1年生。12月3日生まれ。語尾に「～のん」をつけるのが口癖。独特の感性の持ち主で、次々と迷言を生み出す。<br />\r\nあだ名はれんちょん。「にゃんぱすー」と独特の挨拶をする。ペットに狸を飼っており、名前は「具」。','2000-12-03','小岩井ことり'),(71,'一条萤','female','小学5年生。5月28日生まれ。両親の仕事の都合により東京から引っ越してきた。小学生とは思えないほどに発育が良い美少女で、たびたび大人扱いされるようである。先輩である小鞠のことを愛おしく思っている。<br />\r\n裁縫が得意で部屋には大量の小鞠人形が存在している。小鞠と2人で遊ぶとき、私服にメガネで登場すると最後まで本人と気付いてもらえなかった。<br />\r\n普段は大人びて落ち着いた雰囲気をまとっているが、れんげとウサギ小屋に閉じ込められた時は泣いて助けを求める子供っぽい一面ももつ。<br />\r\nまた親戚が蛍の家の近くに住んでおり、引っ越してくる前にも夏海たちが住んでいる場所に何回か来たことがある。<br />\r\nあだ名はほたるん。','2000-05-28','村川梨衣'),(72,'越谷夏海','female','中学1年生。小鞠の妹。血液型はA型。1月24日生まれ。明るい性格でムードメーカー。人をからかうのが好きで、特に小鞠をからかうことが多い。<br />\r\n幼少の頃からイタズラばかりしており、母には頭が上がらない。あだ名はなっつん。<br />\r\n勉強は得意な方ではないが、なにかと幅広い知識を持っている。','2000-01-24','佐倉綾音'),(73,'越谷小鞠','female','中学2年生。夏海の姉。血液型はAB型。9月14日生まれ。身長が140cmに満たないことを気にしている。大人に対する憧れが強く、何かにつけて大人ぶろうとするが、<br />\r\n実際には怖いものが苦手であるなど幼い面が多い。あだ名はコマちゃん。由来は名前ではなく細いからである。みんなで海に行った時には、迷子の子供と間違われて連れて行かれてしまった。','2000-09-14','阿澄佳奈'),(76,'鲁迪乌斯·格雷拉特','male','交通事故死した34歳無職童貞引きこもりニートの男が異世界で転生した姿。<br />\r\n前世の後悔や経験を糧に「今度こそ本気で生きる」ことを決意し、幼少期から魔術を学ぶなど人として成長していく。<br />\r\n母ゼニスを探す中で冒険者“泥沼”として名を馳せ、ラノア魔法大学へ入学。姿を偽っていた幼馴染のシルフィエットと再会、そして惹かれあい彼女と結婚、子供を授かる。<br />\r\nそんな中、ゼニスの危機を知り、救出のためベガリット大陸の迷宮都市ラパンへ向かう。',NULL,'下野紘'),(77,'空闲游真','male','近界民（ネイバー）の少年。ボーダー三雲隊のC級アタッカー。15歳（中学生）。<br />\r\n身長141cm。好きな物は日本の食べ物。','2000-07-18','村中知'),(78,'三云修','male','三雲隊隊長。ボーダーC級（ポジション不明）→B級シューター。遊真の同級生。眼鏡をかけた黒髪の少年。15歳（中学生）。左利き。<br />\r\n5月25日生まれ。身長168cm。A型。うさぎ座。好きな物は親の手料理・橋。','2000-05-25','梶裕貴'),(79,'雨取千佳','female','ボーダー三雲隊のC級スナイパー。修の後輩の女子中学生。13歳。<br />\r\nアホ毛が特徴的。背は低く、遊真と同じくらいの身長。おとなしく、控えめな性格。','2000-02-11','田村奈央'),(80,'休斯','male','アフトクラトル出身の近界民。故郷へ帰還するため、玉狛第２に加入し、遠征部隊入りを目指す。ボーダー内で身元を隠すため、玉狛のミカエル・クロ―ニンの親戚ということになった。','2000-06-12','島﨑信長'),(82,'巽幸太郎','male','神秘的偶像经纪人。<br />\r\n肩上批着黑夹克，红色背心的口袋总是插着小岛食品工业的鱿鱼丝。墨镜无论何时都不会摘下来。做事如旁若无人般的脱离常识，将传说（？）的7人复活为僵尸的罪魁祸首，策划着僵尸偶像拯救佐贺的“僵尸乐园偶像计划”。还未有人知晓其计划的全貌。',NULL,'宮野真守'),(83,'源樱','female','长发上佩戴着水珠花纹绸带是其魅力点的僵尸1号。<br />\r\n7个人中最先受刺激醒来的僵尸。不知为何她忘记了生前记忆而醒来。常常容易被周围的传说僵尸们折腾，也经常当吐槽角色。顺带一提，她的使用语言是唐津方言。是个非常可爱的方言女孩。',NULL,'本渡楓'),(84,'二阶堂咲','female','金发马尾，闪着锐利眼神的僵尸2号。<br />\r\n20世纪末，完成了九州制霸的传说暴走族集团“怒罗美”的特攻队长。“杀了你哦”是她的口癖，常找茬和威胁别人，自己和他人都承认是个不良，不过只要别人有骨气她就会视为死党。<br />\r\n生前十分沉迷“拓麻歌子”。',NULL,'田野アサミ'),(85,'水野爱','female','黑色短发上戴着黄色花瓣发饰的僵尸3号。<br />\r\n在2000年以后的偶像战国时代中人气绝顶的偶像组合中无法撼动的中心。虽然擅长唱歌，但本人对跳舞更有自信。性格要强，毫不掩饰自己的心里话。对于幸太郎的计划，感到十分怀疑。<br />\r\n顺带一提，一变成偶像模式，头上的花就会变多。<br />\r\n害怕打雷。',NULL,'種田梨沙'),(86,'绀野纯子','female','有着通透肌肤、忧郁表情的美人僵尸4号。<br />\r\n1980年偶像热潮的红人，风靡一世的传说偶像。性格保守且自虐，对于“偶像”抱有强烈的信念，在7人当中歌唱力最强的。反而跳舞却有点不擅长。<br />\r\n经常被多惠咬，总是在四处逃跑。',NULL,'河瀬茉希'),(93,'渡边更纱','female','紅華歌劇音楽学校 予科生。<br />\r\n178cmの長身としなやかな手足、かがやく瞳を持つ少女。<br />\r\n天真爛漫でどんなことにも物怖じしない性格。<br />\r\n幼い頃に祖母の影響で紅華歌劇団の「ベルサイユのばら」を鑑賞し、<br />\r\n“オスカル様”を目指すようになる。<br />\r\n音楽学校合格時は中学3年生。','2000-07-01','千本木彩花'),(94,'奈良田爱','female','紅華歌劇音楽学校 予科生。<br />\r\n国民的アイドルグループ・JPX48のメンバーだったが、男性嫌いが理由でトラブルを起こして強制卒業。<br />\r\n男性のいない世界を求めて紅華に入学した。<br />\r\n整った容姿で周囲を惹き付けるが、紅華自体にあまり関心はない。<br />\r\n音楽学校合格時は高校1年生。','2000-11-14','花守ゆみり'),(96,'失马','male',NULL,'2000-05-01','濱野大輝'),(97,'麻中蓬','male',NULL,NULL,'榎木淳弥'),(98,'南梦芽','female',NULL,NULL,'若山詩音'),(99,'山中历','male',NULL,NULL,'梅原裕一郎'),(100,'飞鸟川千濑','female',NULL,NULL,'安済知佳'),(101,'瑞克·桑切斯','male','Morty的外公，拥有突破天际的智商，有酗酒的恶习，几乎酒不离身，性情冷漠且自傲，几乎每句话都带脏字。<br />\r\n虽然Rick像个高智商人渣，但据他的外星朋友说他只是太过痛苦需要发泄而已，而且事实证明Rick其实是很爱自己的亲人的。<br />\r\n是本剧的主角（虽然片名是Rick和Morty，但经常是Rick在主导一切）。离开女儿消失了20年之后又回归，总是拖着外孙Morty当他的副手，在外星进行各种各样奇异的冒险。',NULL,'多田野曜平'),(102,'莫蒂·史密斯','male','Rick的外孙，14岁青少年，智商不高（在第一季第10集中Rick说Morty的脑电波与自己的天才脑电波相互抵销，所以能作为人形盾牌来隐藏自己），善良又容易痛苦，经常由于Rick的行为卷入各种危机中而烦恼痛苦不已，特别是第一季第6集最终的事件发展给他埋下了巨大的心理阴影，其实是个很倒霉的存在（第一季第10集中说每年都有上百个平行时空中的Morty死亡）。<br />\r\n虽然基本每个平行时空的Morty都很平凡而且智商不高，但相比于其它时空的Morty，C-137的主角Morty更勇敢和负有反抗精神一些，而且Morty有的时候也会表现出非常机智的一面。',NULL,'Harry Belden'),(103,'贝丝·史密斯','female',NULL,NULL,'Sarah Chalke'),(108,'影山茂夫','male','本作主角，14岁，就读盐中学二年一班。因存在感薄弱被周遭人称为“龙套（路人）”。特征是锅盖头。不擅感受周遭气氛。个性温和，纯真热心，情感不丰，时常面无表情。是个强大的超能力者，认为超能力不是生活的必需品所以平常并不使用。为了不让超能力失控压抑著情感，每当累积的数值到达100时就会爆发。放学后会去灵幻的灵能相谈所打工，时薪300日圆。相当敬爱师父灵幻，宝贵的假日也是灵幻一通电话随传随到，虽然口头上抱怨，还是会乖乖随灵幻使唤。佩服聪明能干的弟弟影山律，是个能为了替弟弟道歉而下跪的好哥哥。爱慕著青梅竹马小蕾，为了得到小蕾欣赏加入肉体改造社。起初并不信任小酒窝，在日积月累的相处后一人一灵似乎真的成了好搭档。在与花泽打斗后成为盐中学的里番长。','2000-05-12','伊藤節生'),(109,'灵幻新隆','male','龙套的师父，28岁。以灵能力者自称，经营著灵能相谈所的独立灵能执业者。收费相对同行十分便宜。一直以来生计都十分勉强，在架设了相谈所官网后客人有渐多的趋势。擅长各种诈欺手法，话术亦十分高竿。自称少林拳法绿带，体术颇佳，但体能似乎有待加强。相当害怕蟑螂。喜欢狗。会用各种技能解决委托人的问题，若解决不了，则会叫龙套来处理。虽然是诈欺师一名，但对龙套的内心问题会认真解惑，也会主动察觉龙套的心结，可说是龙套的人生导师。','2000-10-10','櫻井孝宏'),(110,'小酒窝','male','上级恶灵。以龙套搭档自称。特征是双颊的红晕。阴险狡诈。为了成为神受世人崇拜建立了宗教（笑）（括弧笑），后被龙套击溃，力量大不如前。认为强大的龙套是助自己成为神的绝佳跳板，目前为了利用龙套的力量而跟在其身边。能附身在他人身上，被附身者除了双颊多了红晕，身体的潜力还能被运用到极致，有着不能破坏宿主身体的坚持。',NULL,'大塚明夫'),(111,'影山律','male','龙套的弟弟，13岁，就读盐中学一年三班。聪明能干，读书与体育皆擅长，长相清秀，受到众多女孩的欢迎。是学生会的一员。唯一的弱项就是不会超能力，因为哥哥龙套是天生的超能力者，因此认为会超能力是“基本”的事，对自己不会超能力感到自卑，并以学会超能力为目标。相当敬爱哥哥。在学生会“大扫除”时合伙栽赃不良少年，良心压力下超能力觉醒。对灵幻十分不以为然，在爪事件后貌似有改观。','2000-07-02','入野自由'),(112,'花泽辉气','male','通称光辉。黑醋中学二年级生，14岁，天生的超能力者，也是黑醋中学的里番长。自视甚高，蔑视无超能力的“凡人”，习惯于日常生活随心所欲的中使用超能力，因此考试、体育无不在行，再加上帅气的长相，深受众人欢迎。认真战斗时有内八字站姿的习惯。被龙套打败后价值观深受影响，对超能力的认知也有所改变，待人变得较和气。与龙套打斗时因龙套手滑导致头顶秃了一大片，从此带上堪比长厨师帽的超夸张假发，直到被樱威削掉假发后才恢复正常发型。','2000-04-13','松岡禎丞'),(113,'雪村葵','female','本作主角。2月19日生，15岁。B型。高校1年的女学生。为亚麻色、长度剪到齐领的发型、平时在左眉边附近夹着黑色的发饰。于小学生时期因从马骝架掉下来而患上畏高症，所以不能乘坐吊车之类的交通工具。而从这个时候开始，开始喜欢上烹饪、裁缝、阅读等一个人的空内活动（于杂志刊登时，是因在山顶看到日出后，站在马骝架顶端模拟在山上时失足掉下来并受重伤，后在住院期间开始爱上室内活动，这个原因在单行本时作了修改。不过，动画版却与杂志刊登时的版本一样。）。性格十分害羞怕人，对同学的所有劝诱均以抵抗的理由拒绝。另一方面，好胜心却很强，因此被日向挑拨时往往正中对方下怀。经常很在意自己的“女子力”。在登山方面完全是门外汉，但是为了配合日向，懂得利用互联网来搜寻并得到相关知识，亦对此抱有兴趣。对待日向时，在重逢初时并没有良好印象，虽没表露在面上但内心却出现不断抗议的恶态，但相处一段时间后葵对别人的关心和社交性开始变得正常。<br />\r\n官网简介：<br />\r\n人付き合いが苦手でインドア派な主人公。<br />\r\nジャングルジムから落ちて以来、<br />\r\n高所恐怖症に。<br />\r\n幼馴染のひなたと再会してからは、<br />\r\n嫌々ながらも<br />\r\n少しずつ山の魅力に目ざめていく。',NULL,'井上麻里奈'),(114,'仓上日向','female','11月11日生，15岁。A型。与葵同学年兼青梅竹马的女学生。虽为短黑发，但在头部两侧绑有双马尾为一大特征。在中学时代虽与葵疏离，但在高校的偶然机会下重遇。在与葵分开后，曾有段时间没有很要好的朋友，在各自成长及重逢后，立即紧紧地黏着葵不放，不过亦巧妙地挑拨葵令其掉进自己的计划中，另一方面，对葵亦十分关心，并且拥有不害怕与别人相处的性格。因受父亲的影响非常喜欢登山，不过仍为经验与知识不足的新手。',NULL,'佐藤聡美'),(115,'斋藤枫','female','1月16日生，16岁。AB型。于第5话登场，因与葵在登山用品店相遇而认识，跟葵与日向为同高校的女学生。年龄与学年为不明。配戴眼镜及拥有一头乌黑及腰的长直发，葵形容枫为“身材高挑真是好、很潇洒”的女性。因在葵的帮助下确定了自己想购买的睡袋后，与两人就交换了电邮地址，枫亦为葵在日向以外的第一个朋友。拥有纵走等较葵与日向丰富的登山经验，在第5话葵亦与枫商量登哪一座山较好的话题。',NULL,'日笠陽子'),(116,'青羽心夏','female','8月11日生，13岁。O型。在第9话与高尾山下山途中与葵相遇。发型为带点卷的茶色长髪，于前发的一部分为绑成三节编状。虽然葵对可可奈的第一个印象为森林系女孩，实际上可可奈于早上独自前来高尾山是为了看鼯鼠。她的性格是带有一点天然呆气息。',NULL,'小倉唯'),(117,'黑崎穗香','female','目前居住在群马县高崎市。黑色短发的女孩子，兴趣是风景摄影。在谷川岳与葵认识并住在同一间山间小屋。交换了邮件后经常和葵她们一起登山。',NULL,'東山奈央'),(118,'高木同学','female','西片くんのクラスメイトの女子中学生で、西片くんの隣の席に座っている。思わせぶりな言動をすることもしばしばある。成績は良く、先生に褒められたりもする。頻繁に西片くんのことをからかっては、西片くんの反応を見て楽しんでいる。背中まで伸びたロングヘアで、髪を纏めていることはあまりない。',NULL,'高橋李依'),(119,'西片','male','本作品の主人公。本作品はおもに西片くんの視点から語られる。男子中学生で、1年2組に所属している。高木さんとはクラスメートで、席は隣同士である。頻繁に高木さんにからかわれていて、それを悔しく思っている。よく、仕返しとして高木さんのことをからかおうと試みるが、それが高木さんに通じたことはなく、逆にさらにからかわれることも多い。勉強に全く取り組まないわけではないが、成績はそれほど良くない。',NULL,'梶裕貴'),(120,'黑崎一护','male','本作の主人公。虚（ホロウ）に襲われた際にルキアから死神の力を譲り受け、以降彼女の代わりに死神の仕事をこなす。白哉に死神の力を消された後は、浦原との修行で自分自身の中にあった死神の力を手に入れた。オレンジ髪（地毛）に茶色の瞳。<br />\r\n---<br />\r\n本作品的主角。被虚袭击时接收了露琪亚的死神力量，之后代替她进行死神的工作。在白哉消灭了其死神力量后，在浦原的修行下获得了自己本身的死神力量。橙色的头发，茶色的眼睛。','2000-07-15','森田成一'),(121,'朽木露琪亚','female','本作の準主人公。護廷十三隊の十三番隊に所属し、現世・空座町を管轄していた女死神。死神の力が戻るまでの間は一護をサポートし、死神の力が戻った後も一護達と共に戦う。死神代行消失篇から副隊長に昇進した。<br />\r\n---<br />\r\n百余年前还在襁褓中时，与姊姊绯真在现世中死后来到尸魂界，并且被绯真丢在流魂街第七十八区“戌吊”。自幼与阿散井恋次是一同成长的伙伴，之后恋次和露琪亚为了追求更好的生活，一同进入真央灵术院就读，并在前往真央灵术院的途中结识吉良井鹤（动画版则在学院里结识对方）。未曾毕业便被贵族之家朽木氏收养，成为朽木白哉的义妹，接受精英教育并直接加入护廷十三队，之后十几年间与恋次不常有来往。<br />\r\n<br />\r\n进入朽木家后便直接加入护廷十三队的十三番队，非常敬爱时任副队长的志波海燕。在一次消灭虚的行动中，杀死与虚同化的海燕，虽然海燕断气前感谢她的作为，但还是很自责并在心中留下阴影。后来在虚圈看到假扮成海燕的破面亚罗尼洛‧艾鲁鲁耶里，战斗时有受到影响。此外，她对于当时还是护廷十三队三番队队长的市丸银感到相当畏惧。于空座町大战过后晋升为十三番队副队长。<br />\r\n<br />\r\n她是带领黑崎一护踏进死神领域的关键人物，对于一护的性格与思维，有着相当程度的影响力。','2000-01-14','折笠富美子'),(122,'石田雨龙','male','絶滅したはずの対虚退魔眷属「滅却師」（クインシー）の生き残り。一護のクラスメイトで死神代行消失篇より生徒会長を務める。弓状の武器を用い、一護達と一緒に戦う。<br />\r\n<br />\r\n一護の同級生。滅却師の数少ない末裔で、<br />\r\n亡き祖父・宗弦を師と仰ぐ一方、<br />\r\n滅却師に否定的な父・竜弦とは折り合いが悪い。<br />\r\n死神を憎んでおり一護とも敵対していたが、<br />\r\n一護との共闘を経て戦友となった。<br />\r\n---<br />\r\n黑崎一护的好友，灭却师','2000-11-06','杉山紀彰'),(123,'井上织姬','female','本作のヒロイン。一護のクラスメイトで、彼に好意を寄せている。『盾舜六花』（しゅんしゅんりっか）を呼び出して盾などを創り、それを用いて自らの意思の力でさまざまな対象を拒絶する霊能力を持つ。<br />\r\n---<br />\r\n本作女主角，黑崎一护的好友，喜欢一护','2000-09-03','松岡由貴'),(124,'茶渡泰虎','male','一護のクラスメイトで、中学生時代からの親友。渾名はチャドで、頑丈かつ屈強な大柄な体が特徴。一護や虚と関わったことがきっかけとなり右腕に宿る能力が目覚める。<br />\r\n---<br />\r\n主人公之一。黑崎一护的挚友，有印地安人的血统，拥有强大的体魄和实力，是完现术者 。平时沉默寡言，性情温和，但是为朋友可以奋不顾身。在千年血战篇中完成了浦原指导下的战斗特训，目前和一护、织姬等人亲赴灵王宫将雨龙带回。<br />\r\n<br />\r\n“Chad”这个名称的由来是身高同样190cm以上的查德·史密斯（Chad Smith）（呛辣红椒乐团成员）。','2000-04-07','安元洋貴'),(125,'纳野和','male','ミュージシャンを夢見て上京するも、実家の緑松を継ぐことを決意。<br />\r\n和菓子を愛でながら、見習いとして働く。<br />\r\nノリと勢いで乗り切るお調子者。','2000-12-15','島﨑信長'),(126,'雪平一果','female','納野家に居候をする、緑松の看板娘。<br />\r\n仕事ぶりから、和の父より正式な跡継ぎとして認められているほど。<br />\r\n突如、戻ってきた和のことをライバル視する。','2000-03-26','結木梢'),(127,'吉田优子','female','本作の主人公。15歳の9月28日生まれで桜ヶ丘高等学校の1年D組に在籍。容姿はウェーブがかった長い茶髪で小柄。普段は丁寧語で話すが、尊大で威厳あるまぞくとして振る舞おうとしている時には断定口調になる。勉強と運動は苦手で、桃いわく「おばか」。真面目な性格で努力家だが、かなりのドジで空回りしてしまうことが多い。「これで勝ったと思うなよ」という捨て台詞を多用する。趣味は古いゲームでRPGがお気に入り。<br />\r\n15歳のある朝、突然闇の一族の力に目覚めて角としっぽが生え、以降は母の清子から与えられたまぞくとしての活動名「シャドウミストレス優子」を名乗るようになるが、呼びづらいため、桃をはじめとする学校の友人や教師からはシャミ子と呼ばれている。<br />\r\n宿敵である光の一族の巫女＝魔法少女を倒す使命を帯びたことで魔法少女である千代田桃に戦いを挑むが、まぞくになったとはいえ特に強くなったわけでなく、未熟で魔力も低いため苦戦している。それから桃とはなぜか仲良くなってしまい、事あるごとに桃に助けられて借りを沢山作ってしまう関係になってしまう。第1巻の結末では桃から意図せず生き血を奪ったことで一部の呪いを解くが、その代償として町の平和を維持する活動に協力するように迫られるようになる。第3巻では自分のルーツと桃と間にあった縁故を知り、改めて桃と協力して町を守っていくことを決意する。<br />\r\n少々お金にシビアな面もあるが、人を傷つけられない程に心優しいまぞくらしからぬ性格から皆に信頼されており、桃への借りを返して立派なまぞくになれるように日々努力している。「みんなが仲良くなりますように」という根源的な願いを持つ。<br />\r\nまぞくとしては夢魔とも呼ばれる一族に属し、人や動物や無生物の無意識の精神世界に侵入して操るという能力を持つ。','2000-09-28','小原好美'),(128,'千代田桃','female','シャミ子と同じ桜ヶ丘高等学校に通う光の一族の巫女＝魔法少女。15歳の3月25日生まれでクラスは1年A組。容姿は桃色のショートヘアで、前髪にピン留めをしている。たまさくらちゃんというゆるキャラに特別な親しみを感じており、密かにグッズを買い集めている。','2000-03-25','鬼頭明里'),(134,'明日小路','female','1年3組出席番号1番。<br />\r\nとあるきっかけによりセーラー服に強い憧れを持つ少女。明るく真っ直ぐな性格で、学園生活を心から楽しみにしている。 運動神経がとても良い。','2000-04-04','村上まなつ'),(135,'网代慎平','male','本作主人公。<br />\r\n十年前双亲去世，被小舟家收养。两年前中学毕业离开了日都岛去东京学习料理。<br />\r\n是南方日鹤的书迷。','2000-05-08','花江夏樹'),(136,'小舟潮','female','小舟家的长女，金发碧眼，是慎平的青梅竹马。','2000-07-25','永瀬アンナ'),(137,'小舟澪','female','潮の実妹で、高校1年生。<br />\r\n運動が得意で水泳部に所属しており、肌は日焼けしている。<br />\r\n姉が亡くなったにも関わらず、帰ってきた慎平に対して明るく振る舞うなど、健気な一面を持つ。','2000-10-20','白砂沙帆'),(142,'夜守光','male','中学2年生。勉強もまずまずで学生生活を上手にこなしていたが、それに疲れてしまい、ただいま不登校中。そのせいか夜に眠れない日々を送っている。初めて夜に外に出た時、七草ナズナと出会う。女子はニガテだが吸血鬼になるため、ナズナに恋をしようとしている。血が最高に美味いらしい。特技は寝たふり。','2000-08-28','佐藤元'),(143,'七草荠','female','夜の住人・吸血鬼。とにかく自由奔放。ある夜、コウと出会い「今日に満足できるまで、夜ふかししてみろよ」とコウを夜に誘う。コウの血の美味さに感動して、今後もコウの血を吸うことを決める。下ネタが大好きのくせに、恋愛話にはめっぽうヨワい。すぐ照れちゃう。ビール大好き。','2000-09-23','雨宮天'),(144,'劳埃德·福杰','male','本作の主人公。東国で諜報活動を行う西国のスパイ。「黄昏」はコードネームで、本名はスパイになった時に捨てた。今回の任務では「精神科医ロイド・フォージャー」の偽装身分を用いる。<br />\r\n並外れた戦闘力・記憶力・情報処理能力を持ち、任務ごとに様々な顔と名前を使い分ける。かつては戦災孤児で、「（幼い頃の自分のような）子どもが泣かない世界」を作るためにスパイとなった。そのため普段は冷徹だが、本来は人間味溢れる性格で、偽りの家族であるヨルとアーニャへの気配りを見せる。<br />\r\nオペレーション〈梟〉のため、正体を知らないままアーニャやヨルと偽装家族を形成し、毎回予想外の行動をとる彼女たちに振り回されながらも任務をこなしていく。',NULL,'江口拓也'),(145,'约尔·福杰','female','バーリント市役所の女性職員。裏の顔は凄腕の殺し屋。27歳。<br />\r\n同じく公務員で歳の離れた弟のユーリがいる。幼い頃に両親を亡くし、弟を養うために殺し屋「いばら姫」として生活してきた。「店長」なる人物から指示を受けて暗殺を行う。黄昏をも凌ぐ高い身体能力を誇るが、性格は天然。<br />\r\n本人は無自覚だが整った容姿をした美人。同僚達から結婚の遅れを揶揄され、人間関係の問題や怪しまれることを回避するためにロイドこと黄昏と偽装結婚しアーニャの義母となる。なお、世間体のためとして黄昏に言いくるめられ、彼とは1年前に結婚したことにしている。',NULL,'早見沙織'),(146,'阿尼亚·福杰','female','とある組織の実験で偶然生み出された他人の心を読める超能力者。孤児院にいたところ、ロイドに引き取られる。超能力については周囲に秘密にしているが、ロイドがスパイであることに気づき、陰ながら彼の力になろうと奮闘している。',NULL,'種﨑敦美'),(147,'邦德·福杰','unknown','拥有预知能力的大型犬，安妮亚的宠物。<br />\r\n原本是东国某个组织“苹果计划”的第8个实验体，曾经遭到计划研究员的非人道对待。后落入由大学生组成的恐怖组织手中，被当作狗体炸弹使用。由于它看见被佛杰一家收养的未来而主动帮助安妮亚，在恐怖组织的炸弹袭击计划失败后，正式成为佛杰家的一员。',NULL,'松田健一郎'),(148,'空条徐伦','female','Part6の主人公。Part3 『スターダストクルセイダース』の主人公・空条承太郎の娘で、Part2の主人公・ジョセフ・ジョースターの曾孫。シリーズ初の女性主人公である。1992年生まれ。19歳。通称・ジョリーン。アメリカ人の母を持つ日系アメリカ人であるが、日本人の血は1/4である。ジョースター家の血統の為イギリス系アメリカ人でもあり、また曽祖母スージーQからイタリアの血も引いている。これまでのシリーズのジョースターの血統の人間と同じく背中には星型のアザがある。母親に「ジョジョ」の愛称で呼ばれるが、現在の徐倫は他の人間からそう呼ばれることを激しく嫌っている。実父承太郎の口癖「やれやれだぜ」に似た「やれやれだわ」を口癖としている。初登場も父親と同じく檻の中である。<br />\r\n徐倫の恋人であったロメオと金に価値を見出す悪徳弁護士によりひき逃げの罪を負わされる。弁護士の薦めで刑を軽くしてもらうために司法取引に応じたものの、逆に弁護士に陥れられてしまい、懲役15年の刑となりG.D.st刑務所に入れられる。スタンド能力は生まれつきではなく、承太郎から送られた「スタンドの矢の欠片」によってスタンド能力に目覚めた。実はひき逃げの罪は、父の承太郎を呼び寄せるためにプッチ神父が仕組んだ「罠」であった。その罠によって父の記憶が盗まれ、その記憶を取り戻すためにプッチ神父と対決することに。明るい性格だが、父から譲り受けた冷静な判断力で敵を倒していく。戦闘を介して心身共に成長していく姿が描かれている。<br />\r\n上記の理由から、舞台は「刑務所」であるものの本人は刑務所に入れられるほどの「極悪人」ではない（しかし善人と呼べるほど素行は良くない）。<br />\r\n当初、様々な理由から父親である承太郎を「あんた」と呼び毛嫌いしていたが、物語が進むにつれ父親の事を（目的など）理解し「父さん」と呼ぶようになった。物語を通して「ジョースター家」は重要なキーワードにはなっていないものの、承太郎も納得するほど「ジョースター家の血統」を受け継いでいる。<br />\r\n作品終盤の世界が一巡したパラレルワールドでは、彼女そっくりのアイリンが登場する。<br />\r\n作中ではグェスが彼女の名前を連呼する形でアメリカのカントリーシンガー、ドリー・パートンの楽曲「ジョリーン」のサビの部分が登場している。<br />\r\nストーン・フリー<br />\r\n【破壊力 - A / スピード - B / 射程 - 1 - 2m / 持続力 - A / 精密動作性 - C / 成長性 - A】<br />\r\n徐倫自身の肉体を糸状に変化させ、それを自在に操るという能力。後には自分と触れている他人をも糸状に変化させられるようになった。この糸は戦闘中の自らの体の傷をその場で縫合する、編み上げて衣服に擬態することなどが可能で、また単に糸状化によって攻撃された部分に空洞を作り攻撃を受け流すこともできる。グェス戦以降では肉体を一旦糸にした後束ねて固め直して人型のスタンド像を作り出すことを身につけ、よりパワフルな打撃戦も可能となった。この糸で作ったスタンド像は物語序盤では女性的な外見であったが、終盤では男性的な逞しい体格に変化。ラッシュ時の掛け声は承太郎と同じく「オラオラ」である。',NULL,'ファイルーズあい'),(149,'艾梅斯·罗斯提罗','female','徐倫と留置所で知り合ってから友人になった女性。胸に豊胸手術の跡があり、その跡がポケット状となって金を隠すことができる。徐倫が留置所の面会室で投げ捨てた「スタンドの矢の欠片」を拾い、スタンド能力を得ることになる。武装強盗の罪によりG.D.st刑務所に収監されるが、刑務所に入った本当の理由は自分の姉を殺した犯人への「復讐」であった。明るい性格で情に厚く、自身の本懐を果たした後も徐倫と共にプッチ神父の陰謀に立ち向かう。なお、劇中のテロップでは彼女の年齢は21歳と記述されているが、単行本のおまけページでは23歳となっている。<br />\r\nキッス<br />\r\n【破壊力 - A / スピード - A / 射程 - A / 持続力 - A / 精密動作性 - C / 成長性 - A】<br />\r\n手から「シール」が出て、シールを貼り付けた物質を2つに分裂させるスタンド。シールを剥がすと分裂した物質同士が合わさって1つに戻り、同時に破壊が起きるため、この特性を利用して攻撃したり、シールを剥がした物体が1つに戻ろうとする力を利用して物体を引き寄せたりする事も可能。また自身や味方にも使用して敵からの部分的攻撃を回避させることもである。またシールの効果が及ぶ範囲は非常に長い。ラッシュ時の掛け声はシーンにより異なる。',NULL,'田村睦心'),(152,'古见硝子','female','私立伊旦高校1年1班，超级美少女，但因有交流障碍症而不敢与人说话，第一次与只野仁人沟通是写在黑板上，之后与人沟通都是写在纸上，但是可以透过移动电话跟人说话。','2000-12-25','古賀葵'),(153,'只野仁人','male','私立伊旦高校1年1班，坐在古见硝子的左手边，但因坐在古见硝子的隔壁而被同学们视为眼中钉。知道古见硝子有交流障碍症之后，自愿帮她交到100位朋友。','2000-09-29','梶原岳人'),(154,'长名驯染','unknown','学级副委员长，跟人自来熟，有极强大的交流能力。有办法跟人说上两三分钟的话就成为朋友，而且一辈子都不会忘记对方。是只野仁人在中学时的同班同学，中学时有一半的学生是她的“青梅竹马”。只野仁人对其形容为“性别不明、经常说谎、言行不一致”。因中学时长名驯染都穿着男学生制服，所以只野仁人一直以为长名驯染是男的。','2000-04-01','村川梨衣'),(155,'芙莉莲','female','千年以上生きるエルフで、勇者パーティーとして魔王を倒した魔法使い。魔法であればどんなものでも興味を持つ魔法オタク。性格はずぼらでドライ。仲間たちとの旅を経て、知らず知らずのうちにその心にも変化が現れる。',NULL,'種﨑敦美'),(156,'菲伦','female','フリーレンの弟子として共に旅をすることになる魔法使い。ハイターに育てられた戦災孤児。冷静な少女で、生活面でずぼらなフリーレンのお母さん役。',NULL,'市ノ瀬加那'),(160,'四宫辉夜','female','本作的主角。秀知院学园高中部2年A班的女学生，担任学生会副会长。参加的社团是弓道部。<br />\r\n四大财阀之一，四宫集团的千金。 <br />\r\n万能型的天才，但是不谙世故，无意识中会瞧不起人。<br />\r\n想告诉白银御行他和猫耳很般配。','2000-01-01','古賀葵'),(161,'山田杏奈','female','本作のヒロイン。京太郎の同級生で、雑誌モデルとして活動する美少女。スクールカーストの最上位にいる陽キャで、校内では友人の小林ちひろ・関根萌子・吉田芹那と行動を共にすることが多い。性格は天然かつマイペースで、間の抜けたところもある。また食い意地が張っており、お菓子の持ち込みを禁止されているにもかかわらず校内で隠れて食べている。<br />\r\n物語開始時点では京太郎のことは特に意識していなかったが、その後、彼が自分を助けてくれていることに気づき、彼女なりに親愛の情を示すようになる。物語が進むにつれて図書室に顔を出すことが増えていき、やがて京太郎より遅れて恋心を自覚するに至る。なお、作中では足立や南条など彼女に言い寄る男子が複数登場しており、その手の男子は友人の助力も得つつかわしているが、京太郎への恋心を自覚してからはボディタッチも厭わないなど積極的に京太郎との距離を縮めようとしている。','2000-09-10','羊宮妃那'),(162,'市川京太郎','male','重度の中二病を抱えた、いわゆる陰キャ。『殺人大百科』や『解剖図』を愛読し、図書室で独り過ごすことが多い。クラスの人気者・山田杏奈に惹かれつつも、予測不能な言動に振り回されていく。','2000-03-26','堀江瞬'),(163,'真流','male','「天国」を目指す少年。自身の出自についての記憶が無い。<br />\r\nキルコ曰く“ちょっといないくらいの美少年”。抜群の身体能力と、“人食い”を殺すことのできる特殊な力を持つ。キルコのことを「おねえちゃん」と呼び、恋心を抱いている。',NULL,'佐藤元'),(164,'橘爱丽丝','female','「橘…橘ありすです。橘と呼んでください。その…アイドルには興味なかったのですが、将来は歌や音楽を仕事にしたいと思っていました。言われた仕事はしますから、心配しないでください」<br />\r\n<br />\r\nBNEI与Cygames开发的手机游戏《偶像大师 灰姑娘女孩》系列的偶像。2012年11月6日初登场于名古屋地区。2015年11月18日CD出道(No.036)。<br />\r\n《偶像大师 灰姑娘女孩 星光舞台》运营初始即登场。<br />\r\n第2回总选举排名第24，第3回总选举排名第37，第4回总选举排名第45，第5回总选举排名第24。<br />\r\n2014年11月28日至12月10日举办的三周年纪念投票活动“Voice争夺选举”排名第一，开票结果发布时公布声优为佐藤亚美菜。<br />\r\n<br />\r\n威风凛凛的睫毛，及腰的棕色长发，头上打个蓝色发带，以及名字爱丽丝（ありす），让人联想到童话故事中的人物。<br />\r\n兴趣是玩游戏和读书，经常全神贯注地投入到其爱好中。另外，平常还喜欢带着平板电脑。<br />\r\n虽然和城崎莉嘉（初中生）一样12岁，但是本人明确表示是小学6年生。虽然如此，相比其它低年龄偶像，爱丽丝更加成熟。','2000-07-31','佐藤亜美菜'),(165,'樱井桃华','female','幼女大小姐偶像，于圣诞节活动登场，神户（该游戏第一个以市行政单位为出身地的偶像）出身。<br />\r\n装扮多和大小姐一样，也喜欢使用大小姐语气说话，比如「贵安！(ごきげんようですわ！)」。没准就是大小姐？<br />\r\n性格充满自信，工作积极，有关于工作方面的对话多以感叹号结尾。但也有希望依靠制作人的幼小任性一面。<br />\r\n金发是染发还是天生，目前不得而知，有可能是混血儿。','2000-04-08','照井春佳'),(166,'赤城米莉亚','female','于池袋区域首次出场。黑色中短发，束著短短的双马尾小女孩。<br />\r\n活泼爽朗，好奇心旺盛，喜欢与人聊天。<br />\r\n喜欢与人聊天的她，能与不同人交流。是唯一能理解神崎兰子说话的人。','2000-04-14','黒沢ともよ'),(167,'的场梨沙','female','的场梨沙是手机社群游戏《偶像大师 灰姑娘女孩》系列的偶像。<br />\r\n<br />\r\n游戏2013年9月11日推出的新区域“长崎”的偶像。<br />\r\n自信满满，宣称“本小姐可没有做不到的事情！”。对自己的小学生身份很清楚，因此将粉丝居高临下视作萝莉控或者变态，甚至有对台下粉丝喊出过「各位变态！我爱死你们了！」。<br />\r\n重度父控，兴趣是和爸爸约会，扬言要和爸爸结婚，甚至成为偶像也是因为父亲。成为偶像后父亲会三番五次和制作人取得联系。','2000-11-19','集貝はな'),(168,'结城晴','female','结城晴是BNEI手机社群游戏《偶像大师 灰姑娘女孩》系列的登场角色。<br />\r\n2013年5月21日追加「爱媛地区」时作为BOSS初登场。<br />\r\n<br />\r\n第一人称使用「オレ」。外表、言行都非常男孩子气，本人说是因为家庭里除了她都是男的。<br />\r\n被自己父亲随意应募偶像然后出道了，经常说出没有干劲的发言。不过亲密度高之后还是希望得到制作人的认可。<br />\r\n非常喜欢足球，经常有和足球相关的话题。似乎拥有非常好的体力和运动神经。<br />\r\n由于一直以来的男孩子气，晴并不喜欢可爱的衣服，每次穿上都显得十分害羞和不情愿。','2000-07-17','小市眞琴'),(169,'佐佐木千枝','female','11岁，在年龄层普遍偏高的Cool系里面，是珍稀的小学生角色。和同为小学生组的龙崎薫和樱井桃华关系很好。<br />\r\n黑色短直发黑眼睛，典型的小学生形象。根据数据推算，身体的腰围是49cm，属于营养不良的水准，但是胸部却已经达到了巨乳的级别。总之是身材十分小巧却有料的角色。<br />\r\n性格文静，属于典型的乖孩子，但经常一副胆小的样子，容易受惊吓。<br />\r\n<br />\r\n基础卡特训后所穿服装名叫“蓝色拿破仑（ブルーナポレオン）”。<br />\r\n与上条春菜、荒木比奈、川岛瑞树、松本沙理奈服装相同。<br />\r\n<br />\r\n在TV动画《偶像大师 灰姑娘女孩》中首次公布声优，也与上条春菜同为首批在动画公布声优的偶像。<br />\r\n动画中，同上条春菜、荒木比奈、川岛瑞树、松本沙理奈保持了蓝色拿破仑组合。在第2话登场。','2000-06-07','今井麻夏'),(170,'龙崎薰','female','手机社群游戏《偶像大师 灰姑娘女孩》系列的偶像。<br />\r\n<br />\r\n为《偶像大师 灰姑娘女孩》中登场年纪最小的女孩之一。是一名喜欢料理的元气女孩。对制作人称呼「老师(せんせぇ)」，还会制作饭团。在出身地似乎有过电视出演的经历。<br />\r\n独特的外貌特征和爱好使其在Loli组也不失一道亮丽的风景。','2000-07-20','春瀬なつみ'),(171,'市原仁奈','female','喜欢收集布偶服的9岁女孩，橘色长发，是游戏中目前(2013年9月)最年少的角色之一。<br />\r\n<br />\r\n虽然是活动奖励卡登场，但是角色人气很高。由于卡片没有再版，当时的卡片现在属于高价格区。<br />\r\n<br />\r\n称双叶杏为「杏姐姐(杏おねーさん)」，经常黏在一起(二次创作?)。','2000-02-08','久野美咲'),(172,'古贺小春','female','BNEI与Cygames开发的手机游戏《偶像大师 灰姑娘女孩》系列的公主偶像。<br />\r\n2012/03/15初登场于游戏大阪地区，所有的登场卡片几乎都与“公主”有所联系，并大多穿着公主服的萝莉偶像。<br />\r\n拥有一只名为「Hyou君」的蜥蜴，不仅很享受被蜥蜴舔舔舔的快感，似乎也会舔回去(?)。','2000-04-01','小森結梨'),(174,'岩仓美津未','female','石川県のはしっこの過疎の町から上京してきたばかりの高校一年生。<br />\r\n東京では親戚のナオと暮らしている。<br />\r\n将来の目標は立派になって地元に貢献すること、だけど……？<br />\r\n十人十色のクラスメイトたちをやわらかく刺激するみつみは、<br />\r\n天然しあわせインフルエンサー！','2000-03-03','黒沢ともよ'),(175,'志摩聪介','male','みつみのクラスメイト。都会的でスマートなイケメン。<br />\r\n誰に対しても優しいいい人だけど、<br />\r\n本心を表に出さず、どこかつかみ所のない一面も。<br />\r\n入学式の出来事をきっかけにみつみと親しくなり、自分とは反対に何事にも一生懸命な彼女に影響されていく……。','2000-10-09','江越彬紀'),(176,'艾伦·耶格尔','male','本作的男主角。15岁（835年生）。拥有强韧的精神力与非凡的行动力，对墙壁外的世界拥有比任何人都要高的憧憬。<br />\r\n故事之初（845年）居住的城镇被未知的“超大型巨人”袭击，“玛利亚之墙”（Wall．Maria）城门遭其脚踢破坏，巨人因而进入第一道城墙区猎食人类，目睹母亲遭巨人吞食后，立誓要消灭所有的巨人。','2000-03-30','梶裕貴'),(177,'绪山真寻','unknown','被妹妹下了奇怪的药，变成了女孩子的孤高自宅警备员。<br />\r\n深爱的黄油和黄书被夺走后，苦命地过活。<br />\r\n被妹妹当妹妹养，已经慢慢习惯了。<br />\r\n外表大概初中左右。','2000-03-06','高野麻里佳'),(178,'绪山哨','female','文武双全的能干妹妹。<br />\r\n跳级进了大学，正在从事奇怪的研究。<br />\r\n表面上为了进行试验，给亲哥下了药，<br />\r\n然而她的本意是…？<br />\r\n就结果而言对欧尼酱很娇惯。','2000-04-22','石原夏織'),(183,'星野爱久爱海','male','本作的主人公。<span class=\"text_mask\" style=\"background-color:#555;color:#555;border:1px solid #555;\">转生前是宫崎县乡下的一名名为五郎的妇产科医生。在深交的已经去世的住院少女沙利奈的影响下，成为了偶像团体“B小町”成员之一的星野爱的粉丝。<br />\r\n之后在医院偶然碰到了怀孕的爱来看诊，决定守护她怀孕直到分娩，但在分娩前被歹徒袭击而死亡，转生成为爱的孩子。</span><br />\r\n母亲给予的本名是星野爱久爱海，艺名阿库亚。<span class=\"text_mask\" style=\"background-color:#555;color:#555;border:1px solid #555;\">因为拥有前世的记忆，在幼儿时期就能进行对话。用成人的思想看护着爱，但成长到一定程度就在母亲的事务所中出道成为童星，利用前世的知识展现出了特殊的才能。</span>从母亲那里遗传了右眼的星星。',NULL,'櫻井海音'),(184,'星野瑠美衣','female','本作的主人公。<span class=\"text_mask\" style=\"background-color:#555;color:#555;border:1px solid #555;\">雨宫工作的医院里的患者，敬爱着星野爱的偶像宅少女，因星形细胞瘤去世，享年12岁。之后转生为爱的孩子，阿库亚的孪生妹妹。</span>母亲爱给予的名字是星野瑠美衣，和哥哥相对左眼遗传了母亲的星星。和阿库亚一样，在母亲的事务所出道。<br />\r\n<span class=\"text_mask\" style=\"background-color:#555;color:#555;border:1px solid #555;\">在幼儿时期就很早熟，和转生前一样的阿宅性格甚至让哥哥阿库亚敬而远之。和阿库亚相互了解对方也是转生者，但并未发觉相互的身份。</span>',NULL,'齊藤なぎさ'),(185,'石神千空','male','喜欢科学的少年，相信科学的力量，拥有丰富的知识贮备。<br />\r\n作为石神村村长统领着科学王国。','2000-01-04','小林裕介'),(186,'七海龙水','male',NULL,'2000-11-11','鈴木崚汰'),(188,'爱城恋太郎','male','100人の“運命の人”との出会いを告げられた本作の主人公。中学まで女の子にフられ続ける人生を送ってきたが、高校では次々に現れる“運命の人”と付き合うことに。彼女たちを分け隔てなく全力で愛し、そのド級の誠実さから、彼女のために平然と命も懸けられる。','2000-05-01','天海由梨奈'),(189,'花园羽香里','female','恋太郎の彼女の一人。魅惑的なプロポーションながら品行方正。だが実際は計算高い策士で、時には頭の中がピンク過ぎて策に溺れることも。根は真面目で、恋太郎以外にも常に想いやりを絶やさない。','2000-06-22','本渡楓'),(190,'院田唐音','female','恋太郎の彼女の一人。「○○じゃないんだからね！」が口癖の全方位ツンデレ少女。強気で素直になれない性格だが、姉御肌で頼りがいがある。常識人枠でツッコミ担当にまわることが多いものの、意外と打たれ弱い一面も。','2000-09-09','富田美憂'),(191,'好本静','female','恋太郎の彼女の一人。<br />\r\n読書が大好きな図書委員。小動物的な愛くるしさを持ち、小柄で物静かながらも頑張り屋。人と喋ることが苦手なため、丸暗記した愛読書のセリフや文章を指差し、相手に読んでもらいながら会話する。','2000-11-01','長縄まりあ'),(192,'荣逢凪乃','female','恋太郎の彼女の一人。<br />\r\n才色兼備で、テストの成績は全教科満点。何事にも効率を求める性格で、恋愛すら「時間の無駄」と切り捨ててしまうほど。あまり感情を顔に出さず、効率重視ゆえに大胆な行動に出ることも。','2000-03-14','瀬戸麻沙美'),(193,'药膳楠莉','female','恋太郎の彼女の一人。<br />\r\n薬の開発が大好きな高校三年生。18歳だが「不老不死の薬」の失敗作の影響で、普段は8歳の姿で生活している。天真爛漫な性格で、様々な薬を開発しては騒動を起こすことも多いが、いつも仲間を大切に思っている。','2000-04-18','朝井彩加'),(194,'花园羽羽里','female','羽香里の母親。<br />\r\n豪邸に住む資産家で、一人娘の羽香里を過保護と言えるほど溺愛している。恋太郎との交際を一切認めず、娘が一時の恋愛感情だけで人生を不幸にしないよう、強硬な手段で二人の関係を引き裂こうとする。','2000-05-12','上坂すみれ'),(198,'劳埃德·福杰','male','本作の主人公。東国で諜報活動を行う西国のスパイ。「黄昏」はコードネームで、本名はスパイになった時に捨てた。今回の任務では「精神科医ロイド・フォージャー」の偽装身分を用いる。<br />\r\n並外れた戦闘力・記憶力・情報処理能力を持ち、任務ごとに様々な顔と名前を使い分ける。かつては戦災孤児で、「（幼い頃の自分のような）子どもが泣かない世界」を作るためにスパイとなった。そのため普段は冷徹だが、本来は人間味溢れる性格で、偽りの家族であるヨルとアーニャへの気配りを見せる。<br />\r\nオペレーション〈梟〉のため、正体を知らないままアーニャやヨルと偽装家族を形成し、毎回予想外の行動をとる彼女たちに振り回されながらも任務をこなしていく。',NULL,'江口拓也'),(199,'绫香·沙条','female','绫香·沙条是由成田良悟执笔的小说《Fate/strange Fake》中登场的主要人物。自己的职阶为Player（玩家）、真Saber理查一世的御主。<br />\r\n<br />\r\n不同于旧Fate的绫香，本作的绫香完全没有“魔术”、“圣杯战争”之类的概念。曾经在冬木居住过，原本黑色的头发染成了金色。也是《Fate/hollow ataraxia》开头鬼故事的主角青年A。',NULL,'花澤香菜'),(201,'春日未来','female','《偶像大师 MILLION LIVE!》登场的偶像。Vocal属性。 <br />\r\n<br />\r\n位置与偶像大师本家的天海春香以及灰姑娘女孩的岛村卯月相同，是《偶像大师 MILLION LIVE!》系列的第一女主角，其三人在P站上被称为「普通的系谱」。但事实上性格与876pro的日高爱更为接近，是一个不折不扣的⑨。 <br />\r\n<br />\r\n在广播剧中也总是担任逗哏的角色，被众人戏耍的对象。 <br />\r\n<br />\r\n成为偶像的契机是因为未来的朋友让她去了一场偶像音乐会，给她留下了极其深刻的印象，从而决定成为偶像。（在漫画中，那位朋友不是别人，正是静香。音乐会也正是765pro剧场的巡演。） <br />\r\n<br />\r\n为了成为偶像而放弃了社团活动，一心一意朝着能够独当一面的偶像努力拼搏，是正统派偶像的典范。 <br />\r\n<br />\r\n形象颜色为红色。','2000-06-28','山崎はるか'),(202,'最上静香','female','《偶像大师 MILLION LIVE!》登场的偶像。VOCAL属性。 <br />\r\n<br />\r\n拥有着成熟气质的14岁少女。 <br />\r\n<br />\r\n如果说春日未来是天海春香位，伊吹翼是星井美希位的话，那么她应该就是如月千早位吧。（但正如后续所说其性格与如月千早有很大不同）。 <br />\r\n<br />\r\n姓氏「最上」符合偶像大师早期的取名规律，是军舰名。 <br />\r\n<br />\r\n形象颜色为蓝色。','2000-09-14','田所あずさ'),(203,'伊吹翼','female','偶像大师 MILLION LIVE!》中登场的偶像。Visual属性。左撇子。 <br />\r\n<br />\r\n位置与本家的星井美希和灰姑娘的本田未央相同。 <br />\r\n<br />\r\n有着以大大的呆毛和两边翘起睡乱的发型为独特标志的14岁少女。 <br />\r\n<br />\r\n成为偶像的原因是觉得当偶像很有趣。十分仰慕美希。 <br />\r\n<br />\r\n姓氏「伊吹」符合偶像大师早期以军舰名作为姓氏的规律。','2000-07-30','Machico'),(204,'横山奈绪','female','偶像大师百万LIVE登场的偶像。Dance属性。<br />\r\n大阪出身，操着一口关西方言，不是很擅长说关东话，讲关东话时会经常咬到舌头。<br />\r\n侧马尾是呈螺旋状的纵卷发。<br />\r\n和绝大多数的大阪人一样会随身带着点心，不过并不是很擅长吐槽的样子。<br />\r\n另外与大部分的关西腔角色不同，奈绪的第一人称是「私」而不是「ウチ」。','2000-02-12','渡部優衣'),(205,'佐竹美奈子','female','《偶像大师 百万LIVE!》登场的偶像。Dance属性。<br />\r\n十分适合穿围裙和三角巾的18岁的家庭主妇。<br />\r\n性格开朗有活力，同时也非常喜欢关心别人。<br />\r\n有着即使是说她把关心别人当做生存意义也不为过的天生爱管闲事的体质，尤其是对年纪比她小的偶像们，特别喜爱。<br />\r\n而且，对于制作人也明确了有好感，各种关怀备至，呵护有加。<br />\r\n家务也全能，所谓的“比起恋人更适合当媳妇的类型”。','2000-03-22','大関英里'),(206,'木下日向','female','《偶像大师 MILLION LIVE!》中登场的偶像。Vocal属性。说话带方言。 <br />\r\n<br />\r\n为了成为偶像从农村来到了首都，像老奶奶一样的14岁少女。头顶上有一根一个劲点头的呆毛，十分有特色。 <br />\r\n<br />\r\n为人和蔼丶诚实丶朴素丶纯洁丶天真丶十分成熟。灵魂纯度媲美弥生，从不介意自己失去了什麽，无论对谁都保有一颗善良之心，犹如圣人。 <br />\r\n<br />\r\n详细的出生地未明确给出，但R卡「家人的助威」的背景中有画着北海道地图的纸板箱。问候语音中有「したっけプロデューサー」这样一句话，其中的「したっけ」是北海道方言，就是「拜拜」的意思。由此推断其为北海道人。 <br />\r\n<br />\r\n仍未能完全适应东京的氛围，为了不想迷失方向而寻求携手并进的好友。','2000-07-04','田村奈央'),(209,'八奈见杏菜','female','和彦のクラスメイト。明るく愛嬌のあるクラスの人気者だが、ちょっと抜けている一面がある。天井知らずの食欲を持つ食いしん坊。幼なじみに長年の片想いをしているが……？','2000-11-29','遠野ひかる'),(210,'烧盐柠檬','female','和彦のクラスメイトで陸上部のエース。いつも元気いっぱいで天真爛漫な性格。走ることが大好きで、勉強はちょっぴり苦手。頭の良い幼なじみに淡い恋心を抱いている。','2000-08-01','若山詩音'),(211,'小鞠知花','female','文芸部に所属している1年生女子。引っ込み思案な性格で、人としゃべるのが苦手。和彦と同じく友達がいない。文芸部の先輩たちには心を開いており、その視線の先にはいつも……。',NULL,'寺澤百花'),(227,'保登心爱','female','本作品的主角，15岁高一生，橘色短发，头上戴着花朵造型的发饰，就读高中时搬到木造房屋与石板路的小镇，在偶然的机会之下到Rabbit House寄宿。当初由于她无法辨识咖啡的味道与香气，因此与咖啡店有疏离感，不过后来来到Rabbit House当店员之后学习到适应的技术。<br />\r\n&nbsp; &nbsp; 有着个性明亮又开朗的性格，能够很轻易跟陌生人混熟，不过带有一点粗心大意的小毛病，但经常能帮智乃跟理世的忙。非常喜欢可爱的事物以及毛茸茸的东西，由于她在家中排行老幺，因此希望有一个妹妹，将智乃视为自己的妹妹一样疼爱，所以当智乃表示憧憬其他人时会变得很吃醋。<br />\r\n&nbsp; &nbsp; 很喜欢被称做姐姐，听到“姐姐”两个字即使是熟睡到连闹钟都叫不醒的情况下，也会立刻爬起来。<br />\r\n&nbsp; &nbsp; 由于老家是面包店的缘故，对于做面包的热情比任何人来得强，而在Rabbit House的菜单上做了提比面包。但除了面包之外，并不擅长其他料理，即使是泡咖啡都会难喝到连千夜都喝不下去，帮忙做味噌汤时也被纱路嫌碍手碍脚。<br />\r\n&nbsp; &nbsp; 擅长数学与物理，有一瞬间算出三位数乘法的实力，但文科的成绩非常惨淡。将来的梦想是面包店老板或律师。<br />\r\n&nbsp; &nbsp; 小的时候遇过智乃的爷爷，她听到智乃的爷爷想变成兔子之后，便基于好心，帮他施了魔法想要帮助他变成兔子。<br />\r\n&nbsp; &nbsp; 姓名源自于热可可。','2000-04-10','佐倉綾音'),(228,'香风智乃','female','13岁初中生，Rabbit House老板的孙女，蓝色长发，安哥拉兔提比总是喜欢坐在她的头上。无口系，个性怕生，不擅长与人相处；平时面无表情，也不爱笑，心爱曾为了要照到她笑的照片费了一番心力。由于母亲早逝、爷爷也过世，让她从小就必须承担Rabbit House的经营，店里大多的事情都是靠智乃在打理，使她言行举止颇为成熟，连心爱都觉得智乃比她自己可靠多了；偶尔有孩子气的一面，但自己并不喜欢被当成小孩子看待。可以单凭气味分辨咖啡的种类，但喝的咖啡一定要加砂糖和牛奶。由于被纱路的气质所吸引，以及曾经教过她功课的缘故，让她十分憧憬纱路。<br />\r\n&nbsp; &nbsp; 本身有着会被动物讨厌的体质，因此除了提比以外，不敢接近其他动物，为此本人十分困扰，当她有一次看到心爱能够轻易抱起野兔时，露出十分沮丧的表情。<br />\r\n&nbsp; &nbsp; 虽然年纪小，但十分在意自己的身高和身材，会想各种方法增高减肥，以及促进发育。<br />\r\n&nbsp; &nbsp; 平常面对心爱的热情，反应颇为冷淡，但看到心爱、理世、麻耶与小惠很要好时，产生了些许嫉妒心，但本人并没有察觉到自己的这份心情，提比曾认为心爱夸奖智乃的方式和她已故的母亲一模一样，虽然智乃倔强的说才不一样，但却露出了难得的笑容，显示出心爱在智乃心中其实有相当的份量。<br />\r\n&nbsp; &nbsp; 姓名源自于卡布奇诺。','2000-12-04','水瀬いのり'),(229,'天天座理世','female','16岁高二生，在Rabbit House打工的店员，双马尾紫发，身材姣好，个性傲娇，在所有人里担任吐槽的角色。本身是军人世家的女儿，也是千金大小姐，她的父亲和智乃的父亲是老朋友，也因此才会选择来Rabbit House打工。<br />\r\n&nbsp; &nbsp; 平时言行举止很像军人，平常的事也会被她往军人的方向去想，但是个性其实很容易害羞，也很怕寂寞。经常拿着枪，身上也有带军刀，力气也很大，可以轻松拿重物，还可以徒手把盘子拆成两半，虽然不怕枪声，但很怕牙医工具发出的声音，也因此害怕看牙医。<br />\r\n&nbsp; &nbsp; 家里有一只叫狂野小子的独眼兔娃娃，理世非常疼爱他，平时会跟他说话，还会让他背小模型枪。<br />\r\n&nbsp; &nbsp; 有时会身兼发型模特，但因为害羞不敢让别人知道，后来在路上不小心被智乃看到，但由于理世把头发放下并弄成卷发，让智乃没有发现她是理世本人，理世就因此化名萝丝蒙混过去，之后心爱和智乃看到她那个样子，她都会自称是萝丝。<br />\r\n&nbsp; &nbsp; 姓名源自于一种名为夏日香气（Thé des Alizés）的法式绿茶。','2000-02-14','種田梨沙'),(230,'宇治松千夜','female','15岁高一生→16岁高二生，和风咖啡店甘兔庵的看板娘，心爱的同班同学，发型为黑长直，有着大和抚子的长相，擅长做各式各样的和果子，平时最大的兴趣是为刚研发完成的新和果子取名字，但本人认为用普通的名字没什么意思，所以取的名字都很诗情画意，因此除了心爱以外，没有人知道那本来是什么和果子，会产生这种兴趣的原因在于纱路小时候认为Rabbit House的菜单名取得很厉害（其实都是普通的咖啡名），让千夜有很大的败北感。吃到比自己做得还要好吃的和果子之后，会因此失去信心，心情会很不好，也会吃不下饭。<br />\r\n为了招揽顾客，经常想一些怪点子，例如理世来兼职打工时，决定举办军事迷彩月，也因为想像力丰富的关系，稀松平常的事都可以被她往奇怪的方向去想。平常也担任装傻的角色，会和心爱临时组成相声搭档。最大的目标就是要扩大甘兔庵的经营，成为大型和果子连锁店。<br />\r\n本身很讨厌运动，也没什么体力，曾经打算请理世教她念书，但一听到要锻炼出能熬夜的身体就打消念头，心爱曾说她只有做和果子和被逼到退无可退时才会发挥全力，其发挥的全力也相当惊人，例如划船时可以从最后瞬间变成第一名，意外的很会闪避躲避球，但本人都是在非刻意的情况下闪避。<br />\r\n姓名源自于宇治抹茶。','2000-09-19','佐藤聡美'),(231,'桐间纱路','female','15岁高一生→16岁高二生，住在甘兔庵隔壁的少女，有着自然卷的金色短发，是理世的学妹、千夜的青梅竹马。会因为咖啡因而变得过度兴奋，个性会变得跟心爱一个样，但本人事后会想不起那段记忆。由于理世曾经帮助纱路赶走流氓兔，从此仰慕著帅气的学姐理世，所以当千夜在理世面前说她以前的糗事时她都会尽全力阻止。<br />\r\n虽然就读大小姐学校，但是实际上住的是破屋，过著贫困的生活，父母也外出工作，因此平时由千夜照顾她的生活起居，为了不想让其他人知道她的家境，便养成了大小姐的言行举止，不过由于过于逼真，让心爱等人以为她是真的大小姐，直到心爱等人看到纱路本人从自己家里走出来才曝光。在学校功课很好，是学费全免的资优生，厨艺也相当不错，智乃形容她是全身上下找不到一丝缺点的人。<br />\r\n为了赚钱，常到专卖花草茶的花茶店Fleur de Lapin打工，也在可丽饼店、冰激凌店打工。有恋瓷器癖，放学后或是有空时经常去瓷器店欣赏。<br />\r\n姓名源自于乞力马扎罗咖啡。','2000-07-15','内田真礼'),(232,'温水和彦','male','高校1年生。ライトノベルを愛読しており、新刊のチェックは欠かさない。友達は一人もいないがそれを憂うこともない、達観系のぼっち。趣味は水道水の味の違いを楽しむこと。','2000-12-25','梅田修一朗');
/*!40000 ALTER TABLE `role` ENABLE KEYS */;
UNLOCK TABLES;

--
-- Table structure for table `roleimage`
--

DROP TABLE IF EXISTS `roleimage`;
/*!40101 SET @saved_cs_client     = @@character_set_client */;
/*!50503 SET character_set_client = utf8mb4 */;
CREATE TABLE `roleimage` (
  `image_id` int NOT NULL AUTO_INCREMENT,
  `image_url` varchar(255) CHARACTER SET utf8mb4 COLLATE utf8mb4_unicode_ci NOT NULL,
  `file_size` int DEFAULT NULL,
  `format` varchar(20) CHARACTER SET utf8mb4 COLLATE utf8mb4_unicode_ci DEFAULT NULL,
  `is_downloaded` tinyint(1) DEFAULT '0',
  `local_path` varchar(255) CHARACTER SET utf8mb4 COLLATE utf8mb4_unicode_ci DEFAULT NULL,
  `role_id` int NOT NULL,
  PRIMARY KEY (`image_id`),
  UNIQUE KEY `image_url` (`image_url`),
  KEY `role_id` (`role_id`),
  CONSTRAINT `roleimage_ibfk_1` FOREIGN KEY (`role_id`) REFERENCES `role` (`role_id`) ON DELETE CASCADE
) ENGINE=InnoDB AUTO_INCREMENT=233 DEFAULT CHARSET=utf8mb4 COLLATE=utf8mb4_unicode_ci;
/*!40101 SET character_set_client = @saved_cs_client */;

--
-- Dumping data for table `roleimage`
--

LOCK TABLES `roleimage` WRITE;
/*!40000 ALTER TABLE `roleimage` DISABLE KEYS */;
INSERT INTO `roleimage` VALUES (1,'//lain.bgm.tv/r/400/pic/crt/l/68/28/56511_crt_LrYrl.jpg?r=1569906281',NULL,'jpg',0,NULL,1),(2,'//lain.bgm.tv/r/400/pic/crt/l/05/ea/56512_crt_94z4T.jpg?r=1569906263',NULL,'jpg',0,NULL,2),(3,'//lain.bgm.tv/r/400/pic/crt/l/81/4d/72138_crt_mi200.jpg',NULL,'jpg',0,NULL,3),(4,'//lain.bgm.tv/r/400/pic/crt/l/2e/b9/72139_crt_Ml1S1.jpg?r=1580228401',NULL,'jpg',0,NULL,4),(5,'//lain.bgm.tv/r/400/pic/crt/l/1c/d1/72140_crt_gRobv.jpg?r=1581429379',NULL,'jpg',0,NULL,5),(6,'//lain.bgm.tv/r/400/pic/crt/l/9e/72/66899_crt_kNOM3.jpg?r=1547389516',NULL,'jpg',0,NULL,6),(7,'//lain.bgm.tv/r/400/pic/crt/l/ca/44/66900_crt_26nTL.jpg?r=1545567638',NULL,'jpg',0,NULL,7),(8,'//lain.bgm.tv/r/400/pic/crt/l/38/34/67408_crt_ND0h8.jpg?r=1547508126',NULL,'jpg',0,NULL,8),(9,'//lain.bgm.tv/r/400/pic/crt/l/17/ff/67409_crt_7MyY9.jpg?r=1545567685',NULL,'jpg',0,NULL,9),(10,'//lain.bgm.tv/r/400/pic/crt/l/02/5a/69198_crt_9chtt.jpg?r=1590778597',NULL,'jpg',0,NULL,10),(11,'//lain.bgm.tv/r/400/pic/crt/l/ec/fc/72801_crt_fqTF4.jpg',NULL,'jpg',0,NULL,11),(12,'//lain.bgm.tv/r/400/pic/crt/l/25/9a/72802_crt_6XfmF.jpg',NULL,'jpg',0,NULL,12),(13,'//lain.bgm.tv/r/400/pic/crt/l/01/67/72803_crt_IIH3M.jpg?r=1582627635',NULL,'jpg',0,NULL,13),(14,'//lain.bgm.tv/r/400/pic/crt/l/4f/b2/72804_crt_gm4LN.jpg',NULL,'jpg',0,NULL,14),(15,'//lain.bgm.tv/r/400/pic/crt/l/33/77/72805_crt_GKK87.jpg?r=1581990985',NULL,'jpg',0,NULL,15),(16,'//lain.bgm.tv/r/400/pic/crt/l/e3/2f/18101_crt_343At.jpg?r=1410320023',NULL,'jpg',0,NULL,16),(17,'//lain.bgm.tv/r/400/pic/crt/l/21/40/18102_crt_nVMeD.jpg?r=1700166918',NULL,'jpg',0,NULL,17),(18,'//lain.bgm.tv/r/400/pic/crt/l/4a/67/19616_crt_88rMm.jpg?r=1410320151',NULL,'jpg',0,NULL,18),(19,'//lain.bgm.tv/r/400/pic/crt/l/03/78/24322_crt_zuFs2.jpg?r=1411356315',NULL,'jpg',0,NULL,19),(20,'//lain.bgm.tv/r/400/pic/crt/l/05/0a/24323_crt_z77p4.jpg?r=1411356359',NULL,'jpg',0,NULL,20),(21,'//lain.bgm.tv/r/400/pic/crt/l/f3/e4/35607_crt_zL7e7.jpg?r=1587941914',NULL,'jpg',0,NULL,21),(23,'//lain.bgm.tv/r/400/pic/crt/l/65/55/74067_crt_mm24d.jpg?r=1576658078',NULL,'jpg',0,NULL,23),(24,'//lain.bgm.tv/r/400/pic/crt/l/e5/0d/74068_crt_hvl56.jpg?r=1590217288',NULL,'jpg',0,NULL,24),(27,'//lain.bgm.tv/r/400/pic/crt/l/c8/f1/3575_crt_F99OI.jpg?r=1559386543',NULL,'jpg',0,NULL,27),(28,'//lain.bgm.tv/r/400/pic/crt/l/71/40/3576_crt_GBxMl.jpg?r=1643902567',NULL,'jpg',0,NULL,28),(29,'//lain.bgm.tv/r/400/pic/crt/l/18/4d/8492_crt_FngwT.jpg?r=1580042313',NULL,'jpg',0,NULL,29),(30,'//lain.bgm.tv/r/400/pic/crt/l/e5/5b/1937_crt_aGM1N.jpg?r=1598704585',NULL,'jpg',0,NULL,30),(31,'//lain.bgm.tv/r/400/pic/crt/l/bd/00/17949_crt_lMZWM.jpg?r=1581188537',NULL,'jpg',0,NULL,31),(33,'//lain.bgm.tv/r/400/pic/crt/l/d4/c7/42435_crt_J1TB2.jpg?r=1703253658',NULL,'jpg',0,NULL,33),(34,'//lain.bgm.tv/r/400/pic/crt/l/66/f6/42452_crt_EHIzT.jpg?r=1625679646',NULL,'jpg',0,NULL,34),(35,'//lain.bgm.tv/r/400/pic/crt/l/22/05/42649_crt_162dH.jpg?r=1687704687',NULL,'jpg',0,NULL,35),(36,'//lain.bgm.tv/r/400/pic/crt/l/00/91/54177_crt_79D2E.jpg?r=1605617734',NULL,'jpg',0,NULL,36),(37,'//lain.bgm.tv/r/400/pic/crt/l/0e/a0/54178_crt_EU8E8.jpg?r=1609281271',NULL,'jpg',0,NULL,37),(38,'//lain.bgm.tv/r/400/pic/crt/l/da/4c/54179_crt_tJYhm.jpg?r=1687704468',NULL,'jpg',0,NULL,38),(39,'//lain.bgm.tv/r/400/pic/crt/l/2a/93/54180_crt_Vy5BN.jpg?r=1625677678',NULL,'jpg',0,NULL,39),(40,'//lain.bgm.tv/r/400/pic/crt/l/02/1b/54181_crt_iiU1Z.jpg?r=1600149114',NULL,'jpg',0,NULL,40),(41,'//lain.bgm.tv/r/400/pic/crt/l/c9/e8/54182_crt_6ynhd.jpg?r=1600149198',NULL,'jpg',0,NULL,41),(42,'//lain.bgm.tv/r/400/pic/crt/l/c2/da/85761_crt_07hC9.jpg?r=1622642251',NULL,'jpg',0,NULL,42),(45,'//lain.bgm.tv/r/400/pic/crt/l/55/25/76552_crt_61LWL.jpg?r=1590317641',NULL,'jpg',0,NULL,45),(46,'//lain.bgm.tv/r/400/pic/crt/l/02/81/76657_crt_AK2Uc.jpg?r=1591074737',NULL,'jpg',0,NULL,46),(47,'//lain.bgm.tv/r/400/pic/crt/l/f0/9a/76689_crt_Q6vUF.jpg?r=1595823556',NULL,'jpg',0,NULL,47),(50,'//lain.bgm.tv/r/400/pic/crt/l/76/34/72096_crt_qLGuy.jpg?r=1712671880',NULL,'jpg',0,NULL,50),(52,'//lain.bgm.tv/r/400/pic/crt/l/27/b8/2054_crt_Zpv82.jpg?r=1554891766',NULL,'jpg',0,NULL,52),(53,'//lain.bgm.tv/r/400/pic/crt/l/95/c7/2050_crt_O5Z02.jpg?r=1555512310',NULL,'jpg',0,NULL,53),(54,'//lain.bgm.tv/r/400/pic/crt/l/00/6f/13068_crt_5hUhq.jpg?r=1556120225',NULL,'jpg',0,NULL,54),(61,'//lain.bgm.tv/r/400/pic/crt/l/2b/a4/46462_crt_bwGOt.jpg?r=1711026790',NULL,'jpg',0,NULL,61),(62,'//lain.bgm.tv/r/400/pic/crt/l/68/c3/46463_crt_VG4MW.jpg?r=1720856667',NULL,'jpg',0,NULL,62),(63,'//lain.bgm.tv/r/400/pic/crt/l/38/47/46464_crt_8p2O8.jpg?r=1618566413',NULL,'jpg',0,NULL,63),(64,'//lain.bgm.tv/r/400/pic/crt/l/fe/d5/46465_crt_RNQeO.jpg?r=1613151588',NULL,'jpg',0,NULL,64),(65,'//lain.bgm.tv/r/400/pic/crt/l/a6/59/56775_crt_m3s6U.jpg?r=1717694057',NULL,'jpg',0,NULL,65),(66,'//lain.bgm.tv/r/400/pic/crt/l/05/38/56776_crt_o44o6.jpg?r=1717694307',NULL,'jpg',0,NULL,66),(67,'//lain.bgm.tv/r/400/pic/crt/l/6d/27/56777_crt_Kwtk9.jpg?r=1717694217',NULL,'jpg',0,NULL,67),(68,'//lain.bgm.tv/r/400/pic/crt/l/9b/d2/56778_crt_2uooA.jpg?r=1717694149',NULL,'jpg',0,NULL,68),(69,'//lain.bgm.tv/r/400/pic/crt/l/8f/f6/56779_crt_lrgJJ.jpg?r=1717693990',NULL,'jpg',0,NULL,69),(70,'//lain.bgm.tv/r/400/pic/crt/l/ce/64/21368_crt_oKN2k.jpg?r=1436302815',NULL,'jpg',0,NULL,70),(71,'//lain.bgm.tv/r/400/pic/crt/l/35/1a/21369_crt_19I3g.jpg?r=1610998517',NULL,'jpg',0,NULL,71),(72,'//lain.bgm.tv/r/400/pic/crt/l/d8/6e/21370_crt_Vrjlx.jpg?r=1437603053',NULL,'jpg',0,NULL,72),(73,'//lain.bgm.tv/r/400/pic/crt/l/7a/3b/21371_crt_3cFQw.jpg?r=1438207786',NULL,'jpg',0,NULL,73),(77,'//lain.bgm.tv/r/400/pic/crt/l/25/fc/27210_crt_cM76Q.jpg',NULL,'jpg',0,NULL,77),(78,'//lain.bgm.tv/r/400/pic/crt/l/0b/00/27211_crt_TXfz5.jpg',NULL,'jpg',0,NULL,78),(79,'//lain.bgm.tv/r/400/pic/crt/l/bd/71/27212_crt_P32u9.jpg',NULL,'jpg',0,NULL,79),(80,'//lain.bgm.tv/r/400/pic/crt/l/6f/20/70036_crt_7ty0C.jpg',NULL,'jpg',0,NULL,80),(82,'//lain.bgm.tv/r/400/pic/crt/l/3a/db/65980_crt_eg9Mh.jpg?r=1536563157',NULL,'jpg',0,NULL,82),(83,'//lain.bgm.tv/r/400/pic/crt/l/6f/17/65981_crt_eGeOV.jpg?r=1539418849',NULL,'jpg',0,NULL,83),(84,'//lain.bgm.tv/r/400/pic/crt/l/42/32/65982_crt_czZTY.jpg?r=1544204008',NULL,'jpg',0,NULL,84),(85,'//lain.bgm.tv/r/400/pic/crt/l/15/02/65985_crt_Pdi63.jpg?r=1541221186',NULL,'jpg',0,NULL,85),(86,'//lain.bgm.tv/r/400/pic/crt/l/c6/45/65986_crt_4cre2.jpg?r=1542780355',NULL,'jpg',0,NULL,86),(93,'//lain.bgm.tv/r/400/pic/crt/l/db/eb/95041_crt_X0IEn.jpg?r=1625986281',NULL,'jpg',0,NULL,93),(94,'//lain.bgm.tv/r/400/pic/crt/l/61/43/95042_crt_Q1qZz.jpg?r=1625986273',NULL,'jpg',0,NULL,94),(96,'//lain.bgm.tv/r/400/pic/crt/l/37/71/88129_crt_eWVT9.jpg?r=1624171779',NULL,'jpg',0,NULL,96),(97,'//lain.bgm.tv/r/400/pic/crt/l/e2/8f/88133_crt_1einY.jpg?r=1618104837',NULL,'jpg',0,NULL,97),(98,'//lain.bgm.tv/r/400/pic/crt/l/55/1d/88130_crt_37H11.jpg?r=1617522223',NULL,'jpg',0,NULL,98),(99,'//lain.bgm.tv/r/400/pic/crt/l/cb/50/88134_crt_Xp0MK.jpg?r=1624171853',NULL,'jpg',0,NULL,99),(100,'//lain.bgm.tv/r/400/pic/crt/l/50/0f/88132_crt_xxXkB.jpg?r=1619859666',NULL,'jpg',0,NULL,100),(101,'//lain.bgm.tv/r/400/pic/crt/l/7a/12/51183_crt_Rwra7.jpg',NULL,'jpg',0,NULL,101),(102,'//lain.bgm.tv/r/400/pic/crt/l/8e/c6/51192_crt_3igGy.jpg',NULL,'jpg',0,NULL,102),(103,'//lain.bgm.tv/r/400/pic/crt/l/1e/31/54488_crt_RjsJa.jpg?r=1723968644',NULL,'jpg',0,NULL,103),(108,'//lain.bgm.tv/r/400/pic/crt/l/89/67/37114_crt_i2CI5.jpg',NULL,'jpg',0,NULL,108),(109,'//lain.bgm.tv/r/400/pic/crt/l/7c/c7/37115_crt_yB5EM.jpg?r=1465897094',NULL,'jpg',0,NULL,109),(110,'//lain.bgm.tv/r/400/pic/crt/l/6b/51/37116_crt_bRSOy.jpg?r=1465897250',NULL,'jpg',0,NULL,110),(111,'//lain.bgm.tv/r/400/pic/crt/l/b5/06/37117_crt_2PiPd.jpg?r=1465897311',NULL,'jpg',0,NULL,111),(112,'//lain.bgm.tv/r/400/pic/crt/l/c8/be/39727_crt_ausAp.jpg?r=1465897357',NULL,'jpg',0,NULL,112),(113,'//lain.bgm.tv/r/400/pic/crt/l/0f/ac/18178_crt_Sx8vd.jpg?r=1534404377',NULL,'jpg',0,NULL,113),(114,'//lain.bgm.tv/r/400/pic/crt/l/31/46/18179_crt_g2Nn2.jpg?r=1534404543',NULL,'jpg',0,NULL,114),(115,'//lain.bgm.tv/r/400/pic/crt/l/1d/b2/18180_crt_66T1B.jpg?r=1531931893',NULL,'jpg',0,NULL,115),(116,'//lain.bgm.tv/r/400/pic/crt/l/e2/69/18181_crt_LLEzx.jpg?r=1532417569',NULL,'jpg',0,NULL,116),(117,'//lain.bgm.tv/r/400/pic/crt/l/9c/08/28392_crt_6rcHN.jpg?r=1668534126',NULL,'jpg',0,NULL,117),(118,'//lain.bgm.tv/r/400/pic/crt/l/c8/7c/41849_crt_14M60.jpg?r=1645970420',NULL,'jpg',0,NULL,118),(119,'//lain.bgm.tv/r/400/pic/crt/l/2e/73/41850_crt_i9SqS.jpg',NULL,'jpg',0,NULL,119),(120,'//lain.bgm.tv/r/400/pic/crt/l/5c/56/3320_crt_aUCFm.jpg?r=1660568687',NULL,'jpg',0,NULL,120),(121,'//lain.bgm.tv/r/400/pic/crt/l/11/f6/4363_crt_QZDQq.jpg?r=1660571014',NULL,'jpg',0,NULL,121),(122,'//lain.bgm.tv/r/400/pic/crt/l/97/5f/4366_crt_LtiT2.jpg?r=1660568804',NULL,'jpg',0,NULL,122),(123,'//lain.bgm.tv/r/400/pic/crt/l/1d/23/4364_crt_RA1ya.jpg?r=1660568855',NULL,'jpg',0,NULL,123),(124,'//lain.bgm.tv/r/400/pic/crt/l/06/32/4365_crt_zLLMH.jpg?r=1660568905',NULL,'jpg',0,NULL,124),(125,'//lain.bgm.tv/r/400/pic/crt/l/3b/c9/100856_crt_6ys2D.jpg?r=1649282857',NULL,'jpg',0,NULL,125),(126,'//lain.bgm.tv/r/400/pic/crt/l/c3/9d/100857_crt_vaJNj.jpg?r=1649882222',NULL,'jpg',0,NULL,126),(127,'//lain.bgm.tv/r/400/pic/crt/l/48/cf/70609_crt_XhpLz.jpg?r=1566723140',NULL,'jpg',0,NULL,127),(128,'//lain.bgm.tv/r/400/pic/crt/l/01/ab/70610_crt_89c80.jpg?r=1566723200',NULL,'jpg',0,NULL,128),(134,'//lain.bgm.tv/r/400/pic/crt/l/11/f6/103564_crt_yI0uS.jpg?r=1638721509',NULL,'jpg',0,NULL,134),(135,'//lain.bgm.tv/r/400/pic/crt/l/0d/6a/91664_crt_PiiZp.jpg?r=1651442550',NULL,'jpg',0,NULL,135),(136,'//lain.bgm.tv/r/400/pic/crt/l/dd/95/91665_crt_v81de.jpg?r=1650334893',NULL,'jpg',0,NULL,136),(137,'//lain.bgm.tv/r/400/pic/crt/l/fc/bd/102530_crt_PQ3YN.jpg?r=1636653385',NULL,'jpg',0,NULL,137),(142,'//lain.bgm.tv/r/400/pic/crt/l/bc/09/102485_crt_Wwr4n.jpg?r=1636569749',NULL,'jpg',0,NULL,142),(143,'//lain.bgm.tv/r/400/pic/crt/l/9c/97/102486_crt_2HhlI.jpg?r=1657792111',NULL,'jpg',0,NULL,143),(144,'//lain.bgm.tv/r/400/pic/crt/l/a9/0d/71477_crt_Gg8D9.jpg?r=1651051630',NULL,'jpg',0,NULL,144),(145,'//lain.bgm.tv/r/400/pic/crt/l/59/12/71478_crt_pp27D.jpg?r=1651051658',NULL,'jpg',0,NULL,145),(146,'//lain.bgm.tv/r/400/pic/crt/l/3d/a6/71479_crt_8kddn.jpg?r=1651051690',NULL,'jpg',0,NULL,146),(147,'//lain.bgm.tv/r/400/pic/crt/l/34/ba/87547_crt_ESwQf.jpg?r=1606415933',NULL,'jpg',0,NULL,147),(148,'//lain.bgm.tv/r/400/pic/crt/l/18/43/18565_crt_1W9l4.jpg?r=1642336645',NULL,'jpg',0,NULL,148),(149,'//lain.bgm.tv/r/400/pic/crt/l/ef/ff/18566_crt_t6XdK.jpg?r=1642336723',NULL,'jpg',0,NULL,149),(152,'//lain.bgm.tv/r/400/pic/crt/l/a9/12/62966_crt_eoESE.jpg?r=1638343110',NULL,'jpg',0,NULL,152),(153,'//lain.bgm.tv/r/400/pic/crt/l/35/9f/62967_crt_6Ii1u.jpg?r=1675259636',NULL,'jpg',0,NULL,153),(154,'//lain.bgm.tv/r/400/pic/crt/l/79/4d/62968_crt_pjh4T.jpg?r=1675259610',NULL,'jpg',0,NULL,154),(155,'//lain.bgm.tv/r/400/pic/crt/l/b5/b6/86246_crt_VexxG.jpg?r=1696587402',NULL,'jpg',0,NULL,155),(156,'//lain.bgm.tv/r/400/pic/crt/l/38/6d/86247_crt_C8831.jpg?r=1692974235',NULL,'jpg',0,NULL,156),(161,'//lain.bgm.tv/r/400/pic/crt/l/59/cc/90574_crt_B10QC.jpg?r=1682860011',NULL,'jpg',0,NULL,161),(162,'//lain.bgm.tv/r/400/pic/crt/l/69/9b/123909_crt_UouUd.jpg?r=1675669301',NULL,'jpg',0,NULL,162),(163,'//lain.bgm.tv/r/400/pic/crt/l/80/34/121062_crt_Nz3ZG.jpg?r=1716563239',NULL,'jpg',0,NULL,163),(164,'//lain.bgm.tv/r/400/pic/crt/l/a0/28/35468_crt_93Lng.jpg?r=1688636456',NULL,'jpg',0,NULL,164),(165,'//lain.bgm.tv/r/400/pic/crt/l/1e/a9/35277_crt_V6yKj.jpg?r=1688968900',NULL,'jpg',0,NULL,165),(166,'//lain.bgm.tv/r/400/pic/crt/l/44/d8/28580_crt_V4522.jpg?r=1682438140',NULL,'jpg',0,NULL,166),(167,'//lain.bgm.tv/r/400/pic/crt/l/4e/de/39067_crt_lGhKn.jpg',NULL,'jpg',0,NULL,167),(168,'//lain.bgm.tv/r/400/pic/crt/l/c7/21/39226_crt_m4r3Q.jpg',NULL,'jpg',0,NULL,168),(169,'//lain.bgm.tv/r/400/pic/crt/l/e8/af/36220_crt_2vVZj.jpg',NULL,'jpg',0,NULL,169),(170,'//lain.bgm.tv/r/400/pic/crt/l/81/0e/36222_crt_mYjJt.jpg',NULL,'jpg',0,NULL,170),(171,'//lain.bgm.tv/r/400/pic/crt/l/45/0c/34662_crt_QN2U6.jpg',NULL,'jpg',0,NULL,171),(172,'//lain.bgm.tv/r/400/pic/crt/l/8f/69/45923_crt_osDGb.jpg',NULL,'jpg',0,NULL,172),(174,'//lain.bgm.tv/r/400/pic/crt/l/de/73/112103_crt_fm3Yt.jpg?r=1675666366',NULL,'jpg',0,NULL,174),(175,'//lain.bgm.tv/r/400/pic/crt/l/bf/3f/112104_crt_R6U56.jpg?r=1675666391',NULL,'jpg',0,NULL,175),(177,'//lain.bgm.tv/r/400/pic/crt/l/7d/97/58444_crt_YE77B.jpg?r=1672572354',NULL,'jpg',0,NULL,177),(178,'//lain.bgm.tv/r/400/pic/crt/l/8e/01/58445_crt_AaAK3.jpg?r=1673433150',NULL,'jpg',0,NULL,178),(183,'//lain.bgm.tv/r/400/pic/crt/l/c5/3a/102125_crt_I1eZN.jpg?r=1674520069',NULL,'jpg',0,NULL,183),(184,'//lain.bgm.tv/r/400/pic/crt/l/71/cc/102126_crt_aJfCA.jpg?r=1674520085',NULL,'jpg',0,NULL,184),(185,'//lain.bgm.tv/r/400/pic/crt/l/1f/58/67403_crt_sslKQ.jpg?r=1562399191',NULL,'jpg',0,NULL,185),(186,'//lain.bgm.tv/r/400/pic/crt/l/07/c0/103922_crt_gMLoD.jpg',NULL,'jpg',0,NULL,186),(188,'//lain.bgm.tv/r/400/pic/crt/l/69/29/126610_crt_O2Zpv.jpg?r=1717851307',NULL,'jpg',0,NULL,188),(189,'//lain.bgm.tv/r/400/pic/crt/l/e6/c6/126612_crt_N87S4.jpg?r=1704905145',NULL,'jpg',0,NULL,189),(190,'//lain.bgm.tv/r/400/pic/crt/l/cb/9e/126611_crt_084B0.jpg?r=1702801741',NULL,'jpg',0,NULL,190),(191,'//lain.bgm.tv/r/400/pic/crt/l/88/67/132521_crt_Ejjeu.jpg?r=1700148665',NULL,'jpg',0,NULL,191),(192,'//lain.bgm.tv/r/400/pic/crt/l/82/40/132525_crt_ITw9e.jpg?r=1688127897',NULL,'jpg',0,NULL,192),(193,'//lain.bgm.tv/r/400/pic/crt/l/4b/e4/132529_crt_556eK.jpg?r=1688128102',NULL,'jpg',0,NULL,193),(194,'//lain.bgm.tv/r/400/pic/crt/l/81/df/143424_crt_6kt3N.jpg?r=1701615434',NULL,'jpg',0,NULL,194),(199,'//lain.bgm.tv/r/400/pic/crt/l/7d/6d/107687_crt_F35vE.jpg?r=1735656089',NULL,'jpg',0,NULL,199),(201,'//lain.bgm.tv/r/400/pic/crt/l/58/57/36278_crt_yA0q8.jpg',NULL,'jpg',0,NULL,201),(202,'//lain.bgm.tv/r/400/pic/crt/l/16/b2/36286_crt_swzeJ.jpg',NULL,'jpg',0,NULL,202),(203,'//lain.bgm.tv/r/400/pic/crt/l/a2/5b/36302_crt_xci68.jpg',NULL,'jpg',0,NULL,203),(204,'//lain.bgm.tv/r/400/pic/crt/l/72/df/35278_crt_V3IvI.jpg',NULL,'jpg',0,NULL,204),(205,'//lain.bgm.tv/r/400/pic/crt/l/d5/1b/35280_crt_5ZL6h.jpg',NULL,'jpg',0,NULL,205),(206,'//lain.bgm.tv/r/400/pic/crt/l/91/9c/36279_crt_4hlH8.jpg',NULL,'jpg',0,NULL,206),(209,'//lain.bgm.tv/r/400/pic/crt/l/87/fc/111328_crt_a1d38.jpg?r=1730807180',NULL,'jpg',0,NULL,209),(210,'//lain.bgm.tv/r/400/pic/crt/l/95/e0/111329_crt_BzWQM.jpg?r=1720895606',NULL,'jpg',0,NULL,210),(211,'//lain.bgm.tv/r/400/pic/crt/l/8e/66/111330_crt_P83p5.jpg?r=1723560941',NULL,'jpg',0,NULL,211),(227,'//lain.bgm.tv/r/400/pic/crt/l/6d/f1/23647_crt_tb7XE.jpg?r=1610919377',NULL,'jpg',0,NULL,227),(228,'//lain.bgm.tv/r/400/pic/crt/l/d4/54/23648_crt_cIzBF.jpg?r=1610919693',NULL,'jpg',0,NULL,228),(229,'//lain.bgm.tv/r/400/pic/crt/l/1b/cb/23649_crt_66u31.jpg?r=1610919870',NULL,'jpg',0,NULL,229),(230,'//lain.bgm.tv/r/400/pic/crt/l/81/ac/23650_crt_J4y0a.jpg?r=1610920008',NULL,'jpg',0,NULL,230),(231,'//lain.bgm.tv/r/400/pic/crt/l/ed/cc/23651_crt_Tox27.jpg?r=1610920213',NULL,'jpg',0,NULL,231),(232,'//lain.bgm.tv/r/400/pic/crt/l/b4/ee/111327_crt_riSn3.jpg?r=1720856409',NULL,'jpg',0,NULL,232);
/*!40000 ALTER TABLE `roleimage` ENABLE KEYS */;
UNLOCK TABLES;

--
-- Table structure for table `rolesourcerelation`
--

DROP TABLE IF EXISTS `rolesourcerelation`;
/*!40101 SET @saved_cs_client     = @@character_set_client */;
/*!50503 SET character_set_client = utf8mb4 */;
CREATE TABLE `rolesourcerelation` (
  `role_id` int NOT NULL,
  `source_id` int NOT NULL,
  PRIMARY KEY (`role_id`,`source_id`),
  KEY `source_id` (`source_id`),
  KEY `idx_rolesourcerelation_source_role` (`source_id`,`role_id`),
  CONSTRAINT `rolesourcerelation_ibfk_1` FOREIGN KEY (`role_id`) REFERENCES `role` (`role_id`) ON DELETE CASCADE,
  CONSTRAINT `rolesourcerelation_ibfk_2` FOREIGN KEY (`source_id`) REFERENCES `source` (`source_id`) ON DELETE CASCADE
) ENGINE=InnoDB DEFAULT CHARSET=utf8mb4 COLLATE=utf8mb4_unicode_ci;
/*!40101 SET character_set_client = @saved_cs_client */;

--
-- Dumping data for table `rolesourcerelation`
--

LOCK TABLES `rolesourcerelation` WRITE;
/*!40000 ALTER TABLE `rolesourcerelation` DISABLE KEYS */;
INSERT INTO `rolesourcerelation` VALUES (1,1),(2,1),(3,2),(4,2),(5,2),(6,3),(7,3),(8,3),(9,3),(10,3),(11,5),(12,5),(13,5),(14,5),(15,5),(16,6),(17,6),(18,6),(19,7),(20,7),(23,9),(27,12),(28,12),(29,12),(30,12),(33,14),(34,14),(35,14),(36,14),(37,14),(38,14),(39,14),(40,14),(41,14),(45,17),(46,17),(52,20),(53,20),(61,27),(62,27),(63,27),(64,27),(65,28),(66,28),(67,28),(68,28),(69,28),(70,29),(71,29),(72,29),(77,33),(78,33),(79,33),(82,35),(83,35),(84,35),(85,35),(93,43),(96,45),(97,45),(98,45),(99,45),(100,45),(101,46),(102,46),(108,52),(109,52),(110,52),(111,52),(112,52),(113,53),(114,53),(115,53),(116,53),(117,53),(118,54),(119,54),(120,55),(121,55),(122,55),(123,55),(124,55),(125,56),(126,56),(127,57),(134,62),(135,63),(136,63),(142,68),(143,68),(144,69),(145,69),(146,69),(147,69),(148,70),(152,72),(153,72),(154,72),(155,73),(161,77),(162,77),(163,78),(164,80),(165,80),(166,80),(167,80),(168,80),(169,80),(170,80),(171,80),(174,81),(175,81),(177,83),(183,88),(184,88),(185,89),(188,90),(189,90),(190,90),(191,90),(192,90),(193,90),(201,96),(202,96),(203,96),(204,96),(205,96),(227,102),(228,102),(229,102),(230,102),(231,102),(227,103),(228,103),(229,103),(230,103),(231,103),(209,104),(210,104),(211,104),(232,104);
/*!40000 ALTER TABLE `rolesourcerelation` ENABLE KEYS */;
UNLOCK TABLES;

--
-- Table structure for table `roletag`
--

DROP TABLE IF EXISTS `roletag`;
/*!40101 SET @saved_cs_client     = @@character_set_client */;
/*!50503 SET character_set_client = utf8mb4 */;
CREATE TABLE `roletag` (
  `tag_id` int NOT NULL AUTO_INCREMENT,
  `tag` char(20) CHARACTER SET utf8mb4 COLLATE utf8mb4_unicode_ci NOT NULL,
  `num` int NOT NULL,
  PRIMARY KEY (`tag_id`),
  UNIQUE KEY `tag` (`tag`),
  KEY `idx_roletag_tag` (`tag`)
) ENGINE=InnoDB AUTO_INCREMENT=825 DEFAULT CHARSET=utf8mb4 COLLATE=utf8mb4_unicode_ci;
/*!40101 SET character_set_client = @saved_cs_client */;

--
-- Dumping data for table `roletag`
--

LOCK TABLES `roletag` WRITE;
/*!40000 ALTER TABLE `roletag` DISABLE KEYS */;
INSERT INTO `roletag` VALUES (1,'军人',1),(2,'刺猬头',3),(3,'伤疤',4),(4,'兄贵',3),(5,'吐槽',14),(6,'肌肉男',3),(7,'暖男',6),(8,'颜艺',19),(9,'少女心',2),(10,'军装',2),(11,'大檐帽',1),(12,'高额头',5),(13,'大背头',1),(14,'反差萌',19),(15,'青梅竹马',11),(16,'男一号',1),(17,'萝莉',26),(18,'女儿',6),(19,'混血儿',8),(20,'猎人',1),(21,'弓',2),(22,'长发',9),(23,'耳环',2),(24,'吃货',9),(25,'好奇',2),(26,'画师',1),(27,'玩偶',3),(28,'社交恐惧症',3),(29,'中二病',3),(30,'同班同学',6),(31,'模特',3),(32,'大小姐',11),(33,'雀斑',2),(34,'眼镜',5),(35,'冰美人',4),(36,'怪力女',5),(37,'傲娇',26),(38,'高中生',31),(39,'腹黑',13),(40,'温柔',24),(41,'天才',15),(42,'贫乳',16),(43,'发带',1),(44,'醋缸',9),(45,'猫耳',3),(46,'中分',6),(47,'长鬓角',12),(48,'环形辫',2),(49,'学生会副会长',2),(50,'私生子女',2),(51,'黑长直',9),(52,'口嫌体正直',2),(53,'学姐',9),(54,'天然萌',14),(55,'脑内会议',1),(56,'妹妹',11),(57,'弓道部',1),(58,'实妹',2),(59,'黑色及膝袜',1),(60,'身份差异恋',2),(61,'脑补',1),(62,'摄影师',1),(63,'妈妈',4),(64,'幼儿退行',1),(65,'病娇',3),(66,'眼神凶恶',1),(67,'优等生',23),(68,'哥哥',8),(69,'老好人',7),(70,'学生会长',4),(71,'短发',19),(72,'学兰',3),(73,'料理达人',13),(74,'音痴',1),(75,'旱鸭子',5),(76,'怕虫子',3),(77,'三白眼',9),(78,'黑眼圈',2),(79,'咖啡依赖症',1),(80,'努力',1),(81,'天然黑',5),(82,'元气',29),(83,'KY',3),(84,'粉切黑',2),(85,'卷发',13),(86,'钢琴',5),(87,'齐刘海',11),(88,'蝴蝶结',4),(89,'巨乳',23),(90,'不怕虫子',1),(91,'装傻',3),(92,'抢戏',3),(93,'劳模',2),(94,'母亲',4),(95,'学生会书记',1),(96,'日本首相',1),(97,'小天使',14),(98,'治愈系',6),(99,'女神系',2),(100,'孩子气',1),(101,'遮眼发',6),(102,'学弟',1),(103,'耳机',2),(104,'害怕',1),(105,'女装',6),(106,'宅男',2),(107,'乌鸦嘴',1),(108,'基友',1),(109,'真男人',3),(110,'妹妹头',4),(111,'偏科生',3),(112,'学生会会计',1),(113,'败犬',5),(114,'下双马尾',5),(115,'风纪委员',3),(116,'袖章',3),(117,'天然呆',14),(118,'小恶魔系',6),(119,'大胃王',3),(120,'脑补帝',1),(121,'连裤袜',9),(122,'幼儿体型',8),(123,'开门王',1),(124,'光头',1),(125,'隐藏巨乳',5),(126,'绅士',3),(127,'剑士',1),(128,'冒险者',4),(129,'烟枪',1),(130,'糟糕',4),(131,'披风',5),(132,'儿子',3),(133,'带孝子',1),(134,'辫子',3),(135,'射手',1),(136,'精灵',1),(137,'魔法',1),(138,'金发碧眼',8),(139,'合法正太',2),(140,'尖耳朵',3),(141,'天使',1),(142,'长直',6),(143,'打工',1),(144,'连衣裙',2),(145,'布鲁玛',2),(146,'两性同体',1),(147,'纯真',1),(148,'翅膀',2),(149,'光环',1),(150,'抖S',1),(151,'半身人',1),(152,'豆眉',1),(153,'腮红',1),(154,'兽耳',1),(155,'豆豆眼',2),(156,'服务生',2),(157,'女仆装',1),(158,'有翼人',1),(159,'鸟爪足',1),(160,'高岭之花',3),(161,'自残',2),(162,'龙须刘海',3),(163,'幼驯染',5),(164,'制服',13),(165,'留长发',3),(166,'肢体残疾',1),(167,'黑化',4),(168,'BOSS',1),(169,'腹肌',1),(170,'无口',6),(171,'围巾',2),(172,'过膝靴',6),(173,'刀剑',3),(174,'女战士',1),(175,'有胸的帅哥',5),(176,'暗恋对象',1),(177,'遮耳发',3),(178,'弱气',3),(179,'胆小',5),(180,'伪伪郎',1),(181,'剪发',3),(182,'伪娘',1),(183,'热血',1),(184,'阳角',3),(185,'可爱',2),(186,'团宠',4),(187,'单纯',3),(188,'笨蛋',12),(189,'差生',2),(190,'自来熟',3),(191,'运动员',2),(192,'乱发',3),(193,'率直',1),(194,'实兄',2),(195,'实弟',2),(196,'认真',10),(197,'残念系',2),(198,'M形刘海',8),(199,'心理阴影',3),(200,'老实人',1),(201,'池面',3),(202,'长身',4),(203,'御兄',1),(204,'吊眼',7),(205,'轻微中二',1),(206,'家里蹲',3),(207,'穿越者',1),(208,'精灵骑士',1),(209,'运动衫',2),(210,'佣人',1),(211,'沉重',2),(212,'贫穷',3),(213,'自带BGM',2),(214,'绝望',1),(215,'重生者',1),(216,'自杀',2),(217,'失眠',2),(218,'S/L大法',1),(219,'日本普通高中生',3),(220,'邋遢',1),(221,'漫画家',1),(222,'父亲',2),(223,'呆毛',22),(224,'遮单眼发',2),(225,'小学生',10),(226,'美少女',9),(227,'水手服',9),(228,'短刘海',4),(229,'学霸',4),(230,'安全裤',2),(231,'暴力女',3),(232,'中长发',9),(233,'泡泡袜',2),(234,'发夹',13),(235,'头花',6),(236,'乐福鞋',2),(237,'初中生',16),(238,'口癖',8),(239,'姐姐',16),(240,'妹控',5),(241,'运动少女',10),(242,'有钱',1),(243,'背心',1),(244,'浴衣',3),(245,'暗恋',4),(246,'小提琴',1),(247,'短袖',2),(248,'棒球帽',1),(249,'电能力',1),(250,'吃醋',1),(251,'鼻血',1),(252,'三折袜',2),(253,'偷拍',1),(254,'姐控',3),(255,'天然疯',1),(256,'主角厨',1),(257,'战损',1),(258,'M属性',2),(259,'S属性',1),(260,'落差萌',1),(261,'双马尾',11),(262,'痴女',4),(263,'A4腰',1),(264,'叫醒服务',2),(265,'腿环',1),(266,'只穿校服',1),(267,'百合',9),(268,'学妹',5),(269,'成长阶段的反差',2),(270,'超能力者',10),(271,'富有正义感',2),(272,'夜袭',1),(273,'室友',2),(274,'露出癖',1),(275,'大蝴蝶结',3),(276,'毒舌',5),(277,'电脑配件',1),(278,'发卡',2),(279,'黑客',1),(280,'姬发式',3),(281,'虎牙',5),(282,'八卦',1),(283,'棒球棒',1),(284,'发饰',4),(285,'掀裙子',1),(286,'金长直',2),(287,'组织领导人',1),(288,'JC',1),(289,'女王',1),(290,'星星眼',3),(291,'体力差',3),(292,'体香',1),(293,'绝对领域',11),(294,'色气',1),(295,'校服',1),(296,'长手套',1),(297,'白色过膝袜',5),(298,'非法御姐',2),(299,'甜食控',3),(300,'挎包',1),(301,'咬手指',1),(302,'精神操控',2),(303,'大和抚子',2),(304,'演员',3),(305,'百合党',1),(306,'长直发',1),(307,'半马尾',4),(308,'Half-up',3),(309,'转学生',4),(310,'敬语',6),(311,'偶像',15),(312,'凉鞋',1),(313,'睡神',1),(314,'丰满',1),(315,'慵懒',2),(316,'语速慢',1),(317,'第三人称己称',5),(318,'贤惠',2),(319,'校服敞开',2),(320,'长卷发',4),(321,'半睁眼',4),(322,'王冠',1),(323,'外国人',1),(324,'歌姬',6),(325,'留学生',1),(326,'麻花辫',5),(327,'白色皮肤',1),(328,'皮靴',1),(329,'丸子头',3),(330,'玛丽珍鞋',4),(331,'重女',1),(332,'部长',6),(333,'贝雷帽',1),(334,'恶意卖萌',1),(335,'吃瘪',1),(336,'撒娇',2),(337,'御姐',2),(338,'♯♯魔',2),(339,'路痴',3),(340,'妈宝',1),(341,'傲沉',1),(342,'高跟鞋',5),(343,'条纹袜',1),(344,'吊带袜',1),(345,'露脐装',7),(346,'赖床',2),(347,'乱室佳人',1),(348,'辣妹',3),(349,'指甲油',1),(350,'换发型',4),(351,'高马尾',1),(352,'叼棒棒糖',1),(353,'大肠发圈',1),(354,'万能',1),(355,'怕打雷',4),(356,'衣服系腰',1),(357,'萝莉控',2),(358,'御宅族',1),(359,'话唠',1),(360,'黑暗料理',4),(361,'不穿校服',1),(362,'双重身份',3),(363,'过膝袜',4),(364,'长靴',3),(365,'侧马尾',2),(366,'吊眼梢',2),(367,'中二',1),(368,'玩家',1),(369,'枪械',1),(370,'翻翘',3),(371,'垂眼',1),(372,'天才少女',1),(373,'电波',2),(374,'程序员',1),(375,'黑色过膝袜',5),(376,'面瘫',3),(377,'三无',2),(378,'面具',2),(379,'超长袖',1),(380,'人格开关',1),(381,'闷骚',2),(382,'天顶星科技',1),(383,'渐变色发',3),(384,'玩家角色',1),(385,'艺术生',1),(386,'宝冢系',1),(387,'制作人',2),(388,'社团经理人',1),(389,'臭DD',1),(390,'变身',2),(391,'魔法少女',3),(392,'京都腔',1),(393,'礼帽',1),(394,'理科少女',3),(395,'公主辫',3),(396,'泪痣',2),(397,'迟钝',3),(398,'话痨',2),(399,'无铁炮',6),(400,'酒品差',4),(401,'素足履',1),(402,'广播主持',1),(403,'死库水',2),(404,'单马尾',1),(405,'豪爽',1),(406,'单眼',1),(407,'人妻',10),(408,'转世者',3),(409,'低马尾',1),(410,'美少年',4),(411,'魔法师',5),(412,'后宫',1),(413,'人生赢家',1),(414,'伪郎',1),(415,'粗眉',5),(416,'暴娇',1),(417,'发箍',3),(418,'白色连裤袜',3),(419,'剑王',1),(420,'战斗狂',2),(421,'教师',1),(422,'家庭教师',1),(423,'魔法帽子',1),(424,'合法萝莉',2),(425,'旅行者',2),(426,'自慰',2),(427,'水能力',1),(428,'双麻花辫',2),(429,'冒失',8),(430,'怕黑',2),(431,'怕鬼',2),(432,'M型刘海',1),(433,'雪地靴',5),(434,'超长发',1),(435,'文学少女',3),(436,'冷娇',7),(437,'图书管理员',1),(438,'微卷发',1),(439,'打工妹',1),(440,'黑框眼镜',1),(441,'关西腔',7),(442,'丰满体型',4),(443,'说谎',1),(444,'侧单马尾',3),(445,'自行车',1),(446,'土豪',1),(447,'不人姬',1),(448,'率直冷',3),(449,'喵帕斯',1),(450,'竖笛',1),(451,'童颜巨乳',2),(452,'大叔心',1),(453,'单恋',1),(454,'熊孩子',1),(455,'蠢萌',1),(456,'特殊第一人称',1),(457,'兄控',5),(458,'八重齿',1),(459,'披肩双马尾',2),(460,'白发红眼',1),(461,'正太',4),(462,'缺乏常识',1),(463,'表情包',1),(464,'看穿一切',1),(465,'天降系',1),(466,'复活',1),(467,'冷汗',1),(468,'左撇子',2),(469,'怪力',3),(470,'角',1),(471,'忠犬',1),(472,'穗带',1),(473,'不会用筷子',1),(474,'墨镜',1),(475,'恋尸癖',1),(476,'僵尸',4),(477,'幸运E',2),(478,'九州腔',1),(479,'永远的十七岁',1),(480,'马尾',6),(481,'大姐头',1),(482,'不良少女',2),(483,'挑染',1),(484,'耳钉',1),(485,'多色发',1),(486,'领带',2),(487,'小女孩',1),(488,'绷带',1),(489,'平成偶像',1),(490,'短乱卷碎发',1),(491,'小黄花',1),(492,'萌物控',1),(493,'恐高症',2),(494,'昭和偶像',1),(495,'可食用',1),(496,'天然卷',2),(497,'能力复制',1),(498,'郁娇',1),(499,'别扭',1),(500,'不悯',3),(501,'进气口发型',6),(502,'交叉刘海',3),(503,'机器人驾驶员',4),(504,'DK',1),(505,'打工族',2),(506,'眼镜(私服)',1),(507,'萌袖',1),(508,'黑色连裤袜',5),(509,'表妹',1),(510,'美人痣',1),(511,'中靴',2),(512,'露腋',1),(513,'纹身',1),(514,'鬓角须',1),(515,'辍学',1),(516,'爷爷',1),(517,'科学家',5),(518,'酒鬼',1),(519,'自我意识过剩',1),(520,'突破第四面墙',1),(521,'学生',2),(522,'克隆人',2),(523,'爸爸',1),(524,'医生',3),(525,'最强',1),(526,'弟控',1),(527,'鬼畜',1),(528,'蘑菇头',2),(529,'死鱼眼',1),(530,'双重人格',1),(531,'师父',1),(532,'欺诈师',1),(533,'幽灵',1),(534,'跟班',1),(535,'红晕',1),(536,'教主',1),(537,'口紫',1),(538,'报招式名',1),(539,'附身能力',1),(540,'暴躁',1),(541,'厨师帽发型',1),(542,'森女',1),(543,'人字刘海',3),(544,'正莉',1),(545,'欢喜冤家',1),(546,'高攻低防',1),(547,'天降青梅',1),(548,'猫控',1),(549,'女儿控',1),(550,'长子',1),(551,'双刀',1),(552,'死神',2),(553,'人夫',1),(554,'收藏家',1),(555,'主角光环',1),(556,'不良少年',1),(557,'二刀流',1),(558,'灵视能力',1),(559,'贵族',1),(560,'强气',3),(561,'工作狂',1),(562,'灵魂画师',1),(563,'刘海尾',1),(564,'心理创伤',1),(565,'童颜',1),(566,'中指袖套',1),(567,'日本刀',3),(568,'义妹',2),(569,'小姨子',1),(570,'弓箭',1),(571,'远亲',1),(572,'脱线',3),(573,'葱',1),(574,'格斗家',1),(575,'褐色皮肤',3),(576,'文身',1),(577,'项链',1),(578,'胡须',2),(579,'阿卡林',2),(580,'日式小学生书包',1),(581,'看板娘',3),(582,'双角',1),(583,'心形尾巴',1),(584,'袜靴',2),(585,'魔族',1),(586,'梦魔',1),(587,'人外',2),(588,'废柴',2),(589,'变态',1),(590,'欠债',1),(591,'机械白痴',1),(592,'进入梦境',1),(593,'肚子控',1),(594,'中性',1),(595,'X形发饰',2),(596,'饰品翅膀',1),(597,'洞洞鞋',1),(598,'粉色系',1),(599,'露肩装',1),(600,'分离袖子',1),(601,'魔法杖',3),(602,'黑色系',1),(603,'手套',2),(604,'超短裙',1),(605,'孤儿',4),(606,'孤僻',2),(607,'无表情',1),(608,'猫奴',1),(609,'土妹子',3),(610,'早熟',3),(611,'身体柔软',1),(612,'义兄',1),(613,'手表',1),(614,'异色瞳',1),(615,'脸红',1),(616,'蓝白胖次',1),(617,'自卑',2),(618,'吸血鬼',1),(619,'异瞳',1),(620,'偏分',2),(621,'易容',1),(622,'间谍',1),(623,'本名不明',1),(624,'养父',1),(625,'西装',1),(626,'长裤',2),(627,'皮鞋',2),(628,'PTSD',1),(629,'全能',1),(630,'杀手',1),(631,'养母',1),(632,'实姐',1),(633,'公务员',1),(634,'盘发',1),(635,'OL',1),(636,'力速双A弱女子',1),(637,'实验体',2),(638,'养女',1),(639,'小锥帽发饰',1),(640,'白色短袜',1),(641,'读心术',1),(642,'吃瓜',1),(643,'上帝视角',1),(644,'助攻',1),(645,'预知未来',1),(646,'圣母',1),(647,'口绿',2),(648,'双色发',1),(649,'眼影',1),(650,'蝴蝶文身',1),(651,'连裤靴',1),(652,'丝线',1),(653,'越狱',1),(654,'胎记',1),(655,'吊带装',1),(656,'身体拆分能力者',1),(657,'假乳',1),(658,'闺蜜',1),(659,'脏辫',1),(660,'美人尖',2),(661,'晕血症',1),(662,'无袖',1),(663,'臂环',1),(664,'复仇',1),(665,'特殊声线',1),(666,'囚犯',1),(667,'黑丝',3),(668,'书写对话',1),(669,'斜刘海',3),(670,'读心',1),(671,'蟑螂毛',1),(672,'猫箱性别',1),(673,'社交牛逼症',1),(674,'不可思议系',1),(675,'精灵族',1),(676,'不老',1),(677,'畏寒',1),(678,'睡相差',1),(679,'装弱',1),(680,'幸存者',2),(681,'收集癖',1),(682,'不懂爱',1),(683,'靴子',1),(684,'独生子女',3),(685,'爱哭',1),(686,'近视',1),(687,'不对称鬓发',2),(688,'四分之三袜',2),(689,'猫系',1),(690,'捂脸',1),(691,'害羞',2),(692,'旁白',1),(693,'圈圈眼',1),(694,'弟弟',2),(695,'长刘海',3),(696,'自曝',1),(697,'有名无姓',1),(698,'妄想',2),(699,'双胞胎',3),(700,'怕打针',1),(701,'大小姐口癖',1),(702,'父控',1),(703,'高飞车',1),(704,'假小子',1),(705,'俺娘',1),(706,'天真无邪',3),(707,'幼女',1),(708,'布偶装',1),(709,'公主',1),(710,'软妹',1),(711,'宠物相伴',2),(712,'班长',2),(713,'扑克脸',1),(714,'可靠',1),(715,'病弱',2),(716,'怕生',1),(717,'失禁',1),(718,'现充',1),(719,'性转换',1),(720,'宅女',1),(721,'白虎(萌属性)',1),(722,'自宅警备员',1),(723,'大学生',2),(724,'帅哥',1),(725,'半遮颜',1),(726,'母控',2),(727,'沉稳',1),(728,'星二代',2),(729,'偶像宅',3),(730,'白色及膝袜',1),(731,'绝症',1),(732,'男主角',1),(733,'实验服',2),(734,'特殊发型',1),(735,'口头禅',2),(736,'恶人颜',1),(737,'养子',1),(738,'生漆过敏',1),(739,'不择手段',1),(740,'离婚',1),(741,'村长',1),(742,'船形帽',1),(743,'船长',1),(744,'大少爷',1),(745,'霸道总裁',1),(746,'全能（仅对待女友时）',1),(747,'忠犬（仅在对待女友时）',1),(748,'后宫王',1),(749,'粗腿',1),(750,'安产型',2),(751,'兔耳蝴蝶结',1),(752,'常识人',2),(753,'一见钟情',1),(754,'电子音',1),(755,'书',1),(756,'文静',1),(757,'白长直',1),(758,'维基百科',1),(759,'AI姬',1),(760,'可萝可御',1),(761,'药剂师',1),(762,'巨乳（成人体）',1),(763,'贫乳（幼年体）',1),(764,'长发（成人体）',1),(765,'短发（幼年体）',1),(766,'搞事',1),(767,'猫嘴',1),(768,'熟女',1),(769,'恋爱脑',1),(770,'富婆',1),(771,'理事长',1),(772,'董事长',1),(773,'钞能力',1),(774,'商人',1),(775,'罗马卷',1),(776,'星星发饰',1),(777,'吊坠',1),(778,'美甲',1),(779,'流口水',1),(780,'纸尿裤play',1),(781,'开叉裙',1),(782,'露胸',1),(783,'母女丼',1),(784,'尖耳',1),(785,'画伯',1),(786,'手环',1),(787,'北海道腔',1),(788,'阴角',2),(789,'路人',2),(790,'及膝袜',3),(791,'晒痕',1),(792,'社恐',1),(793,'腐女',1),(794,'挑食',2),(795,'百合(萌属性)',2),(796,'植物发饰',1),(797,'魔术师(萌属性)',1),(798,'怕羞',1),(799,'醉酒变纯情',1),(800,'单亲子女',1),(801,'棒读',1),(802,'国际象棋',1),(803,'咖啡',1),(804,'智力游戏',1),(805,'手枪',1),(806,'美乳',1),(807,'西装校服（页面不存在）',1),(808,'风衣',1),(809,'学园偶像',1),(810,'比基尼',1),(811,'军武娘',1),(812,'和服',1),(813,'围裙',1),(814,'晕动症',1),(815,'武士',1),(816,'短靴',1),(817,'鬼畜(萌属性)',1),(818,'鼓脸颊',1),(819,'醉饮料',1),(820,'怕动物',1),(821,'杀死童贞服',1),(822,'兔耳',1),(823,'吸引动物',1),(824,'口吃',1);
/*!40000 ALTER TABLE `roletag` ENABLE KEYS */;
UNLOCK TABLES;

--
-- Table structure for table `roletagrelation`
--

DROP TABLE IF EXISTS `roletagrelation`;
/*!40101 SET @saved_cs_client     = @@character_set_client */;
/*!50503 SET character_set_client = utf8mb4 */;
CREATE TABLE `roletagrelation` (
  `tag_id` int NOT NULL,
  `role_id` int NOT NULL,
  PRIMARY KEY (`role_id`,`tag_id`),
  KEY `tag_id` (`tag_id`),
  KEY `idx_roletagrelation_role_tag` (`role_id`,`tag_id`),
  CONSTRAINT `roletagrelation_ibfk_1` FOREIGN KEY (`tag_id`) REFERENCES `roletag` (`tag_id`) ON DELETE CASCADE,
  CONSTRAINT `roletagrelation_ibfk_2` FOREIGN KEY (`role_id`) REFERENCES `role` (`role_id`) ON DELETE CASCADE
) ENGINE=InnoDB DEFAULT CHARSET=utf8mb4 COLLATE=utf8mb4_0900_ai_ci;
/*!40101 SET character_set_client = @saved_cs_client */;

--
-- Dumping data for table `roletagrelation`
--

LOCK TABLES `roletagrelation` WRITE;
/*!40000 ALTER TABLE `roletagrelation` DISABLE KEYS */;
INSERT INTO `roletagrelation` VALUES (1,1),(2,1),(2,120),(2,163),(3,1),(3,11),(3,17),(3,128),(4,1),(4,96),(4,124),(5,1),(5,19),(5,21),(5,99),(5,100),(5,120),(5,121),(5,122),(5,188),(5,190),(5,229),(5,231),(5,232),(6,1),(6,110),(6,124),(7,1),(7,120),(7,122),(7,124),(7,175),(7,188),(8,1),(8,2),(8,6),(8,8),(8,20),(8,21),(8,36),(8,37),(8,40),(8,83),(8,96),(8,135),(8,144),(8,145),(8,146),(8,164),(8,185),(8,186),(8,209),(9,1),(9,122),(10,1),(10,229),(11,1),(12,1),(12,21),(12,118),(12,149),(12,170),(13,1),(14,1),(14,7),(14,10),(14,16),(14,27),(14,28),(14,38),(14,40),(14,66),(14,86),(14,96),(14,121),(14,134),(14,144),(14,146),(14,149),(14,152),(14,175),(14,185),(15,1),(15,16),(15,36),(15,42),(15,62),(15,98),(15,114),(15,209),(15,210),(15,230),(15,231),(16,1),(17,2),(17,10),(17,24),(17,28),(17,29),(17,41),(17,45),(17,62),(17,66),(17,70),(17,73),(17,79),(17,116),(17,127),(17,146),(17,164),(17,165),(17,166),(17,167),(17,168),(17,169),(17,170),(17,172),(17,191),(17,206),(17,228),(18,2),(18,24),(18,103),(18,126),(18,148),(18,184),(19,2),(19,17),(19,62),(19,120),(19,124),(19,136),(19,137),(19,148),(20,2),(21,2),(21,12),(22,2),(22,103),(22,115),(22,116),(22,121),(22,161),(22,177),(22,194),(22,228),(23,2),(23,145),(24,2),(24,10),(24,65),(24,80),(24,134),(24,136),(24,161),(24,204),(24,209),(25,3),(25,35),(26,3),(27,3),(27,27),(27,229),(28,3),(28,152),(28,191),(29,3),(29,153),(29,162),(30,4),(30,29),(30,162),(30,209),(30,232),(31,4),(31,46),(31,161),(32,4),(32,6),(32,8),(32,27),(32,28),(32,31),(32,63),(32,165),(32,189),(32,229),(32,231),(33,5),(33,35),(34,5),(34,40),(34,78),(34,115),(34,122),(35,6),(35,17),(35,94),(35,152),(36,6),(36,63),(36,128),(36,190),(36,229),(37,6),(37,10),(37,18),(37,20),(37,21),(37,27),(37,28),(37,31),(37,63),(37,80),(37,101),(37,110),(37,114),(37,117),(37,119),(37,120),(37,121),(37,122),(37,127),(37,136),(37,144),(37,164),(37,177),(37,190),(37,229),(37,231),(38,6),(38,7),(38,8),(38,9),(38,10),(38,19),(38,20),(38,35),(38,36),(38,37),(38,38),(38,39),(38,40),(38,41),(38,42),(38,128),(38,136),(38,137),(38,152),(38,174),(38,175),(38,185),(38,188),(38,189),(38,190),(38,191),(38,192),(38,193),(38,209),(38,228),(38,229),(39,6),(39,8),(39,28),(39,31),(39,33),(39,34),(39,36),(39,37),(39,38),(39,110),(39,128),(39,175),(39,185),(40,6),(40,8),(40,18),(40,33),(40,34),(40,35),(40,36),(40,39),(40,41),(40,42),(40,47),(40,54),(40,64),(40,68),(40,109),(40,111),(40,119),(40,123),(40,125),(40,145),(40,153),(40,156),(40,162),(40,188),(41,6),(41,8),(41,9),(41,20),(41,39),(41,47),(41,77),(41,93),(41,101),(41,112),(41,120),(41,122),(41,156),(41,185),(41,193),(42,6),(42,27),(42,28),(42,31),(42,37),(42,41),(42,52),(42,62),(42,113),(42,116),(42,143),(42,155),(42,190),(42,211),(42,228),(42,231),(43,6),(44,6),(44,28),(44,36),(44,127),(44,128),(44,161),(44,162),(44,175),(44,228),(45,6),(45,152),(45,162),(46,6),(46,16),(46,20),(46,61),(46,62),(46,136),(47,6),(47,66),(47,71),(47,136),(47,145),(47,152),(47,156),(47,161),(47,189),(47,191),(47,192),(47,194),(48,6),(48,143),(49,6),(49,9),(50,6),(50,23),(51,6),(51,24),(51,30),(51,40),(51,134),(51,145),(51,152),(51,202),(52,6),(52,120),(53,6),(53,27),(53,34),(53,35),(53,38),(53,47),(53,115),(53,123),(53,229),(54,6),(54,8),(54,35),(54,40),(54,45),(54,65),(54,70),(54,73),(54,113),(54,116),(54,118),(54,146),(54,191),(54,228),(55,6),(56,6),(56,47),(56,65),(56,117),(56,123),(56,137),(56,149),(56,177),(56,178),(56,184),(56,203),(57,6),(58,6),(58,98),(59,6),(60,6),(60,7),(61,6),(62,6),(63,6),(63,35),(63,103),(63,123),(64,6),(65,6),(65,17),(65,36),(66,7),(67,7),(67,10),(67,27),(67,33),(67,36),(67,39),(67,40),(67,64),(67,68),(67,116),(67,118),(67,120),(67,122),(67,123),(67,124),(67,134),(67,152),(67,162),(67,164),(67,174),(67,178),(67,192),(67,202),(68,7),(68,120),(68,153),(68,175),(68,177),(68,183),(68,232),(69,7),(69,78),(69,79),(69,97),(69,124),(69,153),(69,175),(70,7),(70,10),(70,40),(70,122),(71,7),(71,17),(71,62),(71,66),(71,69),(71,79),(71,94),(71,113),(71,121),(71,128),(71,137),(71,144),(71,166),(71,170),(71,172),(71,203),(71,210),(71,227),(71,231),(72,7),(72,9),(72,108),(73,7),(73,9),(73,30),(73,34),(73,37),(73,65),(73,121),(73,135),(73,144),(73,152),(73,170),(73,205),(73,230),(74,7),(75,7),(75,31),(75,125),(75,135),(75,191),(76,7),(76,27),(76,229),(77,7),(77,11),(77,12),(77,21),(77,96),(77,119),(77,142),(77,153),(77,174),(78,7),(78,96),(79,7),(80,7),(81,8),(81,29),(81,108),(81,146),(81,230),(82,8),(82,19),(82,27),(82,30),(82,37),(82,39),(82,40),(82,42),(82,45),(82,46),(82,52),(82,65),(82,67),(82,72),(82,93),(82,114),(82,125),(82,134),(82,146),(82,154),(82,161),(82,166),(82,170),(82,174),(82,193),(82,204),(82,206),(82,209),(82,227),(83,8),(83,77),(83,108),(84,8),(84,146),(85,8),(85,28),(85,35),(85,38),(85,39),(85,45),(85,46),(85,68),(85,98),(85,116),(85,127),(85,204),(85,229),(86,8),(86,42),(86,73),(86,152),(86,202),(87,8),(87,38),(87,46),(87,53),(87,67),(87,94),(87,137),(87,143),(87,156),(87,161),(87,171),(88,8),(88,83),(88,147),(88,205),(89,8),(89,15),(89,31),(89,34),(89,35),(89,38),(89,39),(89,54),(89,63),(89,68),(89,83),(89,115),(89,123),(89,127),(89,145),(89,149),(89,156),(89,161),(89,189),(89,192),(89,194),(89,203),(89,205),(90,8),(91,8),(91,227),(91,230),(92,8),(92,27),(92,31),(93,8),(93,68),(94,8),(94,62),(94,121),(94,194),(95,8),(96,8),(97,8),(97,16),(97,18),(97,19),(97,24),(97,35),(97,36),(97,41),(97,45),(97,62),(97,77),(97,153),(97,154),(97,174),(98,8),(98,35),(98,116),(98,123),(98,134),(98,206),(99,8),(99,64),(100,8),(101,9),(101,66),(101,84),(101,99),(101,124),(101,162),(102,9),(103,9),(103,120),(104,9),(105,9),(105,18),(105,21),(105,108),(105,109),(105,153),(106,9),(106,177),(107,9),(108,9),(109,9),(109,21),(109,120),(110,9),(110,37),(110,99),(110,174),(111,9),(111,227),(111,230),(112,9),(113,9),(113,137),(113,209),(113,210),(113,211),(114,10),(114,46),(114,65),(114,86),(114,190),(115,10),(115,28),(115,29),(116,10),(116,28),(116,191),(117,10),(117,19),(117,20),(117,29),(117,45),(117,65),(117,79),(117,93),(117,123),(117,145),(117,146),(117,161),(117,174),(117,227),(118,10),(118,37),(118,69),(118,72),(118,118),(118,203),(119,10),(119,65),(119,209),(120,10),(121,10),(121,38),(121,65),(121,66),(121,67),(121,68),(121,69),(121,229),(121,230),(122,10),(122,13),(122,14),(122,29),(122,41),(122,64),(122,121),(122,191),(123,10),(124,10),(125,10),(125,40),(125,128),(125,152),(125,209),(126,11),(126,12),(126,14),(127,11),(128,11),(128,12),(128,63),(128,64),(129,11),(130,11),(130,23),(130,28),(130,33),(131,11),(131,128),(131,143),(131,156),(131,186),(132,11),(132,108),(132,183),(133,11),(134,11),(134,36),(134,100),(135,12),(136,12),(137,12),(138,12),(138,13),(138,61),(138,136),(138,144),(138,165),(138,183),(138,231),(139,12),(139,14),(140,12),(140,62),(140,155),(141,13),(142,13),(142,66),(142,118),(142,123),(142,136),(142,156),(143,13),(144,13),(144,156),(145,13),(145,228),(146,13),(147,13),(148,13),(148,15),(149,13),(150,14),(151,14),(152,14),(153,14),(154,14),(155,14),(155,152),(156,15),(156,50),(157,15),(158,15),(159,15),(160,15),(160,40),(160,121),(161,16),(161,21),(162,16),(162,69),(162,144),(163,16),(163,17),(163,113),(163,121),(163,154),(164,16),(164,17),(164,27),(164,28),(164,37),(164,39),(164,41),(164,83),(164,85),(164,109),(164,112),(164,227),(164,229),(165,16),(165,61),(165,94),(166,16),(167,16),(167,36),(167,108),(167,183),(168,16),(169,17),(170,17),(170,66),(170,117),(170,152),(170,191),(170,228),(171,17),(171,155),(172,17),(172,64),(172,127),(172,128),(172,143),(172,145),(173,17),(173,120),(173,121),(174,17),(175,17),(175,84),(175,148),(175,149),(175,168),(176,17),(177,17),(177,31),(177,156),(178,18),(178,127),(178,169),(179,18),(179,73),(179,102),(179,229),(179,231),(180,18),(181,18),(181,94),(181,121),(182,18),(183,19),(184,19),(184,154),(184,209),(185,19),(185,37),(186,19),(186,108),(186,134),(186,177),(187,19),(187,40),(187,184),(188,19),(188,20),(188,37),(188,50),(188,72),(188,73),(188,102),(188,127),(188,201),(188,204),(188,209),(188,210),(189,19),(189,20),(190,19),(190,175),(190,227),(191,19),(191,20),(192,19),(192,175),(192,191),(193,19),(194,19),(194,108),(195,20),(195,111),(196,20),(196,70),(196,83),(196,144),(196,164),(196,174),(196,188),(196,228),(196,229),(196,231),(197,20),(197,145),(198,20),(198,31),(198,112),(198,128),(198,135),(198,188),(198,189),(198,201),(199,20),(199,120),(199,128),(200,20),(201,20),(201,144),(201,175),(202,20),(202,93),(202,124),(202,161),(203,20),(204,21),(204,39),(204,144),(204,152),(204,167),(204,190),(204,192),(205,21),(206,21),(206,99),(206,177),(207,21),(208,21),(209,21),(209,42),(210,21),(211,21),(211,128),(212,21),(212,127),(212,231),(213,21),(213,120),(214,21),(215,21),(216,21),(216,135),(217,21),(217,163),(218,21),(219,21),(219,98),(219,120),(220,23),(221,23),(222,23),(222,120),(223,23),(223,41),(223,61),(223,62),(223,63),(223,64),(223,65),(223,70),(223,73),(223,79),(223,83),(223,127),(223,146),(223,177),(223,191),(223,193),(223,203),(223,204),(223,206),(223,209),(223,210),(223,211),(224,23),(224,211),(225,24),(225,70),(225,126),(225,146),(225,164),(225,166),(225,167),(225,168),(225,169),(225,170),(226,24),(226,34),(226,118),(226,121),(226,136),(226,152),(226,161),(226,184),(226,192),(227,24),(227,29),(227,30),(227,86),(227,118),(227,134),(227,209),(227,227),(227,228),(228,24),(228,62),(228,67),(228,100),(229,27),(229,31),(229,122),(229,183),(230,27),(230,39),(231,27),(231,128),(231,190),(232,27),(232,36),(232,38),(232,41),(232,62),(232,135),(232,146),(232,168),(232,209),(233,27),(233,190),(234,27),(234,34),(234,36),(234,37),(234,50),(234,97),(234,116),(234,123),(234,128),(234,170),(234,178),(234,201),(234,228),(235,27),(235,39),(235,40),(235,123),(235,189),(235,230),(236,27),(236,31),(237,27),(237,28),(237,29),(237,30),(237,73),(237,108),(237,111),(237,112),(237,116),(237,118),(237,119),(237,134),(237,142),(237,161),(237,162),(237,228),(238,27),(238,28),(238,31),(238,70),(238,170),(238,171),(238,186),(238,229),(239,27),(239,30),(239,34),(239,35),(239,68),(239,73),(239,127),(239,134),(239,136),(239,152),(239,166),(239,174),(239,178),(239,205),(239,211),(239,227),(240,27),(240,34),(240,178),(240,183),(240,227),(241,27),(241,33),(241,39),(241,65),(241,115),(241,128),(241,134),(241,137),(241,168),(241,210),(242,27),(243,27),(244,27),(244,28),(244,230),(245,27),(245,108),(245,163),(245,209),(246,27),(247,27),(247,103),(248,27),(249,27),(250,27),(251,27),(252,28),(252,191),(253,28),(254,28),(254,39),(254,163),(255,28),(256,28),(257,28),(258,28),(258,231),(259,28),(260,28),(261,28),(261,42),(261,67),(261,70),(261,93),(261,114),(261,128),(261,155),(261,167),(261,178),(261,229),(262,28),(262,189),(262,194),(262,227),(263,28),(264,28),(264,35),(265,28),(266,28),(267,28),(267,36),(267,53),(267,54),(267,71),(267,85),(267,127),(267,128),(267,177),(268,28),(268,33),(268,37),(268,41),(268,231),(269,28),(269,29),(270,28),(270,29),(270,31),(270,108),(270,111),(270,112),(270,120),(270,123),(270,124),(270,146),(271,28),(271,78),(272,28),(273,28),(273,29),(274,28),(275,28),(275,33),(275,164),(276,28),(276,31),(276,121),(276,156),(276,184),(277,28),(278,29),(278,169),(279,29),(280,30),(280,143),(280,230),(281,30),(281,68),(281,127),(281,184),(281,190),(282,30),(283,30),(284,30),(284,85),(284,229),(284,231),(285,30),(286,31),(286,184),(287,31),(288,31),(289,31),(290,31),(290,183),(290,184),(291,31),(291,108),(291,230),(292,31),(293,31),(293,40),(293,45),(293,46),(293,47),(293,85),(293,143),(293,154),(293,167),(293,227),(293,231),(294,31),(295,31),(296,31),(297,31),(297,128),(297,146),(297,227),(297,231),(298,31),(298,71),(299,31),(299,35),(299,64),(300,31),(301,31),(302,31),(302,110),(303,33),(303,230),(304,33),(304,161),(304,183),(305,33),(306,33),(307,33),(307,83),(307,184),(307,201),(308,33),(308,156),(308,164),(309,33),(309,34),(309,35),(309,71),(310,33),(310,40),(310,121),(310,127),(310,156),(310,228),(311,33),(311,34),(311,35),(311,36),(311,37),(311,38),(311,39),(311,40),(311,41),(311,83),(311,84),(311,86),(311,94),(311,184),(311,201),(312,33),(313,34),(314,34),(315,34),(315,98),(316,34),(317,34),(317,146),(317,169),(317,170),(317,171),(318,34),(318,35),(319,34),(319,35),(320,34),(320,63),(320,190),(320,191),(321,34),(321,66),(321,70),(321,168),(322,34),(323,35),(324,35),(324,36),(324,40),(324,85),(324,86),(324,202),(325,35),(326,35),(326,39),(326,40),(326,143),(326,148),(327,35),(328,35),(329,36),(329,66),(329,148),(330,36),(330,146),(330,228),(330,231),(331,36),(332,37),(332,42),(332,67),(332,193),(332,232),(333,37),(334,37),(335,37),(336,37),(336,71),(337,38),(337,192),(338,38),(338,52),(339,38),(339,174),(339,227),(340,38),(341,38),(342,38),(342,39),(342,127),(342,145),(342,194),(343,38),(344,38),(345,38),(345,127),(345,128),(345,143),(345,148),(345,167),(345,193),(346,38),(346,155),(347,38),(348,39),(348,148),(348,190),(349,39),(350,39),(350,94),(350,162),(350,228),(351,39),(352,39),(353,39),(354,39),(355,39),(355,85),(355,152),(355,229),(356,39),(357,39),(357,183),(358,40),(359,40),(360,40),(360,128),(360,134),(360,145),(361,40),(362,40),(362,144),(362,145),(363,40),(363,45),(363,68),(363,93),(364,40),(364,64),(364,184),(365,40),(365,121),(366,40),(366,42),(367,40),(368,40),(369,40),(370,41),(370,121),(370,166),(371,41),(372,41),(373,41),(373,123),(374,41),(375,41),(375,42),(375,128),(375,154),(376,41),(376,66),(376,70),(377,41),(377,80),(378,41),(378,120),(379,41),(380,41),(381,41),(381,122),(382,41),(383,42),(383,93),(383,177),(384,42),(385,42),(386,42),(387,42),(387,82),(388,42),(389,42),(390,45),(390,128),(391,45),(391,128),(391,227),(392,46),(393,46),(394,47),(394,128),(394,227),(395,47),(395,191),(395,202),(396,47),(396,61),(397,47),(397,119),(397,121),(398,50),(398,66),(399,50),(399,63),(399,93),(399,96),(399,134),(399,174),(400,50),(400,145),(400,178),(401,50),(402,50),(403,52),(403,136),(404,53),(405,53),(406,53),(407,54),(407,62),(407,64),(407,103),(407,113),(407,118),(407,121),(407,123),(407,145),(407,205),(408,61),(408,183),(408,184),(409,61),(410,61),(410,112),(410,122),(410,163),(411,61),(411,62),(411,64),(411,155),(411,156),(412,61),(413,61),(414,62),(415,63),(415,68),(415,155),(415,170),(415,188),(416,63),(417,63),(417,145),(417,165),(418,63),(418,227),(418,228),(419,63),(420,63),(420,163),(421,64),(422,64),(423,64),(424,64),(424,177),(425,64),(425,155),(426,64),(426,148),(427,64),(428,64),(428,108),(429,65),(429,127),(429,134),(429,145),(429,161),(429,172),(429,201),(429,227),(430,65),(430,155),(431,65),(431,136),(432,65),(433,65),(433,66),(433,67),(433,68),(433,69),(434,66),(435,66),(435,191),(435,202),(436,66),(436,70),(436,94),(436,117),(436,128),(436,183),(436,228),(437,66),(438,67),(439,67),(440,67),(441,68),(441,125),(441,126),(441,135),(441,136),(441,137),(441,204),(442,68),(442,156),(442,161),(442,189),(443,68),(444,68),(444,204),(444,211),(445,68),(446,69),(447,69),(448,70),(448,128),(448,192),(449,70),(450,70),(451,71),(451,230),(452,71),(453,71),(454,72),(455,72),(456,72),(457,72),(457,111),(457,117),(457,178),(457,184),(458,73),(459,73),(459,166),(460,77),(461,77),(461,119),(461,142),(461,162),(462,77),(463,77),(464,77),(465,77),(466,77),(467,78),(468,78),(468,128),(469,79),(469,145),(469,172),(470,80),(471,80),(472,80),(473,80),(474,82),(475,82),(476,83),(476,84),(476,85),(476,86),(477,83),(477,185),(478,83),(479,83),(480,84),(480,109),(480,128),(480,193),(480,202),(480,205),(481,84),(482,84),(482,148),(483,84),(484,84),(485,84),(486,84),(486,178),(487,84),(488,85),(489,85),(490,85),(491,85),(492,85),(493,86),(493,192),(494,86),(495,86),(496,93),(496,175),(497,93),(498,94),(499,94),(500,94),(500,127),(500,231),(501,94),(501,152),(501,161),(501,174),(501,188),(501,192),(502,94),(502,190),(502,191),(503,96),(503,97),(503,98),(503,99),(504,97),(505,97),(505,231),(506,97),(507,98),(508,98),(508,127),(508,155),(508,177),(508,227),(509,100),(510,100),(511,100),(511,155),(512,100),(513,100),(514,100),(515,100),(516,101),(517,101),(517,178),(517,185),(517,193),(517,227),(518,101),(519,101),(520,101),(521,102),(521,156),(522,102),(522,103),(523,102),(524,103),(524,122),(524,183),(525,108),(526,108),(527,108),(528,108),(528,211),(529,108),(530,108),(531,109),(532,109),(533,110),(534,110),(535,110),(536,110),(537,110),(538,110),(539,110),(540,112),(541,112),(542,116),(543,116),(543,118),(543,123),(544,117),(545,118),(546,118),(547,118),(548,119),(549,119),(550,120),(551,120),(552,120),(552,121),(553,120),(554,120),(555,120),(556,120),(557,120),(558,120),(559,121),(560,121),(560,186),(560,202),(561,121),(562,121),(563,121),(564,121),(565,121),(566,121),(567,121),(567,128),(567,230),(568,121),(568,128),(569,121),(570,122),(571,122),(572,123),(572,227),(572,230),(573,123),(574,124),(575,124),(575,137),(575,210),(576,124),(577,124),(578,124),(578,149),(579,124),(579,162),(580,126),(581,126),(581,228),(581,230),(582,127),(583,127),(584,127),(584,128),(585,127),(586,127),(587,127),(587,199),(588,127),(588,177),(589,127),(590,127),(591,127),(592,127),(593,127),(594,128),(595,128),(596,128),(597,128),(598,128),(599,128),(600,128),(601,128),(601,155),(601,156),(602,128),(603,128),(603,144),(604,128),(605,128),(605,143),(605,146),(605,156),(606,128),(606,162),(607,128),(608,128),(609,134),(609,174),(609,206),(610,134),(610,164),(610,169),(611,134),(612,135),(613,135),(614,135),(615,137),(616,137),(617,137),(617,162),(618,143),(619,143),(620,144),(620,211),(621,144),(622,144),(623,144),(624,144),(625,144),(626,144),(626,149),(627,144),(627,149),(628,144),(629,144),(630,145),(631,145),(632,145),(633,145),(634,145),(635,145),(636,145),(637,146),(637,147),(638,146),(639,146),(640,146),(641,146),(642,146),(643,146),(644,146),(645,147),(646,148),(647,148),(647,149),(648,148),(649,148),(650,148),(651,148),(652,148),(653,148),(654,148),(655,148),(656,148),(657,149),(658,149),(659,149),(660,149),(660,189),(661,149),(662,149),(663,149),(664,149),(665,149),(666,149),(667,152),(667,192),(667,229),(668,152),(669,152),(669,192),(669,194),(670,153),(671,154),(672,154),(673,154),(674,154),(675,155),(676,155),(677,155),(678,155),(679,155),(680,155),(680,163),(681,155),(682,155),(683,156),(684,161),(684,228),(684,229),(685,161),(686,161),(687,161),(687,162),(688,161),(688,189),(689,162),(690,162),(691,162),(691,211),(692,162),(693,162),(694,162),(694,163),(695,162),(695,185),(695,191),(696,162),(697,163),(698,163),(698,189),(699,163),(699,183),(699,184),(700,164),(701,165),(702,167),(703,167),(704,168),(705,168),(706,170),(706,171),(706,206),(707,171),(708,171),(709,172),(710,172),(711,172),(711,228),(712,174),(712,175),(713,174),(714,175),(715,177),(715,184),(716,177),(717,177),(718,177),(719,177),(720,177),(721,177),(722,177),(723,178),(723,229),(724,183),(725,183),(726,183),(726,184),(727,183),(728,183),(728,184),(729,183),(729,184),(730,184),(731,184),(732,185),(733,185),(733,193),(734,185),(735,185),(735,227),(736,185),(737,185),(738,185),(739,185),(740,185),(741,185),(742,186),(743,186),(744,186),(745,186),(746,188),(747,188),(748,188),(749,189),(750,189),(750,194),(751,190),(752,190),(752,192),(753,190),(754,191),(755,191),(756,191),(757,192),(758,192),(759,192),(760,193),(761,193),(762,193),(763,193),(764,193),(765,193),(766,193),(767,193),(768,194),(769,194),(770,194),(771,194),(772,194),(773,194),(774,194),(775,194),(776,194),(777,194),(778,194),(779,194),(780,194),(781,194),(782,194),(783,194),(784,199),(785,202),(786,204),(787,206),(788,232),(789,232),(790,209),(790,227),(790,228),(791,210),(792,211),(793,211),(794,227),(794,228),(795,227),(795,231),(796,227),(797,227),(798,228),(799,228),(800,228),(801,228),(802,228),(803,228),(804,228),(805,229),(806,229),(807,229),(808,229),(809,229),(810,229),(811,229),(812,230),(813,230),(814,230),(815,230),(816,230),(817,230),(818,230),(819,231),(820,231),(821,231),(822,231),(823,231),(824,231);
/*!40000 ALTER TABLE `roletagrelation` ENABLE KEYS */;
UNLOCK TABLES;

--
-- Table structure for table `source`
--

DROP TABLE IF EXISTS `source`;
/*!40101 SET @saved_cs_client     = @@character_set_client */;
/*!50503 SET character_set_client = utf8mb4 */;
CREATE TABLE `source` (
  `source_id` int NOT NULL AUTO_INCREMENT,
  `source_type` enum('animation','novel','manga','game') CHARACTER SET utf8mb4 COLLATE utf8mb4_unicode_ci NOT NULL DEFAULT 'animation',
  `name` varchar(255) CHARACTER SET utf8mb4 COLLATE utf8mb4_unicode_ci NOT NULL,
  `description` text CHARACTER SET utf8mb4 COLLATE utf8mb4_unicode_ci,
  `author` varchar(100) CHARACTER SET utf8mb4 COLLATE utf8mb4_unicode_ci DEFAULT NULL,
  `studio` varchar(100) CHARACTER SET utf8mb4 COLLATE utf8mb4_unicode_ci DEFAULT NULL,
  `release_date` date DEFAULT NULL,
  `status` enum('not_released','ongoing','ended') CHARACTER SET utf8mb4 COLLATE utf8mb4_unicode_ci DEFAULT NULL,
  PRIMARY KEY (`source_id`),
  UNIQUE KEY `source_type` (`source_type`,`name`),
  KEY `idx_source_release_date` (`release_date`),
  FULLTEXT KEY `idx_source_name` (`name`) /*!50100 WITH PARSER `ngram` */ 
) ENGINE=InnoDB AUTO_INCREMENT=105 DEFAULT CHARSET=utf8mb4 COLLATE=utf8mb4_unicode_ci;
/*!40101 SET character_set_client = @saved_cs_client */;

--
-- Dumping data for table `source`
--

LOCK TABLES `source` WRITE;
/*!40000 ALTER TABLE `source` DISABLE KEYS */;
INSERT INTO `source` VALUES (1,'animation','黄金神威 第三季','杉元とアシㇼパの再会は叶うのか!? 極寒の地で新たな局面を迎える生存競争サバイバル、樺太編が開幕ッッ!!! 網走監獄で繰り広げられた激しい攻防戦の末に、離れ離れになってしまった「不死身の杉元」こと杉元佐一とアイヌの少女・アシㇼパ。アシㇼパは「脱獄王」の白石由竹とともに、キロランケと尾形百之助によって父の足跡が残る場所・樺太に連れ去られていた。アイヌの金塊を強奪した張本人である「のっぺら坊」が死んだ今、その秘密を解けるのは娘のアシㇼパのみ。キロランケの目的は、彼女を連れてかつての仲間である極東ロシアのパルチザンと合流することにあった。 一方、第七師団の鶴見中尉と手を組んだ杉元と谷垣源次郎は、アシㇼパを捜索するための先遣隊に志願。月島軍曹と鯉登少尉を同行者として樺太を目指す。北海道よりさらに北に位置する極寒の地で、それぞれの旅路を進む杉元とアシㇼパを待ち受けるものとは!? 新たなサバイバルが幕を開ける！','難波日登志','ジェノスタジオ','2020-10-05','ended'),(2,'animation','别对映像研出手！','高中1年级学生浅草绿，是强调“设定即生命”的动画迷。在素描本上描绘积累各种各样的想法，却因不能一个人行动做事而无法迈出走向动画制作的一步。对于浅草这种才能，拥有制片人气质的金森沙耶香很快注意到了。同时，得知同学兼新星读者模特的水崎燕，其实希望将来成为动画人，3人为了展现脑内“最强的世界”而设立了映像研……','湯浅政明','サイエンスSARU','2020-01-05','ended'),(3,'animation','辉夜大小姐想让我告白？～天才们的恋爱头脑战～','人才云集的精英校·秀知院学园，在该校的学生会相遇的副会长·四宫辉夜与学生会长·白银御行。 无论任何人都认为十分般配的这两位天才，本以为很快就会喜结良缘，但碍于过高的自尊心而仍然未能告白！ “如何让对方告白”在这样的恋爱头脑战中穷尽智略的两人…… 其罕有的知性热失控！已经完全无法控制！ 恋爱让天才变成傻瓜！ 新感觉“头脑战”？恋爱喜剧，再次开战！',NULL,'A-1 Pictures','2020-04-11','ended'),(4,'animation','马男波杰克6 下',NULL,NULL,NULL,'2020-01-31','ended'),(5,'animation','异种族风俗娘评鉴指南','ここは人間だけではなく、エルフ、獣人、悪魔に天使と、あらゆる異種族が混在し、暮らしている世界。そこには当然、あらゆる異種族のスケベなお店もあるわけで…。 足しげくムフフなサービスをしてくれるお店に通う人間の冒険者・スタンクは、ある日種族間の（性的な意味での）感性の違いで悪友のエロエルフ・ゼルと衝突する。 決着の方法は……嬢のレビュー!? あらゆる異種族娘のサービスをクロスレビュー方式で採点し、他の仲間達への“お役勃ち”情報として提供していくスタンクたちの活躍は、まさに性戦士のごとし！ 今日もレビュアーズたちは新たな快楽を求めて旅勃って行く……。','小川優樹','パッショーネ','2020-01-11','ended'),(6,'animation','进击的巨人 最终季','「その巨人はいついかなる時代においても、自由を求めて進み続けた。自由のために戦った。名は――進撃の巨人」 ついに明かされた壁の外の真実と、巨人の正体。ここに至るまで、人類はあまりにも大きすぎる犠牲を払っていた。それでもなお、彼らは進み続けなければならない。壁の外にある海を、自由の象徴を、まだその目で見ていないのだから。 ――やがて時は流れ、一度目の「超大型巨人」襲来から6年。調査兵団はウォール・マリア外への壁外調査を敢行する。 「壁の向こうには海があって、海の向こうには自由がある。ずっとそう信じてた……」 壁の中の人類が、初めて辿り着いた海。果てしなく広がる水平線の先にあるのは自由か、それとも……？ エレン・イェーガーの物語は、新たな局面を迎える。','林祐一郎','MAPPA','2020-12-06','ended'),(7,'animation','排球少年 TO THE TOP 第二期',NULL,'佐藤雅子','Production I.G','2020-10-02','ended'),(8,'animation','Re：从零开始的异世界生活 新编集版','2016年に放送されたTVアニメ『Re:ゼロから始める異世界生活』が新たに1時間番組として放送決定！ 新規カットを追加し、1時間番組として再編集を行った《新編集版》となる『Re:ゼロから始める異世界生活』は2020年1月1日(水)よりAT-X、TOKYO MX、BS11ほかにて放送スタート。','渡邊政治','WHITE FOX','2020-01-01','ended'),(9,'animation','隐瞒之事','ちょっと下品な漫画を描いてる漫画家の後藤可久士。 一人娘の小学4年生の姫。 可久士は、何においても、愛娘・姫が最優先。 親バカ・可久士が娘・姫に知られたくないこと。 それは…… 自分の仕事が『漫画家』であること。 自分の“かくしごと”が知られたら 娘に嫌われるのでは！？ “愛と笑い、ちょっと感動のファミリー劇場がはじまる――”','村野佑太','亜細亜堂','2020-04-02','ended'),(12,'animation','某科学的超电磁炮T','总人口230万人，扩展至东京西部的巨大城市。在这座因学生占其人口约八成，而被称为「学园都市」的城市中，扭曲世界法则引发超常现象的力量——超能力的开发正在进行。 接受特殊课程〈Curriculum〉，获得了能力的学生们，通过定期的『身体检查〈System Scan〉』，得到从『无能力者〈Level0〉』到『超能力者〈Level5〉』的6个阶段的评价。 站在其顶点的，是被誉为最强的7人的『超能力者』。 其中的一人，御坂美琴。 作为自由操纵电气的最高位的能力者『电击使〈Electro Master〉』，有着『超电磁炮〈Railgun〉』的别名的她，是名门大小姐学校·常盘台中学的14岁女高中生。后辈『风纪委员〈Judgement〉』白井黒子，憧憬着大小姐的同学初春饰利，以及喜欢都市传说的朋友佐天泪子。 在与这些伙伴们一起度过和平、普通、又稍稍有些变化的学园都市日常生活时，一年一度的大事件正在迫近。 『大霸星祭』。在7天的举办时间中，能力者们以学校为单位展开激战的巨大体育祭。在这期间，学园都市的一部分向公众开放，面对向全世界转播的热闹活动，每个人都很激动。而谁都没有注意到，有什么在这华丽的舞台背后蠢蠢欲动——。','長井龍雪','J.C.STAFF','2020-01-10','ended'),(14,'animation','Love Live! 虹咲学园校园偶像同好会','位于东京台场，拥有自由校风和多项专科的人气高中「虹咲学园」。对学园偶像的魅力感到心动的普通科2年级高咲侑，和儿时玩伴上原步梦一起敲响了「学园偶像同好会」的门。 有时作为对手，有时作为同伴，胸怀各自的心意，每天展开活动的成员们。 「如果能够为追逐梦想的人加油的话……。」 9名与1名少女所编织的，第一次的「大家实现梦想的故事（School Idol Project）」。传达到吧！我们的心动——。 现在，再一次追逐梦想吧！','河村智之','サンライズ','2020-10-03','ended'),(17,'animation','甜梦猫','日向ゆめは、とっても明るく元気な中学1年生。ゆめは入学式の前日、お空の上から落ちてきた謎のぬいぐるみを拾います。 そのぬいぐるみは自らを「みゅー」と名乗り、突然話し始めたのです。しかも、「みゅー」はパートナーと心と心を通じ合わせると、同じ夢の中に入ることができる『ユメシンクロ』という力を持っているといいます。 その夜、ゆめが見た夢にお空の上にあるミラクルドリーミー王国の女王様が現れ、ゆめに告げます。「みゅー」と一緒にドリーミーストーンをいっぱい集めることができたら、あなたの夢を一つだけ叶えます、と。こうしてゆめは新しい中学校で恋に部活に胸をときめかせながら、「みゅー」と共にドリーミーストーンを集めることになるのです。','桜井弘明','J.C.STAFF','2020-04-05','ended'),(18,'animation','Re：从零开始的异世界生活 第二季','我一定会拯救你的。 打倒了担任「怠惰」的魔女教大罪司教，贝特鲁吉乌斯·罗曼尼康帝后，菜月昴和爱蜜莉雅又再度相遇了。在跨越了痛苦的诀别，两人终于和解，而新的篇章却又开始了。 超乎想象九死一生的危机，以及冷酷无情的现实。少年将再次起身，面对残酷的命运。','渡邊政治','WHITE FOX','2020-07-08','ended'),(19,'animation','听着这电波','“唉呀……过了25岁跟男人分手的话好难受啊！” 居住在北海道札幌，在浓汤咖喱店工作的鼓田美奈丽，在酒馆里与刚认识的当地广播局的导播·麻藤兼嗣谈起了自己的失恋经历。 第二天，就在她跟往常一样准备在工作岗位上开始工作时，店内播放的广播传来了美奈丽恶骂她前男友的声音……原来是麻藤将美奈丽的抱怨秘密录音了下来，并在广播直播中放了出来。美奈丽情绪激动地赶往了广播局。然而，麻藤却毫不畏惧地说了一句。 “小姐，既然你要停下来，那就说明你要负责主播喽？” 在这样的处境下，美奈丽为了辩解刚才的播放内容，拼尽全力地开始了自己的首次即兴直播。结果就是，这场广播出乎意料地大受好评，而后麻藤正式邀请她担任广播播音员。 “你，想不想主持一个冠名节目试试？” 节目的名字为《听我的电波吧》。北海道的深夜3点半，美奈丽苏醒！','南川達馬','サンライズ','2020-04-03','ended'),(20,'animation','强袭魔女 通往柏林之路','突如出現した人類の敵「ネウロイ」に対抗するべく世界各国が連合軍を組んだ。 ただし、彼らに対抗できるのは特殊な魔力を持った、少女たちだけだった・・・。 遂に連合軍によるベルリン奪還作戦が始動し、 再び結成される第501統合戦闘航空団「ストライクウィッチーズ」、 新たな501メンバーとして「服部静夏」も加わり ネウロイとの死闘を繰り広げてゆく！ 果たしてベルリンの空を開放する事は出来るのか！？','高村和宏','david production','2020-10-07','ended'),(24,'animation','猫头鹰魔法社','露丝，一个原本该去夏令营的少女，无意间来到了一个充满魔法的岛屿Boiling Island，她认识一位自称猫头鹰女士的女巫伊丹，和她可爱的恶魔室友魔王，虽然露丝没有任何魔法能力，但她一直想成为一个出色的女巫，露丝也因此成为了伊丹的徒弟向她学习魔法，并每天期待充满奇幻和魔法的新生活。',NULL,'Disney Television Animation','2020-01-10','ended'),(27,'animation','无职转生～到了异世界就拿出真本事～ 第2部分','「俺は、この異世界で本気だす！」 34歳・童貞・無職の引きこもりニート男。 両親の葬儀の日に家を追い出された瞬間、トラックに轢かれ命を落としてしまう。 目覚めると、なんと剣と魔法の異世界で赤ん坊に生まれ変わっていた！ ゴミクズのように生きてきた男は、少年・ルーデウスとして異世界で本気をだして生きていく事を誓う。 フィットア領転移事件で魔大陸に転移後、冒険者パーティ「デッドエンド」を結成し、 魔大陸最南端の港町・ウェンポートに到着したルーデウスたち。 ルーデウスは「魔界大帝キシリカ」と出会い新たな力を手に入れる。 魔力災害に巻き込まれた家族や仲間の行方はー。 「人生やり直し」ファンタジー、再始動！','岡本学','スタジオバインド','2021-10-03','ended'),(28,'animation','摇曳露营△ 第二季','这也是，某个冬日的故事。 山梨的女高中生志摩凛，乘着钟爱的机车一路前往滨名湖。从除夕这天开始，久违了的单人露营。从山梨出发前往静冈县磐田。在磐田迎来新年，今天则是第三天。虽然行驶了相当长的距离，但仍然感觉很开心。就在此时，停靠在海边的凛忽然想道「果然，我还是很喜欢单人露营啊」 另一方面，了解凛这份心情的抚子，也产生了新的想法。喜欢和大家一起露营。做完饭后满足地享受也令人开心。但是「我也很想像小凛那样，试试看单人露营啊」 抚子与凛，从这两人的相遇开始的户外系girls story第二幕，现在开幕。','京極義昭','C-Station','2021-01-07','ended'),(29,'animation','悠哉日常大王 Nonstop','“旭丘分校”的学生，仅有五人。虽然学年性格各不相同，但大家一起做菜、一起捉虫、一起试着练习乐器……春夏秋冬四季变换的乡村生活，一直都那么让人兴奋。虽然一如既往地平和，但在欢笑和感动当中，心中也变得温暖起来。悠哉悠哉的几位成员所度过的日常，再一次开始了。','川面真也','SILVER LINK.','2021-01-10','ended'),(32,'animation','无职转生～到了异世界就拿出真本事～','“我要在这个异世界拿出真本事！” 34岁童贞且无职的家里蹲男子，在父母的葬礼当天被赶出家门后，在路上被一辆卡车所撞死。意识清醒后，他发现自己居然作为一个刚出生的婴儿转生到了剑与魔法的异世界！像废物一样活过了前世的男子，发誓要作为少年·鲁迪乌斯在异世界以认真的态度好好活下去！ 等待着鲁迪乌斯的是，与娇小魔术师、有着精灵长耳又很男孩子气的美少女、凶暴的傲娇大小姐以及其他性格各异的人们之间的邂逅，当然也还有残酷的冒险与战斗。 新的人生就要开始了！“人生重来型”幻想冒险谭，在此开幕！','岡本学','スタジオバインド','2021-01-10','ended'),(33,'animation','境界触发者 第三季',NULL,NULL,'東映アニメーション','2021-10-09','ended'),(35,'animation','佐贺偶像是传奇 复仇','2018年10月、オリジナルTVアニメ「ゾンビランドサガ」の放送が深夜にひっそりと開始。 2019年、佐賀県凱旋LIVEで続篇の制作を発表したが、 今日まで沈黙を続けてきた。 そして、沈黙は破られ2021年4月オリジナルTVアニメ「ゾンビランドサガ リベンジ」がアニメーション制作スタジオ「MAPPA」設立10周年に放送決定！ 遂に新感覚ゾンビアイドル系オリジナルTVアニメ「ゾンビランドサガ リベンジ」の幕が上がる。 オリジナルTVアニメ「ゾンビランドサガ リベンジ」―――― 最終回が終わる頃、佐賀県という言葉は、新しい意味を持つだろう。 これは「運命へのリベンジ」。 理不尽な運命の炎に焼き焦がされてきた我々の尊厳を取り戻す戦い。','境宗久','MAPPA','2021-04-08','ended'),(42,'animation','猫头鹰魔法社 第二季','紧接着第一季结局的事件，本季将“找到我们的英雄们一起努力将Luz送回人间，帮助Eda对抗她内心的恶魔，并寻找关于King过去的真相。” 本季将有 21 集，分为“2A”和“2B”。',NULL,'Disney Television Animation','2021-06-12','ended'),(43,'animation','歌剧少女!!','大正时期创设，仅未婚女性可以参与的华美无比的舞台上产生了突破时代魅惑人心的「红华歌剧团」。培养其人才的「红华歌剧音乐学校」中，通过了极低的入学率成功入学的第100期学生们。憧憬着“奥斯卡大人”，身高178cm天真烂漫的少女，渡边更纱。对梦想与朋友都毫不在意，前国民偶像，奈良田爱。不管什么都毫不相同的她们，将度过充满了希望与纠结音乐学校生活，现在开幕！','米田和弘','PINE JAM','2021-07-03','ended'),(45,'animation','SSSS.电光机王','不如归台高中一年生的麻中蓬，在某日回家的路上，与自称『怪兽操控者』的谜之男子失马相遇。 突然出现的怪兽以及巨型机器人戴拿赛诺。 在那里的南梦芽、山中历、飞鸟川千濑也共同被卷入战斗中。','雨宮哲','TRIGGER','2021-04-02','ended'),(46,'animation','瑞克和莫蒂 第五季','Season 5 is the upcoming fifth season of Rick and Morty. Season 5 will consist of 10 episodes. Production of the season was confirmed in July 2019. It will premiere on June 20, 2021.','Justin Roiland',NULL,'2021-06-20','ended'),(52,'animation','灵能百分百 第三季','“1 and Only One” 友情、恋、そして自分自身―― モブの青春が爆発するシリーズ第三弾！ 学校生活に除霊のアルバイトと、忙しい日々をおくるモブ。 一方、霊幻は新人所員・芹沢と、霊とか相談所に次々と舞い込む奇妙な依頼に奔走している。 そんな中、街の中心にそびえ立つ巨大なブロッコリーは、 いまや“神樹“として崇拝され街の人々を魅了していた。 再びモブの前から姿を消したエクボに、新たな盛り上がりを見せるサイコヘルメット教…。 街の危険を察知したモブたちはブロッコリーへと向かう。 果たして神樹の中では何が起きているのか…！？','蓮井隆弘','BONES','2022-10-05','ended'),(53,'animation','向山进发 Next Summit','继登上了标高197m的天览山后，葵和日向二人又登上了599m的高尾山、1786m的三峠山，不断创下新高。而后她们也登顶了那座回忆中的山——谷川岳。在周游关东名峰的过程中结识了可可奈、枫以及穗香等人，她们的户外活动也由此变得多姿多彩。而在丰富了登山知识、工具并练就了体力后，葵决心向更高的目标进发。 （第1~4话为追加了新作短篇剧情的前作总集篇，第5话起为完全新作剧情。）','山本裕介','エイトビット','2022-10-04','ended'),(54,'animation','擅长捉弄的高木同学 第三季','“捉弄”缩短了二人的距离， 2022年想要守候的初恋就在这里。 在一所初中里，有一个叫做西片的男生，他时不时就会遭到同桌女生高木的捉弄。 西片每次思考对策，想要捉弄回高木，都会被高木看透。 于是西片每天都绞尽脑汁，想要扳回一城… 然而随着时间变化的不止是季节，还有西片的心境？ 看似占据优势的高木似乎也发生了让她动摇的事情？ 是看对方喜欢自己，还是将喜欢展现给对方看—— 让人止不住微笑和心动的“捉弄战争”，终于要进入最终回合！？','赤城博昭','シンエイ動画','2022-01-07','ended'),(55,'animation','死神 千年血战篇','或是偶然，或是必然—— 因缘际会下得到死神力量成为《死神代理》的黑崎一护，被卷入聚集现世死亡灵魂的场所·尸魂界的动乱，在激烈的战斗中，和同伴一起得到的巨大的成长。 而此时一护所在的空座町发生异变。出现了新的死神和新的敌人。还有求救的声音。一护再次拿起斩魄刀，奔赴战场。 另一边，尸魂界观测到现世里的虚突然连续地消失，给引导到尸魂界的灵魂提供定居场所的流魂街发生居民们出现失踪的状况，以及死神所聚集在的灵屋·静灵庭也被敌军袭击。 敌军的真正身份，是灭却师的始祖·友哈巴赫率领的《无形帝国》。 《无形帝国》向死神们正式宣战。 「五天后，尸魂界会被“无形帝国”消灭」 跨越千年死神们所背负的因果。它的宿命罪孽和隐藏的真相终将解开。 一切走向终焉。黑崎一护的最后一战开始了。','田口智久',NULL,'2022-10-10','ended'),(56,'animation','相合之物','为了追寻梦想来到东京的纳野和，得知了父亲住院的消息后，决定回到了阔别十年的老家，继承和式点心店·绿松。 但是店内已经有了另一位候补继承人：看板娘雪平一果，在纳野家一边寄居一边工作。 和被委以代替一果的父母的重任，但一果对曾经弃店的和怀有敌意，并宣布要接管这家店。 在与态度冷淡的她一起工作的过程中，和了解到她的另一面。 这是以京都为舞台，日式点心将人与人连接起来的温暖故事。','追崎史敏',NULL,'2022-04-06','ended'),(57,'animation','街角魔族 2丁目','大人気ご町内日常ファンタジーが帰ってくる！ 魔族の力に目覚めて以来、闇の一族の封印を解くため ポンコツながらも戦ってきた主人公・シャミ子。 ライバルだったはずの魔法少女・桃とは、なぜか協力関係になってしまい、 町から姿を消した魔法少女の謎をともに追うことに･･･！？ さらに町に潜む新たな魔族も登場し、シャミ子たちの行く末やいかに──。','桜井弘明','J.C.STAFF','2022-04-07','ended'),(62,'animation','明日同学的水手服','舞台位于乡下的名门女子初级中学——私立蜡梅学园。 有一位名叫明日小路的少女，梦想着能够穿上这所学园的水手服。 因为某个契机，她实现了这一梦想，于是在紧张中迎来了开学典礼的日子—— 「我要穿水手服」 怀抱着决心，少女梦想的初中生活就此展开♪ 同班同学、学校供餐、社团活动… 小路拼尽全力，奔跑在充满“第一次”的每一天！ 这是少女们闪闪发光的青春日记。 「我能交到很多朋友吗？」','黒木美幸','CloverWorks','2022-01-08','ended'),(63,'animation','夏日重现','“潮死了——” 听闻青梅竹马・小舟潮讣告的网代慎平，时隔2年回到了故乡和歌山市・日都岛。 家人和朋友再会，葬礼也顺利进行。然而，好友菱形窗却告诉慎平“潮的死存在可疑之处，有他杀的可能性”。 第二天又发生了邻居一家突然全部消失的事件。随着时间的推移，慎平又听到了一个不祥的传闻。 “看到与自己一样的影子的人会死。会被影子杀死——”并且，潮的妹妹・澪说，“姐姐去世前3天看到了影子”…… 在纪淡海峡浮现的夏季小岛上，穿越时空的SF悬疑片，现在拉开帷幕——','渡辺歩','OLM','2022-04-14','ended'),(68,'animation','彻夜之歌','“我第一次在夜里，没跟任何人说就出来了。” 讨厌女生的初中二年级学生夜守光，现在不知为何不去上学了。 而且，每天晚上都睡不着觉。 有一天，小光第一次在夜里没告诉任何人就出去了。 夜风怡人，自由自在，与白天完全不同。小光发现夜晚才是他的归宿。 这时，神秘的美少女七草荠突然出现。 她是夜晚的居民·吸血鬼。 荠告诉小光夜晚的乐趣。 “熬到今天满意为止吧，少年。” 夜晚，被荠迷住的小光向她请求。 “请把我变成吸血鬼。” 荠告诉了他成为吸血鬼的方法。羞怯地说。那就是…… “人类爱上吸血鬼！” 究竟不懂恋爱的小光，会不会和荠恋爱，并成为吸血鬼呢！？ 两个人的特别的“约会”开始了——','板村智幸','ライデンフィルム','2022-07-07','ended'),(69,'animation','间谍过家家 第2部分','人人都有不愿对他人露出的一面。 这是一个情报战的年代，全球各国都全力参与其中，表面上却不动声色。 东国和西国已陷入冷战长达十多年。“黄昏”是一名顶尖间谍，隶属西国专门对付东国的情报局 WISE。他奉命执行一项秘密任务：追踪东国国家统一党党魁唐纳文‧戴斯蒙德的一举一动。这名危险人物为东西两国间的和平构成重重威胁。 这场行动代号是“枭”。黄昏必须在一个星期内组织家庭，潜入戴斯蒙德儿子就读的名校，参加他们的日常社交聚会。他假扮成精神科医生洛伊德‧佛杰，迅速组成家庭，一切照计划进行，不料他的“女儿”安妮亚竟有读心术，“妻子”约儿更是个杀手！ 志同道合、互相隐瞒真实身份的三人就这么住在一块。 维持世界和平的重责大任落在这个临时家庭的手上。事情的发展，无可预期！','古橋一浩','WIT STUDIO','2022-10-01','ended'),(70,'animation','JOJO的奇妙冒险 石之海','西历2011年，美国·佛罗里达州。 在与恋人兜风途中遇到了交通事故的空条徐伦，因被陷害而获刑15年。 收容设施是州立绿海豚街重警备监狱——别名「水族馆」。 深陷绝望之中的徐伦，在手握父亲所托的吊坠时，她觉醒了不可思议的力量。 “这个世界上存在着比死还恐怖的事情，而这一切都将在这所监狱中发生” 徐伦面前出现的神秘少年所传达的信息，不断发生的不可思议的事件，前来探视的父亲·空条承太郎所说的令人恐惧的现实，以及名为DIO之人……空条徐伦究竟能否从这所「石之海」一般的监狱中重获自由？ 给持续百年之久的乔斯达一族与DIO之间的宿命画上终止符的一战，即将开始！！','加藤敏幸','david production','2022-01-07','ended'),(72,'animation','古见同学有交流障碍症 第二季',NULL,'川越一生','OLM','2022-04-06','ended'),(73,'animation','葬送的芙莉莲','魔法使芙莉莲和勇者辛美尔等人一起，历经十年的冒险之后击败了魔王，为世界带来了和平。 身为能活上一千多年的精灵族，她于是和辛美尔等人约定再次相见后，踏上了独自一人的旅途。 自那以后，50年过去，芙莉莲又前往拜访辛美尔，相比于和50年前一点没变的她来说，辛美尔已经年迈体衰，进入了风烛残年。 之后，她目睹了辛美尔迎来他的死亡，痛感自己以往没能“知晓人心&quot;，陷入后悔的芙莉莲，为了“知晓人心&quot;，踏上了旅途。 这趟旅途会邂逅各种各样的人，也有各种各样的事情在等待着她。','斎藤圭一郎','MADHOUSE','2023-09-29','ended'),(76,'animation','辉夜大小姐想让我告白-初吻不会结束-','两人冻结的内心，在没有下雪的东京夜空渐渐融化。 爱情喜剧，在特别却又平凡的圣诞节，重新归来 — 副会长・四宫辉夜与学生会长・白银御行在秀知院学园的学生会相遇，两名天才在历经了漫长的恋爱头脑战后，终于向对方表达了自己的心意，在“奉心祭”首度接吻。 然而两人还是没有做出明确的告白，原以为就要成为恋人了，但却依然维持著暧昧关係，反而变得更加在意彼此。 两人就这么迎向了圣诞节，“渴望变得完美”的白银，与追求他的“不完美”的辉夜，这是天才们极其“普通”的恋爱故事。 初吻，永不结束 —',NULL,'A-1 Pictures','2023-03-31','ended'),(77,'animation','我心里危险的东西','有着重度中二病的阴沉少年市川京太郎，因为很看不惯位于学校金字塔顶端的阳角美少女山田杏奈，每天都在妄想着要怎么结束掉她的性命。没想到在一次偶然情况下，京太郎撞见了杏奈不为人知的一面，爱吃零食的她常躲进京太郎的圣地图书室偷吃零食，就这样图书室变成了他们两个交集的秘密基地。随着市川的一步步观察，他发现平时以“清高、阳光”等性格示人的山田有着不为人知的一面…… 阴暗少年京太郎的初恋，萌芽了！阳角美少女×阴角男子，原本不可能缩短距离的两人，会发生奇迹吗？极甜的青涩校园爱情喜剧开始——！','赤城博昭','シンエイ動画','2023-04-01','ended'),(78,'animation','天国大魔境','2024年，世界发生了史无前例的灾难，然后15年过去了。 成为废墟的日本栖息着一种食人的怪物（蛭子），人们艰难地生存着。 在东京·中野经营万事屋的的斩子接受了一个神秘女人的委托，“带这个孩子去天国”。 这个被留下的名叫真流的孩子说“天国好像有人和我长得一模一样。” 除此之外他什么都不知道。 “天国”究竟在哪里？ 当你到达那里时会发生什么......？ 真流和斩子寻找天国的旅程现在开始了——！','森大貴','Production I.G','2023-04-01','ended'),(79,'animation','机动战士高达 闪光的哈撒韦 TV剪辑版','「GUNDAM NEXT FUTURE×日5」として、MBS・TBSの「日5」枠にて放送中の『機動戦士ガンダム 水星の魔女』に続き、1月15日（日）より同枠にてガンダムシリーズの原点となる“宇宙世紀”を舞台にした3作品、『機動戦士ガンダム 閃光のハサウェイ』（劇場作品）、『機動戦士ガンダム サンダーボルト』（OVA）、『機動戦士ガンダムＮＴ（ナラティブ）』（劇場作品）がTVエディションとして、順次放送開始いたします。 1月15日（日）より『機動戦士ガンダム 閃光のハサウェイ』が全４話、2月12日（日）より『機動戦士ガンダム サンダーボルト』が全３話、3月5日（日）より『機動戦士ガンダムＮＴ』が全４話で放送されます。 1月から放送予定の３作品は、ガンダムシリーズの原点となる『機動戦士ガンダム』から続く“宇宙世紀”を舞台にした作品となっており、ガンダムシリーズのより奥深い側面もお楽しみいただける作品となっています。',NULL,NULL,'2023-01-15','ended'),(80,'animation','偶像大师 灰姑娘女孩 U149','某一个午后。迎来暑假的橘爱丽丝，进入了某个事务所的房间。在那里，她见到了年级和性格都大相径庭的8位少女们。房间的名字是“第3艺能课”。杂乱狭小的房间里，小小（149cm以下）的女孩子们怀揣着梦想。我们作为偶像的故事，也从此开始了呢。接下来登场的是如同白马王子一般的制作人！……才怪，而是刚刚成为制作人的矮小青年。仅仅拥有干劲的新晋制作人，一切都从零起步的少女们。烦恼着“为什么工作会那么难”，第二天又能若无其事的欢笑，手牵着手不断向上攀登。爱丽丝一行人，能终将达到她们梦想中的那个舞台吗？这是源自“偶像大师灰姑娘女孩”的全新故事。“一呐，长大了之后，会变成什么样呢！？”','岡本学','CygamesPictures','2023-04-05','ended'),(81,'animation','跃动青春','岩仓美津未从乡下的小初中，以第一名的成绩考入了东京的高升学率高中。 这位乡村神童心怀完美的人生蓝图、独自来到东京。她成绩优异，却与他人有着独特的距离感，稍显格格不入。 她虽然偶尔会失败，但还是凭借天真的性格一点点打动班上的同学，使他们那各不相同的性格逐渐交叠。 相遇、相知、最终心意相通。 人人都会有心烦和焦躁之时。而无可替代的朋友，定将带来互相理解的契机。 这是个偶有杂音却能让人不知不觉快乐起来的校园生活喜剧！','出合小都美','P.A.WORKS','2023-04-04','ended'),(82,'animation','进击的巨人 最终季 完结篇 前篇','世界を滅ぼそうと「地鳴らし」を発動させたエレン。無数の巨人たちが進撃を開始し、あらゆるものを踏み潰していく。 ミカサ、アルミン、ジャン、コニー、ハンジ、ライナー、アニ、ピーク、そして瀕死の重傷を負ったリヴァイ……。残されたものたちがエレンを止めるため最後の戦いに挑む。 テレビ放送時は1時間スペシャルとして放送。2023年11月5日より各話版として通常枠に分割し、新たにOP・EDを追加したものが配信された。 第一章 地鳴らし 第二章 罪人たち 各話版サブタイトル： 88 地鳴らし 89 自由の翼 90 絶望の淵にて','林祐一郎','MAPPA','2023-03-03','ended'),(83,'animation','别当欧尼酱了！','某天，家里蹲的啃老族绪山真寻一觉醒来发现自己变成了“女孩子”！？正当真寻不知道镜子里的美少女是自己而陷入混乱的时候，跳级进入大学的科学家妹妹绪山美波里出现了。她透露在饮料里加了一种奇怪的药物！ 真寻最近2年一直疯狂宅家玩小黄游，偶尔不得已才会工作！突然成为女孩子开始生活的真寻，对于厕所、浴室、裙子、胸罩等女人的生活完全不懂…并且他和美波里中学时期的同学穗月枫和其妹妹穗月椛认识。 真寻的日常生活逐渐热闹起来。在持续的苦难中，到底“前”哥哥的命运会如何...！','藤井慎吾','スタジオバインド','2023-01-05','ended'),(88,'animation','【我推的孩子】','“在演艺圈里，谎言就是武器。 ” 在小城市工作的妇产科医生・五郎，有一天他所推的偶像“B小町”出现在了他的面前。“B小町”有着一个禁忌的秘密。 如此这般的两人实现了最糟糕的相遇，从此命运的齿轮开始转动——','平牧大輔','動画工房','2023-04-12','ended'),(89,'animation','石纪元 新世界 第2部分','全人類が、謎の現象により一瞬で石化して数千年――。 超人的な頭脳を持つ、根っからの科学少年・千空が目覚めた。 文明が滅んだ石の世界(ストーンワールド)を前に、千空は、科学の力で世界を取り戻すことを決意。新たな仲間を集め『科学王国』を作りあげる。 しかし、そこへ霊長類最強の高校生・獅子王司率いる『武力帝国』が立ちはだかる。 人類の浄化を目指し、強大な武力によって科学の発展を阻止しようとする司。 科学vs武力の戦いは激闘の末、千空たち科学王国が優勢となり、両国は遂に和解する。 仲間の謀反によってコールドスリープ状態になった司、そして、全人類を復活すべく、 科学王国は石化光線の発生源、地球の裏側・新世界を目指す！ 世界に飛び出て石化の謎を解き明かす！ 石の世界(ストーンワールド)大航海時代がついに開幕する――!!','松下周平','トムス・エンタテインメント','2023-10-12','ended'),(90,'animation','超超超超超喜欢你的100个女朋友','中学で失恋100回を達成した愛城恋太郎は、 高校でこそ彼女を！と願い訪れた神社で、現れた恋の神様から 「高校で出会う運命の人は100人いる」と告げられる。 しかし神様いわく、運命の人と出会った人間は、 その相手と愛し合って幸せになれなければ死んでしまうという……。 次々に待ち受ける運命の人との出会い──どうする恋太郎？どうなる100人の彼女！？','佐藤光','バイブリーアニメーションスタジオ','2023-10-08','ended'),(94,'animation','间谍过家家 第二季','人はみな 誰にも見せぬ自分を 持っている―― 世界各国が水面下で熾烈な情報戦を繰り広げていた時代。 東国（オスタニア）と西国（ウェスタリス）は、十数年間にわたる冷戦状態にあった。 西国の情報局対東課〈WISE（ワイズ）〉所属である凄腕スパイの〈黄昏（たそがれ）〉は、東西平和を脅かす危険人物、東国の国家統一党総裁ドノバン・デズモンドの動向を探るため、ある極秘任務を課せられる。 その名も、オペレーション〈梟（ストリクス）〉。 内容は、“一週間以内に家族を作り、デズモンドの息子が通う名門校の懇親会に潜入せよ”。 〈黄昏（たそがれ）〉は、精神科医ロイド・フォージャーに扮し、家族を作ることに。 だが、彼が出会った娘・アーニャは心を読むことができる超能力者、妻・ヨルは殺し屋だった！ 3人の利害が一致したことで、お互いの正体を隠しながら共に暮らすこととなる。 ハプニング連続の仮初めの家族に、 世界の平和は託された――','古橋一浩','WIT STUDIO','2023-10-07','ended'),(95,'animation','命运-奇异赝品 黎明低语','“圣杯战争”是由魔术师（御主）和英灵（从者），围绕着能够实现一切愿望的许愿机“圣杯”进行的战斗。日本的第五次圣杯战争结束之后，又过去了数年。在美国西部的城市“雪原市”，观测到了新圣杯的征兆。于是，魔术师（御主）和英灵（从者）集结到了一起。欠缺的职阶。本不可能被选中的从者。暗中活动的国家机构。为战争而打造的城市。——各种例外和违规，让圣杯战争陷入混乱，变得越发扭曲。在虚假圣杯的舞台上，人类与英灵（从者）的狂宴就此拉开序幕……','榎戸駿','A-1 Pictures','2023-07-02','ended'),(96,'animation','偶像大师 百万现场！','春日未来想抓住还未实现的梦想。 憧憬成为偶像的最上静香。 伊吹翼不知道全力以赴会得到什么。 等待着被偶像光辉包围的3人，是新的伙伴。 39个偶像们一起向“梦想”伸出手的时候，剧场会绽放百万光芒！ 百万现场！开演！','綿田慎也','白組','2023-10-08','ended'),(102,'animation','请问您今天要来点兔子吗？？','道に迷って喫茶ラビットハウスにやってきたココア。\n実は、そこが彼女が住み込むことになっていた喫茶店で…。\nちっちゃくてクールなチノ、軍人気質なリゼ、おっとり和風な千夜、気品あふれる庶民派のシャロと全方位的なかわいさの登場人物に、チノの同級生マヤ＆メグ、常連客の青山ブルーマウンテン先生も加わって、ラビットハウスは今日もすべてが可愛い！','橋本裕之','KINEMA CITRUS','2015-10-10','ended'),(103,'animation','请问您今天要来点兔子吗？','为了便于上高中，高中入学新生心爱准备搬来这由石板路、木制房组成的街道。她在寻找寄宿的地点时迷路了，迷茫之中来到了一家名为“rabbit house”的咖啡店门前。看到这间名字都充满小兔风格的可爱咖啡店，心爱忍不住踏进了店门。在店里，她遇见了娇小的少女智乃，以及一只软乎乎的可爱小兔子提比。\n心爱一边喝着咖啡一边询问路线时，才惊讶的得知这家咖啡店就是自己将要寄宿的地方。因为心爱将要入学的高中有着“学生要在寄宿的家里帮忙做事”的规定，心爱便开始当起了“rabbit house”的店员，并“自称”是智乃的姐姐，一边过起了咖啡店员的生活。','橋本裕之','WHITE FOX','2014-04-10','ended'),(104,'animation','败犬女主太多了！','没能赢得心上人恋情的女孩——“败犬女主”。\n爱吃的青梅竹马系女主·八奈见杏菜。\n活力充沛的运动系女主·烧盐柠檬。\n怕生的小动物系女主·小鞠知花。\n被有点缺憾的败犬女主——败女们环绕，新感觉、乱糟糟的败走系青春故事就此揭幕。\n因失败而更加闪耀吧，败女们！','北村翔太郎','A-1 Pictures','2024-07-13','ended');
/*!40000 ALTER TABLE `source` ENABLE KEYS */;
UNLOCK TABLES;

--
-- Table structure for table `sourceimage`
--

DROP TABLE IF EXISTS `sourceimage`;
/*!40101 SET @saved_cs_client     = @@character_set_client */;
/*!50503 SET character_set_client = utf8mb4 */;
CREATE TABLE `sourceimage` (
  `image_id` int NOT NULL AUTO_INCREMENT,
  `url` varchar(255) CHARACTER SET utf8mb4 COLLATE utf8mb4_unicode_ci NOT NULL,
  `file_size` int DEFAULT NULL,
  `format` varchar(20) CHARACTER SET utf8mb4 COLLATE utf8mb4_unicode_ci DEFAULT NULL,
  `is_downloaded` tinyint(1) DEFAULT '0',
  `local_path` varchar(255) CHARACTER SET utf8mb4 COLLATE utf8mb4_unicode_ci DEFAULT NULL,
  `source_id` int NOT NULL,
  PRIMARY KEY (`image_id`),
  UNIQUE KEY `url` (`url`),
  KEY `source_id` (`source_id`),
  CONSTRAINT `sourceimage_ibfk_1` FOREIGN KEY (`source_id`) REFERENCES `source` (`source_id`) ON DELETE CASCADE
) ENGINE=InnoDB AUTO_INCREMENT=105 DEFAULT CHARSET=utf8mb4 COLLATE=utf8mb4_unicode_ci;
/*!40101 SET character_set_client = @saved_cs_client */;

--
-- Dumping data for table `sourceimage`
--

LOCK TABLES `sourceimage` WRITE;
/*!40000 ALTER TABLE `sourceimage` DISABLE KEYS */;
INSERT INTO `sourceimage` VALUES (1,'//lain.bgm.tv/pic/cover/l/72/f9/285901_94tQr.jpg',NULL,NULL,0,NULL,1),(2,'//lain.bgm.tv/pic/cover/l/5f/18/282433_9wDx9.jpg',NULL,NULL,0,NULL,2),(3,'//lain.bgm.tv/pic/cover/l/36/16/293049_0e0re.jpg',NULL,NULL,0,NULL,3),(4,'//lain.bgm.tv/pic/cover/l/89/23/299277_8Xhv8.jpg',NULL,NULL,0,NULL,4),(5,'//lain.bgm.tv/pic/cover/l/dc/8a/285482_c5RRj.jpg',NULL,NULL,0,NULL,5),(6,'//lain.bgm.tv/pic/cover/l/88/6b/285666_bS9Sw.jpg',NULL,NULL,0,NULL,6),(7,'//lain.bgm.tv/pic/cover/l/e3/b4/295421_rpKfy.jpg',NULL,NULL,0,NULL,7),(8,'//lain.bgm.tv/pic/cover/l/72/ef/296195_n0KqL.jpg',NULL,NULL,0,NULL,8),(9,'//lain.bgm.tv/pic/cover/l/8b/91/294713_MwaxY.jpg',NULL,NULL,0,NULL,9),(12,'//lain.bgm.tv/pic/cover/l/aa/db/262940_z2mQQ.jpg',NULL,NULL,0,NULL,12),(14,'//lain.bgm.tv/pic/cover/l/a7/35/296659_o709D.jpg',NULL,NULL,0,NULL,14),(17,'//lain.bgm.tv/pic/cover/l/16/47/289829_8IDIm.jpg',NULL,NULL,0,NULL,17),(18,'//lain.bgm.tv/pic/cover/l/16/79/278826_w85gd.jpg',NULL,NULL,0,NULL,18),(19,'//lain.bgm.tv/pic/cover/l/43/e0/292359_6WO66.jpg',NULL,NULL,0,NULL,19),(20,'//lain.bgm.tv/pic/cover/l/39/ad/253046_IjUfm.jpg',NULL,NULL,0,NULL,20),(24,'//lain.bgm.tv/pic/cover/l/53/27/313213_A74qR.jpg',NULL,NULL,0,NULL,24),(27,'//lain.bgm.tv/pic/cover/l/60/4d/325585_tfU01.jpg',NULL,NULL,0,NULL,27),(28,'//lain.bgm.tv/pic/cover/l/0f/50/262897_d3555.jpg',NULL,NULL,0,NULL,28),(29,'//lain.bgm.tv/pic/cover/l/ac/b7/282684_5lN9Z.jpg',NULL,NULL,0,NULL,29),(32,'//lain.bgm.tv/pic/cover/l/8b/00/277554_z999u.jpg',NULL,NULL,0,NULL,32),(33,'//lain.bgm.tv/pic/cover/l/3b/92/322967_I7iiz.jpg',NULL,NULL,0,NULL,33),(35,'//lain.bgm.tv/pic/cover/l/02/c7/287488_1FJYC.jpg',NULL,NULL,0,NULL,35),(42,'//lain.bgm.tv/pic/cover/l/1e/3f/343589_5sWeZ.jpg',NULL,NULL,0,NULL,42),(43,'//lain.bgm.tv/pic/cover/l/5f/55/317680_v9OU1.jpg',NULL,NULL,0,NULL,43),(45,'//lain.bgm.tv/pic/cover/l/a1/11/296367_yPic1.jpg',NULL,NULL,0,NULL,45),(46,'//lain.bgm.tv/pic/cover/l/a8/54/331936_8iIe9.jpg',NULL,NULL,0,NULL,46),(52,'//lain.bgm.tv/pic/cover/l/ac/c4/353605_t8jsh.jpg',NULL,NULL,0,NULL,52),(53,'//lain.bgm.tv/pic/cover/l/64/5a/290980_Jju6q.jpg',NULL,NULL,0,NULL,53),(54,'//lain.bgm.tv/pic/cover/l/2d/ad/347887_j0DFj.jpg',NULL,NULL,0,NULL,54),(55,'//lain.bgm.tv/pic/cover/l/b7/58/302286_s3o3E.jpg',NULL,NULL,0,NULL,55),(56,'//lain.bgm.tv/pic/cover/l/41/49/333664_d4Py9.jpg',NULL,NULL,0,NULL,56),(57,'//lain.bgm.tv/pic/cover/l/ef/d3/313852_550li.jpg',NULL,NULL,0,NULL,57),(62,'//lain.bgm.tv/pic/cover/l/07/95/331480_c2aq9.jpg',NULL,NULL,0,NULL,62),(63,'//lain.bgm.tv/pic/cover/l/d9/f5/326895_j1S2n.jpg',NULL,NULL,0,NULL,63),(68,'//lain.bgm.tv/pic/cover/l/dd/cd/356774_zOW55.jpg',NULL,NULL,0,NULL,68),(69,'//lain.bgm.tv/pic/cover/l/3c/82/373267_ffBO8.jpg',NULL,NULL,0,NULL,69),(70,'//lain.bgm.tv/pic/cover/l/d6/4f/332261_szZEK.jpg',NULL,NULL,0,NULL,70),(72,'//lain.bgm.tv/pic/cover/l/bc/0d/363242_0tZ06.jpg',NULL,NULL,0,NULL,72),(73,'//lain.bgm.tv/pic/cover/l/13/c5/400602_ZI8Y9.jpg',NULL,NULL,0,NULL,73),(76,'//lain.bgm.tv/pic/cover/l/ca/79/425211_bPbra.jpg',NULL,NULL,0,NULL,76),(77,'//lain.bgm.tv/pic/cover/l/01/ee/394260_VMqvV.jpg',NULL,NULL,0,NULL,77),(78,'//lain.bgm.tv/pic/cover/l/ba/c9/404804_4fg2J.jpg',NULL,NULL,0,NULL,78),(79,'//lain.bgm.tv/pic/cover/l/4b/f8/417020_70J02.jpg',NULL,NULL,0,NULL,79),(80,'//lain.bgm.tv/pic/cover/l/58/c1/376703_g5559.jpg',NULL,NULL,0,NULL,80),(81,'//lain.bgm.tv/pic/cover/l/63/4e/357961_RtPiz.jpg',NULL,NULL,0,NULL,81),(82,'//lain.bgm.tv/pic/cover/l/4f/33/376739_KMN9x.jpg',NULL,NULL,0,NULL,82),(83,'//lain.bgm.tv/pic/cover/l/7e/ca/378862_24TnR.jpg',NULL,NULL,0,NULL,83),(88,'//lain.bgm.tv/pic/cover/l/98/5e/386809_1yR81.jpg',NULL,NULL,0,NULL,88),(89,'//lain.bgm.tv/pic/cover/l/17/03/424372_h6JZ1.jpg',NULL,NULL,0,NULL,89),(90,'//lain.bgm.tv/pic/cover/l/37/03/424379_UfMuk.jpg',NULL,NULL,0,NULL,90),(94,'//lain.bgm.tv/pic/cover/l/69/5b/411427_1Bw95.jpg',NULL,NULL,0,NULL,94),(95,'//lain.bgm.tv/pic/cover/l/90/01/402128_s44m2.jpg',NULL,NULL,0,NULL,95),(96,'//lain.bgm.tv/pic/cover/l/bf/a0/309807_927A1.jpg',NULL,NULL,0,NULL,96),(102,'//lain.bgm.tv/pic/cover/l/39/a4/123568_FeekE.jpg',NULL,NULL,0,NULL,102),(103,'//lain.bgm.tv/pic/cover/l/9f/2f/88287_h4xKo.jpg',NULL,NULL,0,NULL,103),(104,'//lain.bgm.tv/pic/cover/l/e4/dc/464376_NsZRw.jpg',NULL,NULL,0,NULL,104);
/*!40000 ALTER TABLE `sourceimage` ENABLE KEYS */;
UNLOCK TABLES;

--
-- Table structure for table `sourcetag`
--

DROP TABLE IF EXISTS `sourcetag`;
/*!40101 SET @saved_cs_client     = @@character_set_client */;
/*!50503 SET character_set_client = utf8mb4 */;
CREATE TABLE `sourcetag` (
  `tag_id` int NOT NULL AUTO_INCREMENT,
  `tag` varchar(200) CHARACTER SET utf8mb4 COLLATE utf8mb4_unicode_ci NOT NULL,
  `num` int NOT NULL DEFAULT '1',
  PRIMARY KEY (`tag_id`),
  UNIQUE KEY `tag` (`tag`),
  KEY `idx_sourcetag_tag` (`tag`)
) ENGINE=InnoDB AUTO_INCREMENT=484 DEFAULT CHARSET=utf8mb4 COLLATE=utf8mb4_unicode_ci;
/*!40101 SET character_set_client = @saved_cs_client */;

--
-- Dumping data for table `sourcetag`
--

LOCK TABLES `sourcetag` WRITE;
/*!40000 ALTER TABLE `sourcetag` DISABLE KEYS */;
INSERT INTO `sourcetag` VALUES (1,'TV',61),(2,'日本',57),(3,'漫画改',43),(4,'冒险',3),(5,'美食',2),(6,'校园',11),(10,'日常',18),(13,'恋爱',11),(17,'原创',9),(18,'欧美',4),(21,'奇幻',14),(27,'战斗',13),(30,'运动',1),(36,'小说改',8),(60,'百合',7),(76,'子供向',1),(86,'职场',2),(141,'穿越',1),(155,'音乐',3),(200,'科幻',3),(203,'美国',1),(280,'悬疑',2),(366,'女性向',1),(377,'萌系',7),(410,'后宫',1),(443,'游戏改',1);
/*!40000 ALTER TABLE `sourcetag` ENABLE KEYS */;
UNLOCK TABLES;

--
-- Table structure for table `sourcetagrelation`
--

DROP TABLE IF EXISTS `sourcetagrelation`;
/*!40101 SET @saved_cs_client     = @@character_set_client */;
/*!50503 SET character_set_client = utf8mb4 */;
CREATE TABLE `sourcetagrelation` (
  `tag_id` int NOT NULL,
  `source_id` int NOT NULL,
  PRIMARY KEY (`source_id`,`tag_id`),
  KEY `tag_id` (`tag_id`),
  KEY `idx_sourcetagrelation_source_tag` (`source_id`,`tag_id`),
  CONSTRAINT `sourcetagrelation_ibfk_1` FOREIGN KEY (`tag_id`) REFERENCES `sourcetag` (`tag_id`) ON DELETE CASCADE,
  CONSTRAINT `sourcetagrelation_ibfk_2` FOREIGN KEY (`source_id`) REFERENCES `source` (`source_id`) ON DELETE CASCADE
) ENGINE=InnoDB DEFAULT CHARSET=utf8mb4 COLLATE=utf8mb4_unicode_ci;
/*!40101 SET character_set_client = @saved_cs_client */;

--
-- Dumping data for table `sourcetagrelation`
--

LOCK TABLES `sourcetagrelation` WRITE;
/*!40000 ALTER TABLE `sourcetagrelation` DISABLE KEYS */;
INSERT INTO `sourcetagrelation` VALUES (1,1),(1,2),(1,3),(1,4),(1,5),(1,6),(1,7),(1,8),(1,9),(1,12),(1,14),(1,17),(1,18),(1,19),(1,20),(1,24),(1,27),(1,28),(1,29),(1,32),(1,33),(1,35),(1,42),(1,43),(1,45),(1,46),(1,52),(1,53),(1,54),(1,55),(1,56),(1,57),(1,62),(1,63),(1,68),(1,69),(1,70),(1,72),(1,73),(1,76),(1,77),(1,78),(1,79),(1,80),(1,81),(1,82),(1,83),(1,88),(1,89),(1,90),(1,94),(1,95),(1,96),(1,102),(1,103),(1,104),(2,1),(2,2),(2,3),(2,5),(2,6),(2,7),(2,8),(2,9),(2,12),(2,14),(2,17),(2,18),(2,19),(2,20),(2,27),(2,28),(2,29),(2,32),(2,33),(2,35),(2,43),(2,45),(2,52),(2,53),(2,54),(2,55),(2,56),(2,57),(2,62),(2,63),(2,68),(2,69),(2,70),(2,72),(2,73),(2,76),(2,77),(2,78),(2,79),(2,80),(2,81),(2,82),(2,83),(2,88),(2,89),(2,90),(2,94),(2,95),(2,96),(2,102),(2,103),(2,104),(3,1),(3,2),(3,3),(3,5),(3,6),(3,7),(3,9),(3,12),(3,19),(3,28),(3,29),(3,33),(3,43),(3,52),(3,53),(3,54),(3,55),(3,56),(3,57),(3,62),(3,63),(3,68),(3,69),(3,70),(3,72),(3,73),(3,76),(3,77),(3,78),(3,80),(3,81),(3,82),(3,83),(3,88),(3,89),(3,90),(3,94),(3,102),(3,103),(4,1),(4,27),(4,89),(5,1),(5,56),(6,2),(6,3),(6,12),(6,43),(6,54),(6,72),(6,76),(6,77),(6,81),(6,104),(10,2),(10,9),(10,19),(10,28),(10,29),(10,53),(10,56),(10,57),(10,62),(10,69),(10,81),(10,94),(10,102),(10,103),(13,3),(13,45),(13,54),(13,68),(13,72),(13,76),(13,77),(13,88),(13,90),(13,104),(17,4),(17,14),(17,17),(17,20),(17,24),(17,35),(17,42),(17,45),(17,46),(18,4),(18,24),(18,42),(18,46),(21,5),(21,6),(21,8),(21,18),(21,27),(21,32),(21,52),(21,55),(21,63),(21,68),(21,70),(21,73),(21,82),(21,95),(27,6),(27,8),(27,12),(27,18),(27,20),(27,33),(27,45),(27,52),(27,55),(27,70),(27,82),(27,94),(27,95),(30,7),(36,8),(36,18),(36,27),(36,32),(36,79),(36,95),(36,104),(60,14),(60,20),(60,29),(60,43),(60,53),(60,57),(60,83),(76,17),(86,19),(86,56),(141,32),(155,35),(155,80),(155,96),(200,46),(200,78),(200,89),(203,46),(280,63),(280,78),(366,81),(377,83),(377,102),(377,103),(410,90),(443,96);
/*!40000 ALTER TABLE `sourcetagrelation` ENABLE KEYS */;
UNLOCK TABLES;

--
-- Table structure for table `spider`
--

DROP TABLE IF EXISTS `spider`;
/*!40101 SET @saved_cs_client     = @@character_set_client */;
/*!50503 SET character_set_client = utf8mb4 */;
CREATE TABLE `spider` (
  `spider_id` int NOT NULL AUTO_INCREMENT,
  `website_id` int NOT NULL DEFAULT '1' COMMENT '网站ID',
  `name` char(20) NOT NULL,
  `download_to_local` tinyint(1) DEFAULT '0',
  `request_id_para` text,
  `cookies` varchar(255) DEFAULT NULL,
  `status` enum('active','inactive','expired') DEFAULT 'active',
  PRIMARY KEY (`spider_id`),
  UNIQUE KEY `name` (`name`),
  KEY `website_id` (`website_id`),
  CONSTRAINT `spider_ibfk_1` FOREIGN KEY (`website_id`) REFERENCES `website` (`website_id`) ON DELETE CASCADE
) ENGINE=InnoDB AUTO_INCREMENT=16 DEFAULT CHARSET=utf8mb4 COLLATE=utf8mb4_0900_ai_ci;
/*!40101 SET character_set_client = @saved_cs_client */;

--
-- Dumping data for table `spider`
--

LOCK TABLES `spider` WRITE;
/*!40000 ALTER TABLE `spider` DISABLE KEYS */;
INSERT INTO `spider` VALUES (13,1,'kirakira',0,'[88287]',NULL,'inactive'),(14,1,'dokidoki',0,'[123568]',NULL,'inactive'),(15,1,'败犬女主',0,'[464376]',NULL,'inactive');
/*!40000 ALTER TABLE `spider` ENABLE KEYS */;
UNLOCK TABLES;

--
-- Table structure for table `website`
--

DROP TABLE IF EXISTS `website`;
/*!40101 SET @saved_cs_client     = @@character_set_client */;
/*!50503 SET character_set_client = utf8mb4 */;
CREATE TABLE `website` (
  `website_id` int NOT NULL AUTO_INCREMENT,
  `name` varchar(50) CHARACTER SET utf8mb4 COLLATE utf8mb4_unicode_ci NOT NULL,
  `base_url` varchar(255) CHARACTER SET utf8mb4 COLLATE utf8mb4_unicode_ci NOT NULL,
  `description` text CHARACTER SET utf8mb4 COLLATE utf8mb4_unicode_ci,
  PRIMARY KEY (`website_id`),
  UNIQUE KEY `name` (`name`)
) ENGINE=InnoDB AUTO_INCREMENT=3 DEFAULT CHARSET=utf8mb4 COLLATE=utf8mb4_unicode_ci;
/*!40101 SET character_set_client = @saved_cs_client */;

--
-- Dumping data for table `website`
--

LOCK TABLES `website` WRITE;
/*!40000 ALTER TABLE `website` DISABLE KEYS */;
INSERT INTO `website` VALUES (1,'Bangumi','https://bgm.tv','Bangumi 番组计划'),(2,'Moegirl','https://zh.moegirl.org.cn','萌娘百科');
/*!40000 ALTER TABLE `website` ENABLE KEYS */;
UNLOCK TABLES;
/*!40103 SET TIME_ZONE=@OLD_TIME_ZONE */;

/*!40101 SET SQL_MODE=@OLD_SQL_MODE */;
/*!40014 SET FOREIGN_KEY_CHECKS=@OLD_FOREIGN_KEY_CHECKS */;
/*!40014 SET UNIQUE_CHECKS=@OLD_UNIQUE_CHECKS */;
/*!40101 SET CHARACTER_SET_CLIENT=@OLD_CHARACTER_SET_CLIENT */;
/*!40101 SET CHARACTER_SET_RESULTS=@OLD_CHARACTER_SET_RESULTS */;
/*!40101 SET COLLATION_CONNECTION=@OLD_COLLATION_CONNECTION */;
/*!40111 SET SQL_NOTES=@OLD_SQL_NOTES */;

-- Dump completed on 2025-06-20 23:00:09
