-- MySQL dump 10.13  Distrib 8.0.41, for Win64 (x86_64)
--
-- Host: localhost    Database: anime
-- ------------------------------------------------------
-- Server version	8.0.41

/*!40101 SET @OLD_CHARACTER_SET_CLIENT=@@CHARACTER_SET_CLIENT */;
/*!40101 SET @OLD_CHARACTER_SET_RESULTS=@@CHARACTER_SET_RESULTS */;
/*!40101 SET @OLD_COLLATION_CONNECTION=@@COLLATION_CONNECTION */;
/*!50503 SET NAMES utf8mb4 */;
/*!40103 SET @OLD_TIME_ZONE=@@TIME_ZONE */;
/*!40103 SET TIME_ZONE='+00:00' */;
/*!40014 SET @OLD_UNIQUE_CHECKS=@@UNIQUE_CHECKS, UNIQUE_CHECKS=0 */;
/*!40014 SET @OLD_FOREIGN_KEY_CHECKS=@@FOREIGN_KEY_CHECKS, FOREIGN_KEY_CHECKS=0 */;
/*!40101 SET @OLD_SQL_MODE=@@SQL_MODE, SQL_MODE='NO_AUTO_VALUE_ON_ZERO' */;
/*!40111 SET @OLD_SQL_NOTES=@@SQL_NOTES, SQL_NOTES=0 */;

--
-- Table structure for table `externallinks`
--

DROP TABLE IF EXISTS `externallinks`;
/*!40101 SET @saved_cs_client     = @@character_set_client */;
/*!50503 SET character_set_client = utf8mb4 */;
CREATE TABLE `externallinks` (
  `link_id` int NOT NULL AUTO_INCREMENT,
  `title` varchar(64) COLLATE utf8mb4_unicode_ci NOT NULL,
  `original_url` varchar(255) COLLATE utf8mb4_unicode_ci NOT NULL,
  PRIMARY KEY (`link_id`),
  UNIQUE KEY `original_url` (`original_url`)
) ENGINE=InnoDB AUTO_INCREMENT=52 DEFAULT CHARSET=utf8mb4 COLLATE=utf8mb4_unicode_ci;
/*!40101 SET character_set_client = @saved_cs_client */;

--
-- Dumping data for table `externallinks`
--

LOCK TABLES `externallinks` WRITE;
/*!40000 ALTER TABLE `externallinks` DISABLE KEYS */;
INSERT INTO `externallinks` VALUES (1,'官方网站','http://eizouken-anime.com/'),(2,'官方网站','http://kaguya.love/'),(3,'官方网站','https://kaguya.love'),(4,'官方网站','https://isyuzoku.com/'),(5,'官方网站','https://shingeki.tv/final/'),(6,'官方网站','http://re-zero-anime.jp/tv/'),(7,'官方网站','https://kakushigoto-anime.com/tv'),(8,'官方网站','http://toaru-project.com/railgun_3/'),(9,'官方网站','http://www.lovelive-anime.jp/nijigasaki/'),(10,'官方网站','https://mewkledreamy.com/MW'),(11,'官方网站','https://namiyo-anime.com/'),(12,'官方网站','http://w-witch.jp/strike_witches-rtb'),(13,'官方网站','https://mushokutensei.jp'),(14,'官方网站','https://mushokutensei.jp/'),(15,'官方网站','https://yurucamp.jp/second/'),(16,'官方网站','https://nonnontv.com/tvanime/'),(17,'官方网站','http://www.toei-anim.co.jp/tv/wt/'),(18,'官方网站','http://zombielandsaga.com/'),(19,'官方网站','https://kageki-anime.com/'),(20,'官方网站','https://dynazenon.net'),(21,'官方网站','http://www.adultswim.com/videos/rick-and-morty/'),(22,'官方网站','https://mobpsycho100.com/'),(23,'官方网站','https://yamanosusume-ns.com'),(24,'官方网站','https://takagi3.me'),(25,'官方网站','https://bleach-anime.com/'),(26,'官方网站','https://deaimon.jp'),(27,'官方网站','https://www.tbs.co.jp/anime/machikado'),(28,'官方网站','https://akebi-chan.jp/'),(29,'官方网站','https://summertime-anime.com/'),(30,'官方网站','https://yofukashi-no-uta.com'),(31,'官方网站','http://spy-family.net/'),(32,'官方网站','https://spy-family.net/'),(33,'官方网站','https://jojo-portal.com/anime/so/'),(34,'官方网站','https://komisan-official.com'),(35,'官方网站','https://frieren-anime.jp/'),(36,'官方网站','https://bokuyaba-anime.com/'),(37,'官方网站','https://tdm-anime.com/'),(38,'官方网站','https://cinderella-u149-anime.idolmaster-official.jp/'),(39,'官方网站','https://skip-and-loafer.com/'),(40,'官方网站','https://onimai.jp/'),(41,'官方网站','https://ichigoproduction.com/'),(42,'官方网站','https://dr-stone.jp'),(43,'官方网站','https://hyakkano.com/'),(44,'官方网站','https://fate-strange-fake.com/'),(45,'官方网站','https://millionlive-anime.idolmaster-official.jp/'),(46,'官方网站','https://spy-family.net/tvseries/'),(47,'官方网站','http://www.gochiusa.com/'),(48,'官方网站','https://makeine-anime.com/'),(49,'官方网站','https://anime.bang-dream.com/mygo/'),(50,'官方网站','https://anime.bang-dream.com/avemujica/'),(51,'官方网站','https://lycoris-recoil.com/');
/*!40000 ALTER TABLE `externallinks` ENABLE KEYS */;
UNLOCK TABLES;

--
-- Table structure for table `linksonpage`
--

DROP TABLE IF EXISTS `linksonpage`;
/*!40101 SET @saved_cs_client     = @@character_set_client */;
/*!50503 SET character_set_client = utf8mb4 */;
CREATE TABLE `linksonpage` (
  `source_id` int NOT NULL,
  `link_id` int NOT NULL,
  PRIMARY KEY (`source_id`,`link_id`),
  KEY `link_id` (`link_id`),
  KEY `idx_linksonpage_source_link` (`source_id`,`link_id`),
  CONSTRAINT `linksonpage_ibfk_1` FOREIGN KEY (`source_id`) REFERENCES `source` (`source_id`) ON DELETE CASCADE,
  CONSTRAINT `linksonpage_ibfk_2` FOREIGN KEY (`link_id`) REFERENCES `externallinks` (`link_id`) ON DELETE CASCADE
) ENGINE=InnoDB DEFAULT CHARSET=utf8mb4 COLLATE=utf8mb4_unicode_ci;
/*!40101 SET character_set_client = @saved_cs_client */;

--
-- Dumping data for table `linksonpage`
--

LOCK TABLES `linksonpage` WRITE;
/*!40000 ALTER TABLE `linksonpage` DISABLE KEYS */;
INSERT INTO `linksonpage` VALUES (1,1),(2,2),(3,2),(4,3),(5,4),(6,5),(7,6),(8,6),(9,7),(10,8),(11,9),(12,10),(13,11),(14,12),(15,13),(16,14),(17,14),(18,14),(19,15),(20,16),(21,17),(22,18),(23,19),(24,20),(25,21),(26,22),(27,23),(28,24),(29,25),(30,26),(31,27),(32,28),(33,29),(34,30),(35,31),(36,32),(37,33),(38,34),(39,35),(40,36),(41,37),(42,38),(43,39),(44,40),(45,41),(46,42),(47,43),(48,44),(49,45),(50,46),(51,47),(52,47),(53,48),(54,49),(55,50),(56,51);
/*!40000 ALTER TABLE `linksonpage` ENABLE KEYS */;
UNLOCK TABLES;

--
-- Table structure for table `role`
--

DROP TABLE IF EXISTS `role`;
/*!40101 SET @saved_cs_client     = @@character_set_client */;
/*!50503 SET character_set_client = utf8mb4 */;
CREATE TABLE `role` (
  `role_id` int NOT NULL AUTO_INCREMENT,
  `name` varchar(30) COLLATE utf8mb4_unicode_ci NOT NULL,
  `gender` enum('male','female','unknown') COLLATE utf8mb4_unicode_ci NOT NULL DEFAULT 'unknown',
  `description` text COLLATE utf8mb4_unicode_ci,
  `birthday` date DEFAULT NULL,
  `voice_actor` varchar(20) COLLATE utf8mb4_unicode_ci DEFAULT NULL,
  PRIMARY KEY (`role_id`),
  FULLTEXT KEY `idx_role_name` (`name`) /*!50100 WITH PARSER `ngram` */ 
) ENGINE=InnoDB AUTO_INCREMENT=247 DEFAULT CHARSET=utf8mb4 COLLATE=utf8mb4_unicode_ci;
/*!40101 SET character_set_client = @saved_cs_client */;

--
-- Dumping data for table `role`
--

LOCK TABLES `role` WRITE;
/*!40000 ALTER TABLE `role` DISABLE KEYS */;
INSERT INTO `role` VALUES (1,'浅草绿','female','本作品の主人公の一人。芝浜高校1年生で映像研のメンバー。黒髪に迷彩柄のハットを被り、軍用リュックを背負って行動する。アニメ制作では「設定が命」。自分の考えた「最強の世界」で大冒険するのが夢。好奇心が強く探検好き、面白いものを見て刺激を受けると猛烈な勢いでイメージボードに空想の世界を描き出す。芝浜高校に入学したらアニメ研に入ってアニメを作りたかったが一人では中々行動できなかった。水崎と出会い、金森に乗せられて映像研を創設する。','2000-02-03','伊藤沙莉'),(2,'水崎燕','female','本作品の主人公の一人で映像研のメンバー。美人のカリスマ読モで街中にポスターが貼ってあるほどの有名人、さらに実家がお金持ちだが、アニメーター志望。浅草並みに好奇心が強く、探検に出掛ける時には目を輝かせる。アニメーションによる動きのリアルさを表現することにこだわりを持つ。',NULL,'松岡美里'),(3,'金森沙耶香','female','本作品の主人公の一人で映像研のメンバー。電車に乗ると人目を引くほどの長身。美脚。黒い長髪で、いつもおでこの上に眼鏡を乗せている。幼少期の体験から金に執着し、利益の出ない活動が嫌い。アニメの知識はないが、マネージメントと利益を創造するのが得意。浅草とは同じ中学校（上狸沢学校）の出身。','2000-10-09','田村睦心'),(4,'四宫辉夜','female','本作的主角。秀知院学园高中部2年A班的女学生，担任学生会副会长。参加的社团是弓道部。<br />\r\n四大财阀之一，四宫集团的千金。 <br />\r\n万能型的天才，但是不谙世故，无意识中会瞧不起人。<br />\r\n想告诉白银御行他和猫耳很般配。','2000-01-01','古賀葵'),(5,'白银御行','male','本作的另一个主角。秀知院学园高中部2年B班的男学生，担任学生会的会长，有着凶恶的眼神。<br />\r\n和父亲妹妹三人一起生活，妹妹白银圭在秀知院学园初中部就读。<br />\r\n可以说是努力中毒的努力型天才。<br />\r\n一天学习十小时，剩下的时间用来打工。<br />\r\n想告诉四宫辉夜她和猫耳很般配。','2000-09-09','古川慎'),(6,'藤原千花','female','本作的女主角，高中部2年B班的女学生，担任学生会书记。桌游部所属，三姐妹中的次女。','2000-03-03','小原好美'),(7,'石上优','male','本作的里主角，高中部一年级的男学生，担任学生会会计。玩具公司家的次子。','2000-03-03','鈴木崚汰'),(8,'伊井野弥子','female','本作の裏ヒロイン。 <br />\r\n私立秀知院学園高等部1年B組で風紀委員と生徒会の会計監査を兼任している。','2000-05-05','富田美憂'),(9,'史坦克','male','“レビュアーズ”の筆頭格。種族は人間。<br />\r\n<br />\r\n普段は剣の腕も確かな冒険者だが、あらゆる異種族とエッチし、その体験談をレビューするのが人気で、小遣い稼ぎの副業になっている。',NULL,'間島淳司'),(10,'杰尔','male','スタンクの相棒。種族はエルフ。見た目も性欲も少年のようだが、実際の年齢は200歳を超えている。<br />\r\n<br />\r\n弓矢を得意としており、各種魔法も使用可能。クロスレビューの発行人でもある。',NULL,'金元寿子'),(11,'可利姆维儿','unknown','怪物に襲われている所をスタンクとゼルに助けられた天使。<br />\r\n<br />\r\n天使の輪が欠けてしまっており、それが治るまでの間“食酒亭”で働いているが、時折レビュアーとして誘われてしまう穢れてしまった天使。',NULL,'富田美憂'),(12,'甘丘','male','酒場兼宿屋の“食酒亭”にたむろしているレビュアーズの一人。種族はハーフリング。<br />\r\n<br />\r\n種族の特性として身体が小さいので、そこに起因するコンプレックスを反映したレビューが多い。手先がとても器用。',NULL,'湯浅かえで'),(13,'梅多莉','female','レビュアー達の溜まり場である“食酒亭”勤務の有翼人ウェイトレス。店を訪れるスケベ共に囲まれながらも真面目に働くメイドの鑑。<br />\r\n<br />\r\nあまりにセクハラがいきすぎると鉄拳制裁されちゃうことも。',NULL,'M・A・O'),(14,'艾伦·耶格尔','male','本作的男主角。15岁（835年生）。拥有强韧的精神力与非凡的行动力，对墙壁外的世界拥有比任何人都要高的憧憬。<br />\r\n故事之初（845年）居住的城镇被未知的“超大型巨人”袭击，“玛利亚之墙”（Wall．Maria）城门遭其脚踢破坏，巨人因而进入第一道城墙区猎食人类，目睹母亲遭巨人吞食后，立誓要消灭所有的巨人。','2000-03-30','梶裕貴'),(15,'三笠·阿克曼','female','本作的女主角。15岁（835年生）。由于身为艾连的青梅竹马之故，两人经常一起行动。沉默寡言、表情稀少的美少女，有腹肌。<br />\r\n第104期训练兵团第1名毕业。拥有优秀的身体能力与战斗技术，一人的表现就足以与100名士兵匹敌。为了和艾连一起行动，希望加入调查兵团。<br />\r\n在9岁时曾被绑匪绑票，双亲亦被绑匪杀害，后来被艾连救出，自此之后便一直寄居在艾连家中，并把艾连视为“最重要的亲人”。<br />\r\n于第21话中最终选择加入调查军团。','2000-02-10','石川由依'),(16,'阿明·阿诺德','male','艾连与米卡莎的儿时玩伴。15岁（835年生）。缺乏体力，身体能力也不高，本人说过，光是能通过毕业战斗模拟测验就已经是奇迹了。<br />\r\n以清晰的头脑与丰富的知识，在课堂上得到了顶尖的成绩。自己希望加入调查兵团。','2000-11-03','井上麻里奈'),(17,'菜月昴','male','無知無能にして無力無謀と四拍子欠けた主人公。突如として異世界に召喚され、訳の分からない状況に翻弄される。物怖じしない性質と持ち前の図々しさで、逆境に弱音を吐きつつも過酷な運命に立ち向かっていく。<br />\r\n<br />\r\n誕生日は四月一日。誕生花は「カスミソウ」で、花言葉は「清らかな心」です。','2000-04-01','小林裕介'),(18,'艾米莉娅','female','銀髪に紫紺の瞳を持つ美しい少女。お人好しで面倒見の良い性格だが、当人はなぜかそれを素直に認めようとしない。家族同然の猫精霊であるパックをお供に連れており、彼の前でだけ甘えた表情を見せる。','2000-09-23','高橋李依'),(19,'后藤可久士','male','漫画家。かつて『きんたましまし』なる作品でヒットを経験。現在は豪談社の「週刊少年マンガジン」に、下ネタ多めな『風のタイツ』を連載中。一人娘の姫を愛するあまり、自身が描いている漫画のことを隠し続けている。',NULL,'神谷浩史'),(20,'后藤姬','female','可久士の娘。小学4年生。ぱっつん前髪がトレードマーク。幾度となく可久士の仕事がバレそうな状況に居合わせるが、知ってか知らずか、気づかないままの日々を送る。父親想いで、しっかり者な一面も。',NULL,'高橋李依'),(21,'御坂美琴','female','在学园都市中只有七人的等级五超能力者排行第三。拥有“超电磁炮(Railgun)”称号的电击超能力者。对电流和电磁力的控制出神入化。独有招牌特技“超电磁炮”，以电磁力将金属作为电磁炮以3倍音速射出，一般使用方便携带的游戏币，但也可控制更大的物体。使用电击产生的电磁波对机器有不好的影响，在本作中破坏了手机、有线电视，警备机器人等无数机械。还可放出高压电流枪、使用电磁力自由控制金属，招来真正的雷击或是制造电磁爆。<br />\r\n<br />\r\n即使在贵族女校就读，行动却相当粗鲁，有以“四十五度斜角攻击机械维修法”（主要是踹自动贩卖机喝免钱饮料）的行为，对年纪较大的上条依旧口气狂妄。因此，主角曾说她完全没有大小姐该有的风范。但实际上是直率单纯且暗藏着自己特有的笨拙温柔（傲娇）的人。<br />\r\n<br />\r\n性格好胜，每次向上条当麻挑战都被随便应付过去。随着屡次的接触，变得相当在意上条。<br />\r\n<br />\r\n初期上条称她为“放电国中妹（Bilibili）”，茵蒂克丝则称她为“短发”。相当喜欢呱太为主题的饰品，爱好很低龄化，喜欢穿孩子气的内裤，或是在常盘台初中的制服裙下穿白色短裤。受到学妹白井黑子的爱慕。很喜欢动物，尤其是猫。其实每天都会偷偷去喂聚集在宿舍后面的野猫，但由于身体会放出微弱电磁波的关系被猫讨厌，每次野猫都跑的一只不剩，只剩美琴自己孤单一人拿着猫食，不过本人仍然不肯放弃的每天都去喂猫。<br />\r\n<br />\r\n“这本轻小说真厉害！2010年”年度人气女角色首名。<br />\r\n“这本轻小说真厉害！2011年”人气女性角色排名首名。<br />\r\n<br />\r\n在2010年拿下国际最萌联盟比赛的亚军。<br />\r\n在华人读者群中的绰号是“傲娇超电磁炮”，简称“傲娇炮”。','2000-05-02','佐藤利奈'),(22,'白井黑子','female','《魔法禁书目录》系列配角、外传《科学超电磁炮》主角，学园都市中名校常盘台女子中学的一年级生，御坂美琴的学妹兼室友，能力为Level 4的空间移动，双马尾茶色头发的少女。<br />\r\n平常举止都很“淑女”，句尾有“~ですの（是哦）”的独特大小姐腔调。非常仰慕御坂美琴，甚至到近乎变态的程度，称呼美琴为“姐姐大人”。喜欢冲击力极强、布料很少的泳衣和内衣裤。第177活动支部所属风纪委员，具有很强的责任感和正义感。',NULL,'新井里美'),(23,'初春饰利','female','栅川初中一年级，和黑子同为第177支部的风纪委员。留着黑色短发，头戴花圈，远看好像头顶着花瓶。白井的好友兼拍挡。对贵族大小姐的生活相当憧憬，很喜欢婚后光子所饲养名叫爱卡迪莉娜的蟒蛇。害羞谦逊，喜欢吃甜食，体能很差。但对风纪委员这项工作很认真。<br />\r\n能力为等级一的定温保存（Thermal Hand），只能做到使拿着的物体保持一定温度。黑客能力高超，工作时负责运用电脑处理信息，技术让专业人员都为之吃惊。独力设计“书库”的防火墙，击败许多网络黑客的入侵，是都市传说中“守护神（Gatekeeper）”的正体（但本人并不知晓）。',NULL,'豊崎愛生'),(24,'佐天泪子','female','栅川中学一年级，初春饰利的同班同学，表面上是无能力者（LV0），实质上是掀裙能力（underwear-peeking)LV5的超能力者。留着长发及肩的黑发，发饰是樱花。以掀裙子代替打招呼，并且每天都这样对待初春。拥有天真烂漫、充满幻想的性格。对于初春的内裤有着强烈的憧憬，也对掀裙子能力没有进步的事比较烦恼，所以对于“幻想御手（LEVELUPPER,可以使能力升级)”很有兴趣。<br />\r\n<br />\r\n后宫有：正妻初春，爱人1号炮姐，3P希望潜在者白井读作变态。',NULL,'伊藤かな恵'),(25,'食蜂操祈','female','主要在《科学超电磁炮》中登场，在小说《新约》第六集第一次登场。刚登场时便操控大量人士追逐美琴。<br />\r\n有着一头漂亮的金发且身材很好，眼睛有闪亮的色泽，是学园都市的七名等级五超能力者中，排名第五的精神系超能力者，即史上最强“心理掌握”（Mental Out）：记忆改写、读心能力、人格洗脑、心电感应、回忆消去、意志增幅、思考再现、感情移植、精神控制，甚至可以同时对多数人发动能力。美琴曰：能将各种精神现象都可以一手包办、如同瑞士刀一样的万能超能力者。<br />\r\n其隶属于常盘台初中最大派阀，是君临常盘台的女王大人。个性腹黑，有对部下使用能力恶作剧的行为，平时常背着一个女性包包，内有着一个用来做为能力施放媒介的遥控器，曾对美琴提出不可威胁自己地位的警告。<br />\r\n在大霸星祭中遇见御坂美琴和上条当麻时，还没让御坂美琴介绍上条当麻时就轻松叫出“上条同学”并开始跟当麻卿卿我我，当下令美琴非常生气放出电击攻击当麻。似乎认识上条当麻的样子。<br />\r\n木原事件和美琴合作，意外是一个不善运动角色。在回忆中曾经参与研究计划，和美琴的疑似复制体如同朋友，由于该复制体的死亡和对自己的能力被研究者所利用，所以由此产生了对周围人们的不信任。后来通过对研究计划的研究人员洗脑逃出，并进入常盘台就读。<br />\r\n在新约七为了追着从“学舍之园”中冲出的当麻，因此一路来到了“博览百科”，最后与除了第二位以外的所有Level5一起对抗“人力资源”计划中的英雄们。',NULL,'浅倉杏美'),(26,'樱坂雫','female','みなさん、こんにちは。桜坂しずくです。<br />\r\n私はお芝居をすることが大好きで、学校では演劇部に所属しています。<br />\r\n衣装とかも自分たちで作って、定期的に公演もしてるんですよ。<br />\r\nそれから、演劇の役に立つかもと思ってスクールアイドルの活動も行なっていたのですが、<br />\r\n今回、尊敬する先輩に、<br />\r\n『スクールアイドルとして、もうひとつ上のステージを目指してみようよ』<br />\r\nと誘われて、私、気づいたんです。<br />\r\n演劇もスクールアイドルも、観に来てくれた人を楽しませて、感動させて、<br />\r\nそして笑顔になってもらう為の表現の場、一緒なんだってことに。<br />\r\nだから、もっと積極的にスクールアイドル活動に挑戦してみようと思いました！<br />\r\n演劇部で鍛えた表現力を武器に、皆さんを笑顔にできるよう精進していきます。<br />\r\nまだまだ不束者な私ですが、私の精一杯の表現を観に来てくれたら嬉しいです！<br />\r\nよろしくお願いします！<br />\r\n<br />\r\nKlab旗下的手机音乐节奏社交卡牌游戏《LoveLive! 学园偶像祭》登场人物，从青蓝高校转入音乃木坂。<br />\r\n演剧部部员，认为通过参加校园偶像活动能够为表演提供参考。<br />\r\n<br />\r\n2014年4月举办的第1次转学生总选举排名第3；<br />\r\n2015年6月举办的第2次转学生总选举排名第6；<br />\r\n2017年1月举办的第3次转学生总选举排名第2。<br />\r\n<br />\r\n2017年5月18日，与原有N卡近江彼方、艾玛和六名新角色一起被公布为学园偶像祭新企划Perfect Dream Project的成员之一。','2000-04-03','前田佳織里'),(27,'近江彼方','female','みなさん、おはよ～ございます……彼方ちゃんだよ～。<br />\r\nふふ、今日の彼方ちゃん、前例がないほどやる気に満ちてる……。<br />\r\nスクールアイドル活動で一番を取って、大好きな妹の遥ちゃんに褒めてもらう……<br />\r\nそして尊敬されるの……。<br />\r\nだから、自己ＰＲの文章、ちゃんと考えてきた……それを読み上げれば……<br />\r\n間違いなく……彼方ちゃん優勝………………ｚｚｚ<br />\r\n…………………………はっ。<br />\r\nね、寝てないよ……でも、やっぱ方向転換する……。<br />\r\nこれから彼方ちゃんの一番の魅力……寝顔を特別に見放題にします……。<br />\r\nだから、応援、よろしくね………………ｚｚｚ<br />\r\n<br />\r\nKlab旗下的手机音乐节奏社交卡牌游戏《LoveLive! 学园偶像祭》登场人物，东云学院所属，近江遥的姐姐。<br />\r\n<br />\r\n2014年4月举办的第1次转学生总选举排名第4；<br />\r\n2015年6月举办的第2次转学生总选举排名第4；<br />\r\n2017年1月举办的第3次转学生总选举排名第2。<br />\r\n<br />\r\n2017年5月18日，与原有N卡樱坂雫、艾玛和六名新角色一起被公布为学园偶像祭新企划Perfect Dream Project的成员之一。','2000-12-16','鬼頭明里'),(28,'艾玛·维尔德','female','Klab旗下的手机音乐节奏社交卡牌游戏《LoveLive!学园偶像祭》登场人物。<br />\r\n2015年6月举办的第2次转学生总选举排名第7；<br />\r\n2017年1月举办的第3次转学生总选举排名第1。<br />\r\n<br />\r\n2017年5月18日，与原有N卡樱坂雫、近江彼方和六名新角色一起被公布为学园偶像祭新企划Perfect Dream Project的成员之一。<br />\r\n<br />\r\nこんにちは、エマです。自然溢れるスイスからやってきましたっ。<br />\r\nだから、山とか森とか自然のものが大好き。時間のある時は森林浴とか、川遊びとか<br />\r\nに出掛けたりしますっ。あと好きなものは――あっ、パンの耳も大好き！<br />\r\n日本のパンの耳、ふかふかでとってもボ～ノ♪<br />\r\n一口食べると心ウキウキするの！<br />\r\nスクールアイドルも一緒で、見ているだけでも心がウキウキしてくるよね？<br />\r\nそれが、私がスクールアイドル活動を始めてみようと思った理由です。<br />\r\n私を見て、たくさんの人がウキウキして笑顔になってくれたら、なによりも幸せです！<br />\r\nみんな、私と一緒に楽しんでくださいね！','2000-02-05','指出毬亜'),(29,'上原步梦','female','みなさん、はじめまして。上原歩夢です。<br />\r\nえっと、こんな風にみんなにメッセージを届けるなんて初めてのことだから、<br />\r\n緊張で胸がすっごいドキドキしています。<br />\r\nでも、スクールアイドルになることは、大切なお友達と見つけた一緒に叶えたい夢なので、<br />\r\n自分の名前のとおり、夢に向かって一歩一歩、頑張って歩いていきたいと思います！<br />\r\n歌も踊りもまだまだ未熟ですし、見た目も……多分、普通？　ですけど、<br />\r\nえっと、その、努力をすることだけは得意なので応援してくださいっ！<br />\r\nよろしくおねがいしますっ！<br />\r\n<br />\r\n上原歩夢はPDPのプロジェクトメンバー及びスクフェス発の新スクールアイドルのメンバーである。 <br />\r\n立ち位置や学年から、おそらく新スクールアイドルのセンター・主人公だと推測される。','2000-03-01','大西亜玖璃'),(30,'中须霞','female','こーんにっちわー！　みんなのアイドルかすみんだよー！<br />\r\n日本一のスクールアイドルを目指して、毎日、歌やダンスのレッスンをがんばってます！<br />\r\nもちろん、もっともーっと可愛くなるための秘密の努力もしてますよー。<br />\r\nあとはー、ライバルたちに送り付ける怪文書とかぁ、<br />\r\nライバルの靴にこっそり入れるコッペパンとかの準備も滞りなく――<br />\r\nって、わわ、これは内緒でしたっ！<br />\r\nこ、こほん！　と、とにかく、かすみんのこと、みんな応援してね！<br />\r\n<br />\r\n中須かすみとはPDPのプロジェクトメンバー及びスクフェス発の新スクールアイドルのメンバーである。','2000-01-23','相良茉優'),(31,'朝香果林','female','ハーイ！　朝香果林よ。よろしくね♪<br />\r\nねぇ、キミはどんなスクールアイドルが好き？　どんなライブが見たい？<br />\r\n元気いっぱい系？　それとも、とってもキュートな？　もしくはクールでカッコいいとか？<br />\r\nそれもいいけど、私がキミに見せてあげたいのはね……<br />\r\n私にしかできない、と～っても刺激的なライブよ。<br />\r\nどんな風に刺激的なのかって？<br />\r\nそ・れ・は、私のこの身体を見ればわかるでしょ？　うふふ。<br />\r\n私が自信を持ってアピールできるこの身体をつかって、セクシーで、情熱的で、夢のような、<br />\r\nそんな大人のライブでみんなのこと興奮させてあげる♪<br />\r\n絶対に後悔はさせないから、私のこと熱く熱く応援してくれると嬉しいわ。<br />\r\nみんなからの情熱的な声援、待ってるわね。うふふ♪<br />\r\n<br />\r\n朝香果林とはPDPのプロジェクトメンバー及びスクフェス発の新スクールアイドルのメンバーである。','2000-06-29','久保田未夢'),(32,'宫下爱','female','ちっすー。アタシは宮下愛。<br />\r\n学校の友達に誘われて、スクールアイドルはじめちゃいました！<br />\r\nみんなーよろしくねっ、愛してるよっ！　愛だけにっ！<br />\r\nってことで、ここからは愛さんお得意のダジャレ１００連発の時間が始ま――<br />\r\nえ、始まらない？<br />\r\n……あ、うん、ごめん。まじめにね、まじめに。<br />\r\nえっと、こう見えて、愛さん結構なんでも出来ちゃう優等生なんだケドさ。<br />\r\n見えない？　いやいやいや、ホントだって！　勉強も運動もナカナカのモンだし、オシャレだってさ……見て見て？<br />\r\nで、そんな愛さんに、さっきの友達が、<br />\r\n『スクールアイドルの世界は愛が今まで見てきたものとは全然違って見えると思うよ。<br />\r\nだから、挑戦してみない？』とか言ってさ。もうね、愛さんテンアゲ！<br />\r\nそんなこと言われたら愛さん燃えちゃうほうなんだよね。<br />\r\nだから！　スクールアイドルの世界でナンバーワンを目指すことにしました！<br />\r\n愛さんの見たことのない世界、見てみたいっ！<br />\r\nそんでみんなにもそーゆー景色見せたげたいっ！<br />\r\nだから、アタシと一緒にノリノリでいこーね！','2000-05-30','村上奈津実'),(33,'优木雪菜','female','みんな、元気ーっ？　優木せつ菜ですっ！<br />\r\n私ね、実は大きな野望があるんですっ！　<br />\r\nちょっと恥ずかしいけど勇気を出して言いますね。<br />\r\nそれは『大好き』を世界中に溢れさせちゃうスクールアイドルになることなんですっ！<br />\r\n今の世の中、好きなことを素直に好きって言うの、ちょっと難しいじゃないですか。<br />\r\n恥ずかしかったり、誰かにバカにされちゃったり、色んな事情があったり。<br />\r\nでもね、スクールアイドルの世界ってそんなことなくて、やってる人も、応援してる人も、みんなスクールアイドルが大好きで、素直に大好きって言えちゃう。<br />\r\nキラキラしてて、楽しくて、とっても優しい世界。<br />\r\nだって、ここには大好きが溢れてるから。<br />\r\nそんな、誰もが大好きを言えちゃう世界を、私はもっともっと広げていきたいんですっ！<br />\r\n果てしない夢かもしれないけど、みんなとならいつか実現できると信じてます。<br />\r\n私と一緒に大好きがいっぱいの世界を作っちゃいましょう！　よろしくお願いします！','2000-08-08','楠木ともり'),(34,'天王寺璃奈','female','私、天王寺璃奈。<br />\r\nとってもきゅーとな女の子。ホントだよ？<br />\r\nでも、感情をカオに出すの、かなり苦手だから、いつも無愛想な女の子に思われるの。<br />\r\nそこで私は考えた。感情をみんなに伝えるための秘密アイテム。<br />\r\nその名も『璃奈ちゃんボード』。<br />\r\nこのボートにカオを書いて、私の気持ちを伝えるの。<br />\r\nうん、これで完璧。ライブでもみんなと同じ気持ちを共有できるはず。<br />\r\nえ？　私の素顔が見たい？<br />\r\nう～、じゃあ、みんながいっぱい応援してくれたら、素顔になる。<br />\r\nその時は、頑張って笑顔を見せるから、ちょっと変でも許してくれると嬉しいの<br />\r\n<br />\r\n　｢ラブライブ!｣のスマートフォンゲーム｢ラブライブ! スクールアイドルフェスティバル｣の新プロジェクト｢ラブライブ! スクールアイドルフェスティバル PERFECT Dream Project｣(以下｢PDP｣)より登場したキャラクター｡ <br />\r\n　これまでも多数の個性的なキャラクターが存在する通称｢モブライブ!｣だが､彼女の最たる特徴は､｢表情を描いた紙で顔を隠している｣点で､すなわち｢彼女の素顔が一切不明｣ということである｡この点で､｢PDP｣メンバー続報時に登場してから大きな話題となっている｡ <br />\r\n　他作品でも､半分だけ隠れているアイドルはいたものの､顔が完全に隠れているアイドルは異例中の異例である｡ <br />\r\n　顔で全て持って行かれている感が否めないが､身長､バスト共に｢PDP｣どころか､μ\'sやAqoursを含めても最小である(またお向かいで同い年のこの人よりも小さい)｡ <br />\r\n　彼女の素顔はもちろんのこと､どのようにして表情を変えるのか､ステージに立つときはどのように顔を隠すのか､続報が待たれる(2017年5月22日現在､上記のプロフィールが公開されているのみ)｡ <br />\r\n　pixivでは案の定(?)､素顔の予想大会が始まっている｡','2000-11-13','田中ちえ美'),(35,'高咲侑','female','テレビアニメの主人公。<br />\r\n高校2年生。アニメにおいての「あなた」。上原歩夢の幼馴染でありスクールアイドルが大好きであるが、彼女自身はスクールアイドルではなく裏方に徹している。',NULL,'矢野妃菜喜'),(36,'日向梦','female','初中一年级生，动画版的人类主角。性格开朗。打算加入啦啦队部。养有叫「小Q」（きゅうちゃん）（配音：泊明日菜（日本））的小狗。偶然拾到从天上掉下来的梦梦猫，成为她的搭档，并开始与她一同收集梦梦宝石（ドリーミーストーン）。','2000-08-16','村上奈津実'),(37,'月岛舞良','female','梦的同学，初中一年级生。人气青年时尚杂志的模特儿，但其实喜欢搞笑，希望将来成为搞笑艺人。佩可的搭档。','2000-10-18','伊藤彩沙'),(38,'今井琴子','female','初中三年级生，小梦的学姐。成绩排全校第一，担任电脑社的社长。很会照顾人，是小梦和舞良姐姐般的存在。小舒的搭档。<br />\r\n<br />\r\n中学3年生で、ゆめの先輩。成績は学園1位で、パソコン部の部長。面倒見が良くて、ゆめとまいらの姉役。すうのパートナー。','2000-03-12','幸村恵理'),(39,'南川朝阳','male','初中一年级生，住在小梦隔壁的儿时玩伴。擅长运动，打算加入网球队。<br />\r\n<br />\r\n中学1年生で、ゆめの隣に住んでいる幼馴染。運動が得意で、テニス部に入部予定。','2000-11-15','小林裕介'),(40,'鼓田美奈玲','female','本作の主人公。VOYAGERの従業員。麻藤との出会いを機にラジオ業界へ足を踏み入れ、MRSで自身の冠番組を持つ。<br />\r\n裏表がなく、サバサバとした性格の持ち主。行き当たりばったりなところもあるが、一方でアドリブ力は高い。',NULL,'杉山里穂'),(41,'麻藤兼嗣','male','MRSのディレクター。ミナレの喋りの才能を見出し、ミナレをラジオ業界に誘った。ミナレがラジオパーソナリティとしての活動を始めてからは、ミナレの番組のディレクターも務めている。<br />\r\nかつてテレビ局に勤務していたが、シセル光明という芸人と出会ったことがきっかけでラジオ局へ移った過去を持つ。',NULL,'藤真秀'),(42,'南波瑞穂','female','MRSのアシスタントディレクター。ラジオパーソナリティとして活動を開始したミナレを自室に居候させており、また彼女の番組作りにも協力している。<br />\r\n高い女子力の持ち主だが、男女交際の経験はない。当人は構成作家の久連子克三に好意を寄せており、彼の想い人である茅代まどかに対抗心を抱いている。',NULL,'石見舞菜香'),(43,'宫藤芳佳','female','隶属扶桑皇国海军遣欧舰队第24航空战队288航空队，军衔为军曹（OVA版为上等飞行兵曹，剧场版为少尉）。<br />\r\n动画版主角。具有强大潜力而被坂本美绪相中的新人，为拥有治疗魔法、实战经验为零的乡下小女孩。个性开朗，富有亲和力，与谁都能迅速成为朋友。凡事积极奋力，相信只要努力就能解决一切困难。直线性的思考常常会因此忽略周遭事物，也曾因此在战斗中遭遇危险。<br />\r\n擅长料理（只限于日式料理），但比起味觉上的享受，更重视营养与健康方面。相当在意自己的胸部大小，对于莉涅特和夏洛特的伟大胸围，似乎抱持着“想揉揉看”之类不太纯洁的念头。<br />\r\n<br />\r\n飞行脚机型A6M3a零式舰上战斗脚22型甲，第二季换为震电，武器为99式2号2型改13mm机关枪、Mauser Schnellfeuer M712冲锋手枪。使魔是豆柴“九字兼定”。<br />\r\n固有魔法是治疗术，并且拥有现役魔女群中最强的魔力。<br />\r\n<br />\r\n原型：大日本帝国海军航空队飞行员，通称“空中的宫本武藏”的武藤金义，拥有击坠数28的战绩。1945年7月24日于丰后水道上空空战中失踪。',NULL,'福圓美里'),(44,'坂本美绪','female',NULL,NULL,'千葉紗子'),(45,'莉涅特·毕晓普','female','年龄15岁，身高156厘米，生日6月11日，通称“莉涅”。<br />\r\n&nbsp; &nbsp; 隶属不列颠尼亚空军610战斗机中队，军衔军曹（第一季）→曹长（第二季）。<br />\r\n&nbsp; &nbsp; 第一季时飞行脚机型Spitfire MK. IX，第二季升级为喷火式MK22，武器为Boys Mk-I反坦克来福枪、Bren Mk-I轻机枪。使魔是苏格兰折耳猫。穿着白色低腰裤。<br />\r\n&nbsp; &nbsp; 战斗时担任远距离精准打击。<br />\r\n&nbsp; &nbsp; 与芳佳同时期入队的新人。生长在拥有八位姊妹的大家族，身为最中间的孩子，为人相当体贴，擅长料理、裁缝、编织等家事。维持和缓步调，随时为同伴们付出关怀。可惜生性迷糊，很容易弄巧成拙。<br />\r\n&nbsp; &nbsp; 长距离射击的成绩相当优秀，魔法提升视力后，可以在无狙击镜的情况下，命中一公里外的标靶，名符其实的狙击手角色。固有魔法是在子弹上注入魔力，大幅提升威力、贯穿力以及有效射程。入队的心愿是守护祖国不列颠尼亚，却因这样的使命感而备受压力，实战表现往往不如训练时理想。最初对才能优秀的芳佳保持距离，两人在训练与战斗过程中逐渐了解彼此，因而成为摰友。<br />\r\n&nbsp; &nbsp; 胸部仅次于夏洛特，是联合团中第二大，但本人倒是相当不愿提及此类话题，对外宣称的胸围尺寸也明显小于实际值。<br />\r\n&nbsp; &nbsp; 角色原型仍有许多争议。虽然与长姊威玛·毕晓普一同被认为和第一次世界大战的王牌飞行员比利·毕晓普（Billy Bishop）有关，然而官方并未对此提出明确说明。',NULL,'名塚佳織'),(46,'佩瑞妮·H·克洛斯特曼','female','年龄15岁，身高152厘米，生日2月28日。通称“克洛斯特”“Bleu Premier”。<br />\r\n&nbsp; &nbsp; 隶属自由高卢空军第602飞行队，军衔中尉。<br />\r\n&nbsp; &nbsp; 第一季时飞行脚机型Arsenal VG39，第二季升级为VG39.Bis，武器为西洋剑、Bren Mk-I冲锋枪。使魔是沙特尔猫。穿着黑色裤袜。<br />\r\n&nbsp; &nbsp; 战斗时担任最前线的近距离突击。<br />\r\n&nbsp; &nbsp; 高卢贵族出身，对自己的能力具有绝对的自信，自尊心亦高人一等，会挖苦能力在自己之下的人们。另一方面，由于故乡遭受异形军占领，而自己努力解放故国的心又不愿意和大家明讲，因而其实非常寂寞，在特定人士面前会展现出与平常完全不同的意外一面，有傲娇的隐藏属性。解放高卢后，积极投入战后重建工作，并将自己的军饷和积蓄全部都捐给了高卢复兴团队，甚至不惜卖掉诸多祖传的贵重宝物。<br />\r\n&nbsp; &nbsp; 极其崇拜坂本美绪，有种接近盲目的憧憬，甚至因此将刚入队但与美绪交好的芳佳视为敌人，讽称她为“豆狸”。在共同经历数次战斗后，才逐渐承认芳佳的实力，并最后与芳佳、莉涅特一同成为挚友和默契十足的三人小组。<br />\r\n&nbsp; &nbsp; 金发自然卷发，戴着眼镜。似乎相当在意自己的小胸围。<br />\r\n&nbsp; &nbsp; 战斗方式中规中矩，不会恣意行动、无视团队。固有魔法是雷击，可以同时间击落一定范围内的所有目标。若将雷电集中于掌心再释放，其威力甚至能洞穿坦克装甲和航空母舰的钢板，副作用则是发型会因静电而变得乱七八糟，因此并不爱使用。使出这招时她总会高喊“Tonnerre！”，也就是高卢语里的“雷鸣”，根据本人的说法，这么做就像英雄施展必杀技时、会喊出招式名称的意思一样。',NULL,'沢城みゆき'),(47,'服部静夏','female','强袭魔女剧场版原创角色。扶桑皇国海军兵学校飞行学生，军衔军曹，爱媛县出身，但因家里的关系而移居横须贺。因发现其身为魔女的力量，而志愿成为飞行预科生，以优秀的成绩学习着，并借此推荐进入兵学校接受军官训练。<br />\r\n<br />\r\n飞行脚为川西航空机公司〔新明和工业〕的 紫电21型（N1K2-J），使魔为四国犬。<br />\r\n<br />\r\n原型：大日本帝国海军飞行员羽藤一志，零战王牌，拥有击坠数19的战绩。1942年于瓜达尔卡纳尔岛遭美军F4F战斗机击坠身亡。',NULL,'内田彩'),(48,'明娜·迪特琳德·威尔克','female','帝政カールスラント出身。第501統合戦闘航空団の隊長。大人びた言動をする苦労性の司令官',NULL,'田中理恵'),(49,'歌尔特露德·巴克霍隆','female','隶属卡尔斯兰空军JG52第2飞行队司令，军衔上尉。<br />\r\n明娜的辅佐官，默默努力支持部队的存在与运作。现实主义者，非常重视纪律，不论对自己或他人都要求甚高的正经班长型人物。作战风格毫无花巧，确实地以最小损害达到最大战果。艾莉卡的多年战友，性格如同正反面的两人虽然时常产生摩擦，但也时常一同行动与战斗，拥有极高的默契度。<br />\r\n力气惊人且耐力十足，能灵活使用沉重而威力强大的武器，常同时持着两把重机枪进行凶猛的火力扫射。<br />\r\n平常总是一副严肃的扑克脸，其实有着容易害羞的一面，十分疼爱妹妹克莉丝，甚至在看到与妹妹外貌相似的芳佳时，产生了移情作用而心神大乱，因此被团员戏称为大姊姊。<br />\r\n<br />\r\n第一季时飞行脚机型Fw190D-6 Prototype，第二季升级为FW-190D9，武器为MG42、MG131、MG151/20机关枪等。使魔是短毛指示犬。战斗时负责中、远距离的重火力支援。<br />\r\n固有魔法是增幅后的可怕怪力，能利用枪托敲碎异形军的外壳、一拳打碎巨石，甚至能拔起深入地底的巨大钢筋。<br />\r\n<br />\r\n原型：纳粹德国空军飞行员格尔哈德·巴克霍隆，拥有击坠数为301的战绩，也是史上排名第二的王牌飞行员。他与哈特曼和京特-拉尔同属著名的第52战斗机联队，执行了超过1,100次战斗任务。1983年1月6日，在科隆附近高速公路上的交通事故中，妻子Christl当场丧生，巴克霍恩也于两天后在医院里去世。',NULL,'園崎未恵'),(50,'艾莉卡·哈特曼','female','隶属卡尔斯兰空军JG52的超级王牌，军衔中尉。<br />\r\n打扮中性，具有与稚龄外表不符的长年战斗经验，战斗技能无可挑剔，是团中数一数二的战斗要员。<br />\r\n不过分相信自己的能力，面临再大的危机，也能找出保全所有人的方法并且加以实行。<br />\r\n本质上是个性开朗、人见人爱的孩子，不常开口也能成为同伴的中心人物。胸部大小只赢过最年幼的佛兰切斯卡，不过本人似乎不怎么在意，声称此为“自然体”。<br />\r\n<br />\r\n飞行脚机型为Bf109G-6，第二季升级为Bf-109K4，武器为MG42机关枪、MP40冲锋枪。使魔是腊肠犬。战斗时采用一击离脱战法。<br />\r\n固有魔法是控制大气，在身体周围产生强力气流。平常用以增强空战机动性，提高风速则形成“带有冲击波的龙卷风”，干扰或消灭行进路径上的敌人。<br />\r\n<br />\r\n原型：纳粹德国空军飞行员，通称“黑色恶魔”的埃里希·哈特曼，拥有击坠数352的战绩，也是历史上排名第一的空战王牌。哈特曼在实战中总结了一套完全不同于过去的“一击脱离”战术，并且从未让一名自己的僚机丧生。战后哈特曼受聘于西德空军，并最终于1993年病逝。',NULL,'野川さくら'),(51,'弗兰西斯卡·鲁奇尼','female',NULL,NULL,'斎藤千和'),(52,'夏洛特·E·叶格','female','隶属利比里昂陆军第363战斗飞行队，军衔上尉。<br />\r\n部队中身材最丰满伟岸的女队员，身高167cm，三围达到傲人的94/61/86。战斗采极接近战。结果决定一切的能力主义者，但是对于周遭气氛的变化相当敏感；不拘小节、宽宏大量。个性上是一根肠子通到底，遇到挑战则会积极面对。喜欢干净，相当中意基地从扶桑皇国引进的澡堂。讨厌像章鱼之类“软软黏黏、蠕动”的食材做成的料理。<br />\r\n机械造诣深厚，会在房间里整修摩托车，并且不时改装和测试自己的飞行脚。魔导引擎摩托车的速度记录保持人。入队后则为了追击速度型的异形军，致力于提升飞行脚的最大速度。<br />\r\n<br />\r\n飞行脚机型P-51D，武器为BAR M1918、Thompson M1A1冲锋枪、Colt Government 1911A1手枪，使魔是兔子。<br />\r\n固有魔法是加速，可以快速横越长距离。<br />\r\n<br />\r\n原型：美国陆军航空团飞行员查克·叶格（Charles Elwood &quot;Chuck&quot; Yeager，1923年2月13日－2020年12月7日），拥有击坠数为12.5的战绩。战后查克担当美国空军与NASA试飞员，也是第一个突破音障的人类，并且在《强袭魔女》开播时仍在世。',NULL,'小清水亜美'),(53,'萨妮娅·V·利特维亚克','female','出身于欧拉西亚帝国，军衔中尉。<br />\r\n飞行脚机型为MiG i-225，武器为Flieger Hummer，使魔是黑猫。<br />\r\n固有魔法为全方位广域探查。<br />\r\n原型：苏联空军女性飞行员，德军称为“斯大林格勒的白蔷薇”的莉迪亚·弗拉基米罗夫娜·利特维亚克（Лидия Владимировна Литвяк，Lydia Litvyak）（飞机上画有象征物白百合，被德军误认为蔷薇），是强袭魔女中唯一一个原型是女性的角色。',NULL,'門脇舞以'),(54,'艾拉·伊尔玛塔·尤蒂莱南','female','隶属索穆斯空军飞行第24战队，军衔少尉，是北欧索穆斯的顶级王牌。<br />\r\n令人摸不透的不可思议少女。兴趣是占卜，常以塔罗牌推算部队及队友的运势，然而实际结果往往与占卜相反。喜欢恶作剧，但其实非常重视同伴，偶尔展现温柔的一面。常以客观的全局角度冷静分析。<br />\r\n百合倾向的描写相当多。对于夏洛特和莉涅特的伟大胸围，具有“想揉揉看”这类性骚扰般的想法，也曾公开表示“希望受到女孩子欢迎”，对桑妮亚抱持超越性别的强烈情感。<br />\r\n与小说版的艾尔玛·雷沃南是索穆斯时代的前后辈关系，也知道没人要中队的事。 <br />\r\n<br />\r\n飞行脚机型为Bf109G-2，武器为苏米 M1931冲锋枪、MG42机关枪，使魔是黑狐。<br />\r\n固有魔法为预知未来，因此在战斗中可以预判攻击从而完美躲避。<br />\r\n<br />\r\n原型：芬兰空军飞行员，通称“无伤击坠王”的埃伊诺·伊尔马里·尤蒂莱南，拥有击坠数126的战绩，经证实的战绩则为94，也是二战期间除德国飞行员外成绩最好的王牌。整场战争中，尤蒂莱南的战斗机从未被敌人所击中，同时，他也从未在战斗中失去过僚机。尤蒂莱南最终于1999年病逝。',NULL,'大橋歩夕'),(55,'鲁迪乌斯·格雷拉特','male','交通事故死した34歳無職童貞引きこもりニートの男が異世界で転生した姿。<br />\r\n前世の後悔や経験を糧に「今度こそ本気で生きる」ことを決意し、幼少期から魔術を学ぶなど人として成長していく。<br />\r\n母ゼニスを探す中で冒険者“泥沼”として名を馳せ、ラノア魔法大学へ入学。姿を偽っていた幼馴染のシルフィエットと再会、そして惹かれあい彼女と結婚、子供を授かる。<br />\r\nそんな中、ゼニスの危機を知り、救出のためベガリット大陸の迷宮都市ラパンへ向かう。',NULL,'下野紘'),(56,'希露菲叶特·格雷拉特','female','ブエナ村出身、エルフの耳のボクっ子幼馴染。<br />\r\n幼少期にルーデウスから魔術を習い、彼と同様に無詠唱魔術の使い手。<br />\r\nアスラ王国の第二王女・アリエルに仕える守護術師であり、姿を男性と偽りラノア魔法大学に留学。幼少期より好意を抱いていたルーデウスと再会し結ばれる。',NULL,'茅野愛衣'),(57,'艾莉丝·格雷拉特','female','アスラ王国の上級貴族ボレアス・グレイラット家の令嬢。ウェーブのかかった真紅の髪が特徴。<br />\r\n狂犬と称されるほどの凶暴な性格で、剣術の高い才能がある。',NULL,'加隈亜衣'),(58,'洛琪希·米格路迪亚·格雷拉特','female','魔族「ミグルド族」の水王級魔術師。<br />\r\n長命なミグルド族で、見た目はジト目に青髪の美少女だが、成人。ルディの魔法の家庭教師としてグレイラット家に招かれ、ルーデウスの師匠となった。<br />\r\nフィットア領転移事件を受けて、パウロと共にベガリット大陸でいまだ行方不明のゼニスの捜索を続けている。',NULL,'広橋涼'),(59,'各务原抚子','female','リンとの湖畔での出会いからキャンプに惹かれ、<br />\r\n高校で野クルに入部する。<br />\r\nいつも明るくて前向きで、楽しいことが大好き。<br />\r\n美人のお姉さんがいる。','2000-03-04','花守ゆみり'),(60,'志摩凛','female','お爺ちゃんの影響でキャンプを始めたソロキャンパー。<br />\r\nなでしこと出会って初めて、誰かとのキャンプを経験する。<br />\r\n野クルには所属していないが、<br />\r\nなでしこのことはちょっと気にかけている。<br />\r\n<br />\r\n<br />\r\n名古屋の出版社で編集者として働く。<br />\r\n営業を経て最近編集部に異動し、タウン情報誌を作っているが自分の企画はまだ通せていない。<br />\r\n休日はバイクでツーリングに行くのが息抜き。','2000-10-01','東山奈央'),(61,'大垣千明','female','キャンプ場所、道具えらび、<br />\r\n真っ先に楽しいことを持ってくる明るい行動派。<br />\r\n賑やかで快活な性格だが、涙もろく人情味あふれる一面も。<br />\r\n「キャンプがしたい！」と、あおいと一緒に野クルを結成した。','2000-08-31','原紗友里'),(62,'犬山葵','female','関西なまりで話すおっとり系。<br />\r\n猪突猛進な野クルメンバーの中で、<br />\r\n肝心な時にみんなを気づかう陰のリーダー的存在。<br />\r\n千明からはイヌ子と呼ばれている。','2000-03-04','豊崎愛生'),(63,'齐藤惠那','female','リンの友達。マイペースな自由人。<br />\r\n野クルの部員ではないが、野クルの活動にちょくちょく興味を示す。<br />\r\n人づきあいが苦手なリンにさりげないアドバイスをすることも。<br />\r\n飼い犬の名前は「ちくわ」。','2000-09-01','高橋李依'),(64,'宫内莲华','female','『のんのんびより』の作中で旭丘分校に通う小学1年生。<br />\r\n宮内家の三女で教師の宮内一穂の妹。<br />\r\n周囲からのあだ名は「れんちょん」。<br />\r\n薄い色の紫髪をツインテールにしており、小鞠と同じように頭に双葉のようなアホ毛があるが、彼女のそれは毛と言うよりは房レベルの巨大なもので、遠目に見ると頭から噴水が出ているようにすら見える。目は赤色。<br />\r\n身長は139cmで、2012年の小5女子（身体測定を行うのは4月）の平均身長とほぼ同じで、同じ1年生の女子の平均身長と比べると20cm以上高い。<br />\r\nただし、アニメでは140cm未満とされる小鞠よりも明らかに背が低く描写されている。<br />\r\nもっとも、身長139cmという情報の出所は原作5巻に収録の初期設定集であり、そこにはれんげがもともと小学4年生だったとも記してあるので、身長139cmはあくまでも初期設定段階のものなのかもしれない。<br />\r\n<br />\r\n話す時、語尾に「のん」「○○なのん」「○○なんな～?」という語尾を多用するのが口癖(小鞠の描写からこの地方の訛りの模様)。<br />\r\n挨拶代わりに発する「にゃんぱすー」など、意味不明な発言が多い。ほかにも飼っているタヌキに「具」という名前をつけるなどの独特のセンス、冷めた顔で「ホント笑わせてくれる…」など小学1年生らしからぬ発言をする、歳の割にやたら力が強いなどシュール要素満載な子。いつも半目に三角口で、無表情だが好奇心は旺盛。両手を上げる癖がある。<br />\r\n<br />\r\n絵を描くのが上手く、この歳にして前衛的なイラストを描き、コンクールで表彰された経験がある。また成績も優秀でオール5をとったこともある。<br />\r\nピーマンが大の苦手。<br />\r\nツインテールを止めているリボンは姉・ひかげのお下がりで、赤ん坊の頃世話をしていた加賀山楓に付けてもらって以来未だに使い続けている。<br />\r\n誕生日は12月3日で血液型はB型。<br />\r\n<br />\r\nアニメでの声優は小岩井ことり。<br />\r\n<br />\r\n旭丘分校で最年少の小学1年生。12月3日生まれ。語尾に「～のん」をつけるのが口癖。独特の感性の持ち主で、次々と迷言を生み出す。<br />\r\nあだ名はれんちょん。「にゃんぱすー」と独特の挨拶をする。ペットに狸を飼っており、名前は「具」。','2000-12-03','小岩井ことり'),(65,'一条萤','female','小学5年生。5月28日生まれ。両親の仕事の都合により東京から引っ越してきた。小学生とは思えないほどに発育が良い美少女で、たびたび大人扱いされるようである。先輩である小鞠のことを愛おしく思っている。<br />\r\n裁縫が得意で部屋には大量の小鞠人形が存在している。小鞠と2人で遊ぶとき、私服にメガネで登場すると最後まで本人と気付いてもらえなかった。<br />\r\n普段は大人びて落ち着いた雰囲気をまとっているが、れんげとウサギ小屋に閉じ込められた時は泣いて助けを求める子供っぽい一面ももつ。<br />\r\nまた親戚が蛍の家の近くに住んでおり、引っ越してくる前にも夏海たちが住んでいる場所に何回か来たことがある。<br />\r\nあだ名はほたるん。','2000-05-28','村川梨衣'),(66,'越谷夏海','female','中学1年生。小鞠の妹。血液型はA型。1月24日生まれ。明るい性格でムードメーカー。人をからかうのが好きで、特に小鞠をからかうことが多い。<br />\r\n幼少の頃からイタズラばかりしており、母には頭が上がらない。あだ名はなっつん。<br />\r\n勉強は得意な方ではないが、なにかと幅広い知識を持っている。','2000-01-24','佐倉綾音'),(67,'越谷小鞠','female','中学2年生。夏海の姉。血液型はAB型。9月14日生まれ。身長が140cmに満たないことを気にしている。大人に対する憧れが強く、何かにつけて大人ぶろうとするが、<br />\r\n実際には怖いものが苦手であるなど幼い面が多い。あだ名はコマちゃん。由来は名前ではなく細いからである。みんなで海に行った時には、迷子の子供と間違われて連れて行かれてしまった。','2000-09-14','阿澄佳奈'),(68,'空闲游真','male','近界民（ネイバー）の少年。ボーダー三雲隊のC級アタッカー。15歳（中学生）。<br />\r\n身長141cm。好きな物は日本の食べ物。','2000-07-18','村中知'),(69,'三云修','male','三雲隊隊長。ボーダーC級（ポジション不明）→B級シューター。遊真の同級生。眼鏡をかけた黒髪の少年。15歳（中学生）。左利き。<br />\r\n5月25日生まれ。身長168cm。A型。うさぎ座。好きな物は親の手料理・橋。','2000-05-25','梶裕貴'),(70,'雨取千佳','female','ボーダー三雲隊のC級スナイパー。修の後輩の女子中学生。13歳。<br />\r\nアホ毛が特徴的。背は低く、遊真と同じくらいの身長。おとなしく、控えめな性格。','2000-02-11','田村奈央'),(71,'休斯','male','アフトクラトル出身の近界民。故郷へ帰還するため、玉狛第２に加入し、遠征部隊入りを目指す。ボーダー内で身元を隠すため、玉狛のミカエル・クロ―ニンの親戚ということになった。','2000-06-12','島﨑信長'),(72,'巽幸太郎','male','神秘的偶像经纪人。<br />\r\n肩上批着黑夹克，红色背心的口袋总是插着小岛食品工业的鱿鱼丝。墨镜无论何时都不会摘下来。做事如旁若无人般的脱离常识，将传说（？）的7人复活为僵尸的罪魁祸首，策划着僵尸偶像拯救佐贺的“僵尸乐园偶像计划”。还未有人知晓其计划的全貌。',NULL,'宮野真守'),(73,'源樱','female','长发上佩戴着水珠花纹绸带是其魅力点的僵尸1号。<br />\r\n7个人中最先受刺激醒来的僵尸。不知为何她忘记了生前记忆而醒来。常常容易被周围的传说僵尸们折腾，也经常当吐槽角色。顺带一提，她的使用语言是唐津方言。是个非常可爱的方言女孩。',NULL,'本渡楓'),(74,'二阶堂咲','female','金发马尾，闪着锐利眼神的僵尸2号。<br />\r\n20世纪末，完成了九州制霸的传说暴走族集团“怒罗美”的特攻队长。“杀了你哦”是她的口癖，常找茬和威胁别人，自己和他人都承认是个不良，不过只要别人有骨气她就会视为死党。<br />\r\n生前十分沉迷“拓麻歌子”。',NULL,'田野アサミ'),(75,'水野爱','female','黑色短发上戴着黄色花瓣发饰的僵尸3号。<br />\r\n在2000年以后的偶像战国时代中人气绝顶的偶像组合中无法撼动的中心。虽然擅长唱歌，但本人对跳舞更有自信。性格要强，毫不掩饰自己的心里话。对于幸太郎的计划，感到十分怀疑。<br />\r\n顺带一提，一变成偶像模式，头上的花就会变多。<br />\r\n害怕打雷。',NULL,'種田梨沙'),(76,'绀野纯子','female','有着通透肌肤、忧郁表情的美人僵尸4号。<br />\r\n1980年偶像热潮的红人，风靡一世的传说偶像。性格保守且自虐，对于“偶像”抱有强烈的信念，在7人当中歌唱力最强的。反而跳舞却有点不擅长。<br />\r\n经常被多惠咬，总是在四处逃跑。',NULL,'河瀬茉希'),(77,'夕雾','female','束起长发，装容妖艳的魅力僵尸5号。<br />\r\n从幕末开始到明治的动摇时代，维维新运动的背后隐藏着这个人的身影，传说中的花魁”。由于开朗、我行我素的性格，尽管复苏在了离生前约150年后的世界，对周围的环境以及自己是僵尸的事实也不为所动，保持现状。',NULL,'衣川里佳'),(78,'渡边更纱','female','紅華歌劇音楽学校 予科生。<br />\r\n178cmの長身としなやかな手足、かがやく瞳を持つ少女。<br />\r\n天真爛漫でどんなことにも物怖じしない性格。<br />\r\n幼い頃に祖母の影響で紅華歌劇団の「ベルサイユのばら」を鑑賞し、<br />\r\n“オスカル様”を目指すようになる。<br />\r\n音楽学校合格時は中学3年生。','2000-07-01','千本木彩花'),(79,'奈良田爱','female','紅華歌劇音楽学校 予科生。<br />\r\n国民的アイドルグループ・JPX48のメンバーだったが、男性嫌いが理由でトラブルを起こして強制卒業。<br />\r\n男性のいない世界を求めて紅華に入学した。<br />\r\n整った容姿で周囲を惹き付けるが、紅華自体にあまり関心はない。<br />\r\n音楽学校合格時は高校1年生。','2000-11-14','花守ゆみり'),(80,'失马','male',NULL,'2000-05-01','濱野大輝'),(81,'麻中蓬','male',NULL,NULL,'榎木淳弥'),(82,'南梦芽','female',NULL,NULL,'若山詩音'),(83,'山中历','male',NULL,NULL,'梅原裕一郎'),(84,'飞鸟川千濑','female',NULL,NULL,'安済知佳'),(85,'瑞克·桑切斯','male','Morty的外公，拥有突破天际的智商，有酗酒的恶习，几乎酒不离身，性情冷漠且自傲，几乎每句话都带脏字。<br />\r\n虽然Rick像个高智商人渣，但据他的外星朋友说他只是太过痛苦需要发泄而已，而且事实证明Rick其实是很爱自己的亲人的。<br />\r\n是本剧的主角（虽然片名是Rick和Morty，但经常是Rick在主导一切）。离开女儿消失了20年之后又回归，总是拖着外孙Morty当他的副手，在外星进行各种各样奇异的冒险。',NULL,'多田野曜平'),(86,'莫蒂·史密斯','male','Rick的外孙，14岁青少年，智商不高（在第一季第10集中Rick说Morty的脑电波与自己的天才脑电波相互抵销，所以能作为人形盾牌来隐藏自己），善良又容易痛苦，经常由于Rick的行为卷入各种危机中而烦恼痛苦不已，特别是第一季第6集最终的事件发展给他埋下了巨大的心理阴影，其实是个很倒霉的存在（第一季第10集中说每年都有上百个平行时空中的Morty死亡）。<br />\r\n虽然基本每个平行时空的Morty都很平凡而且智商不高，但相比于其它时空的Morty，C-137的主角Morty更勇敢和负有反抗精神一些，而且Morty有的时候也会表现出非常机智的一面。',NULL,'​千葉啓介'),(87,'贝丝·史密斯','female',NULL,NULL,'Sarah Chalke'),(88,'杰里·史密斯','male',NULL,NULL,'Chris Parnell'),(89,'萨默·史密斯','female',NULL,NULL,'Spencer Grammer'),(90,'影山茂夫','male','本作主角，14岁，就读盐中学二年一班。因存在感薄弱被周遭人称为“龙套（路人）”。特征是锅盖头。不擅感受周遭气氛。个性温和，纯真热心，情感不丰，时常面无表情。是个强大的超能力者，认为超能力不是生活的必需品所以平常并不使用。为了不让超能力失控压抑著情感，每当累积的数值到达100时就会爆发。放学后会去灵幻的灵能相谈所打工，时薪300日圆。相当敬爱师父灵幻，宝贵的假日也是灵幻一通电话随传随到，虽然口头上抱怨，还是会乖乖随灵幻使唤。佩服聪明能干的弟弟影山律，是个能为了替弟弟道歉而下跪的好哥哥。爱慕著青梅竹马小蕾，为了得到小蕾欣赏加入肉体改造社。起初并不信任小酒窝，在日积月累的相处后一人一灵似乎真的成了好搭档。在与花泽打斗后成为盐中学的里番长。','2000-05-12','伊藤節生'),(91,'灵幻新隆','male','龙套的师父，28岁。以灵能力者自称，经营著灵能相谈所的独立灵能执业者。收费相对同行十分便宜。一直以来生计都十分勉强，在架设了相谈所官网后客人有渐多的趋势。擅长各种诈欺手法，话术亦十分高竿。自称少林拳法绿带，体术颇佳，但体能似乎有待加强。相当害怕蟑螂。喜欢狗。会用各种技能解决委托人的问题，若解决不了，则会叫龙套来处理。虽然是诈欺师一名，但对龙套的内心问题会认真解惑，也会主动察觉龙套的心结，可说是龙套的人生导师。','2000-10-10','櫻井孝宏'),(92,'小酒窝','male','上级恶灵。以龙套搭档自称。特征是双颊的红晕。阴险狡诈。为了成为神受世人崇拜建立了宗教（笑）（括弧笑），后被龙套击溃，力量大不如前。认为强大的龙套是助自己成为神的绝佳跳板，目前为了利用龙套的力量而跟在其身边。能附身在他人身上，被附身者除了双颊多了红晕，身体的潜力还能被运用到极致，有着不能破坏宿主身体的坚持。',NULL,'大塚明夫'),(93,'影山律','male','龙套的弟弟，13岁，就读盐中学一年三班。聪明能干，读书与体育皆擅长，长相清秀，受到众多女孩的欢迎。是学生会的一员。唯一的弱项就是不会超能力，因为哥哥龙套是天生的超能力者，因此认为会超能力是“基本”的事，对自己不会超能力感到自卑，并以学会超能力为目标。相当敬爱哥哥。在学生会“大扫除”时合伙栽赃不良少年，良心压力下超能力觉醒。对灵幻十分不以为然，在爪事件后貌似有改观。','2000-07-02','入野自由'),(94,'花泽辉气','male','通称光辉。黑醋中学二年级生，14岁，天生的超能力者，也是黑醋中学的里番长。自视甚高，蔑视无超能力的“凡人”，习惯于日常生活随心所欲的中使用超能力，因此考试、体育无不在行，再加上帅气的长相，深受众人欢迎。认真战斗时有内八字站姿的习惯。被龙套打败后价值观深受影响，对超能力的认知也有所改变，待人变得较和气。与龙套打斗时因龙套手滑导致头顶秃了一大片，从此带上堪比长厨师帽的超夸张假发，直到被樱威削掉假发后才恢复正常发型。','2000-04-13','松岡禎丞'),(95,'雪村葵','female','本作主角。2月19日生，15岁。B型。高校1年的女学生。为亚麻色、长度剪到齐领的发型、平时在左眉边附近夹着黑色的发饰。于小学生时期因从马骝架掉下来而患上畏高症，所以不能乘坐吊车之类的交通工具。而从这个时候开始，开始喜欢上烹饪、裁缝、阅读等一个人的空内活动（于杂志刊登时，是因在山顶看到日出后，站在马骝架顶端模拟在山上时失足掉下来并受重伤，后在住院期间开始爱上室内活动，这个原因在单行本时作了修改。不过，动画版却与杂志刊登时的版本一样。）。性格十分害羞怕人，对同学的所有劝诱均以抵抗的理由拒绝。另一方面，好胜心却很强，因此被日向挑拨时往往正中对方下怀。经常很在意自己的“女子力”。在登山方面完全是门外汉，但是为了配合日向，懂得利用互联网来搜寻并得到相关知识，亦对此抱有兴趣。对待日向时，在重逢初时并没有良好印象，虽没表露在面上但内心却出现不断抗议的恶态，但相处一段时间后葵对别人的关心和社交性开始变得正常。<br />\r\n官网简介：<br />\r\n人付き合いが苦手でインドア派な主人公。<br />\r\nジャングルジムから落ちて以来、<br />\r\n高所恐怖症に。<br />\r\n幼馴染のひなたと再会してからは、<br />\r\n嫌々ながらも<br />\r\n少しずつ山の魅力に目ざめていく。',NULL,'井上麻里奈'),(96,'仓上日向','female','11月11日生，15岁。A型。与葵同学年兼青梅竹马的女学生。虽为短黑发，但在头部两侧绑有双马尾为一大特征。在中学时代虽与葵疏离，但在高校的偶然机会下重遇。在与葵分开后，曾有段时间没有很要好的朋友，在各自成长及重逢后，立即紧紧地黏着葵不放，不过亦巧妙地挑拨葵令其掉进自己的计划中，另一方面，对葵亦十分关心，并且拥有不害怕与别人相处的性格。因受父亲的影响非常喜欢登山，不过仍为经验与知识不足的新手。',NULL,'佐藤聡美'),(97,'斋藤枫','female','1月16日生，16岁。AB型。于第5话登场，因与葵在登山用品店相遇而认识，跟葵与日向为同高校的女学生。年龄与学年为不明。配戴眼镜及拥有一头乌黑及腰的长直发，葵形容枫为“身材高挑真是好、很潇洒”的女性。因在葵的帮助下确定了自己想购买的睡袋后，与两人就交换了电邮地址，枫亦为葵在日向以外的第一个朋友。拥有纵走等较葵与日向丰富的登山经验，在第5话葵亦与枫商量登哪一座山较好的话题。',NULL,'日笠陽子'),(98,'青羽心夏','female','8月11日生，13岁。O型。在第9话与高尾山下山途中与葵相遇。发型为带点卷的茶色长髪，于前发的一部分为绑成三节编状。虽然葵对可可奈的第一个印象为森林系女孩，实际上可可奈于早上独自前来高尾山是为了看鼯鼠。她的性格是带有一点天然呆气息。',NULL,'小倉唯'),(99,'黑崎穗香','female','目前居住在群马县高崎市。黑色短发的女孩子，兴趣是风景摄影。在谷川岳与葵认识并住在同一间山间小屋。交换了邮件后经常和葵她们一起登山。',NULL,'東山奈央'),(100,'高木同学','female','西片くんのクラスメイトの女子中学生で、西片くんの隣の席に座っている。思わせぶりな言動をすることもしばしばある。成績は良く、先生に褒められたりもする。頻繁に西片くんのことをからかっては、西片くんの反応を見て楽しんでいる。背中まで伸びたロングヘアで、髪を纏めていることはあまりない。',NULL,'高橋李依'),(101,'西片','male','本作品の主人公。本作品はおもに西片くんの視点から語られる。男子中学生で、1年2組に所属している。高木さんとはクラスメートで、席は隣同士である。頻繁に高木さんにからかわれていて、それを悔しく思っている。よく、仕返しとして高木さんのことをからかおうと試みるが、それが高木さんに通じたことはなく、逆にさらにからかわれることも多い。勉強に全く取り組まないわけではないが、成績はそれほど良くない。',NULL,'梶裕貴'),(102,'黑崎一护','male','本作の主人公。虚（ホロウ）に襲われた際にルキアから死神の力を譲り受け、以降彼女の代わりに死神の仕事をこなす。白哉に死神の力を消された後は、浦原との修行で自分自身の中にあった死神の力を手に入れた。オレンジ髪（地毛）に茶色の瞳。<br />\r\n---<br />\r\n本作品的主角。被虚袭击时接收了露琪亚的死神力量，之后代替她进行死神的工作。在白哉消灭了其死神力量后，在浦原的修行下获得了自己本身的死神力量。橙色的头发，茶色的眼睛。','2000-07-15','森田成一'),(103,'朽木露琪亚','female','本作の準主人公。護廷十三隊の十三番隊に所属し、現世・空座町を管轄していた女死神。死神の力が戻るまでの間は一護をサポートし、死神の力が戻った後も一護達と共に戦う。死神代行消失篇から副隊長に昇進した。<br />\r\n---<br />\r\n百余年前还在襁褓中时，与姊姊绯真在现世中死后来到尸魂界，并且被绯真丢在流魂街第七十八区“戌吊”。自幼与阿散井恋次是一同成长的伙伴，之后恋次和露琪亚为了追求更好的生活，一同进入真央灵术院就读，并在前往真央灵术院的途中结识吉良井鹤（动画版则在学院里结识对方）。未曾毕业便被贵族之家朽木氏收养，成为朽木白哉的义妹，接受精英教育并直接加入护廷十三队，之后十几年间与恋次不常有来往。<br />\r\n<br />\r\n进入朽木家后便直接加入护廷十三队的十三番队，非常敬爱时任副队长的志波海燕。在一次消灭虚的行动中，杀死与虚同化的海燕，虽然海燕断气前感谢她的作为，但还是很自责并在心中留下阴影。后来在虚圈看到假扮成海燕的破面亚罗尼洛‧艾鲁鲁耶里，战斗时有受到影响。此外，她对于当时还是护廷十三队三番队队长的市丸银感到相当畏惧。于空座町大战过后晋升为十三番队副队长。<br />\r\n<br />\r\n她是带领黑崎一护踏进死神领域的关键人物，对于一护的性格与思维，有着相当程度的影响力。','2000-01-14','折笠富美子'),(104,'石田雨龙','male','絶滅したはずの対虚退魔眷属「滅却師」（クインシー）の生き残り。一護のクラスメイトで死神代行消失篇より生徒会長を務める。弓状の武器を用い、一護達と一緒に戦う。<br />\r\n<br />\r\n一護の同級生。滅却師の数少ない末裔で、<br />\r\n亡き祖父・宗弦を師と仰ぐ一方、<br />\r\n滅却師に否定的な父・竜弦とは折り合いが悪い。<br />\r\n死神を憎んでおり一護とも敵対していたが、<br />\r\n一護との共闘を経て戦友となった。<br />\r\n---<br />\r\n黑崎一护的好友，灭却师','2000-11-06','杉山紀彰'),(105,'井上织姬','female','本作のヒロイン。一護のクラスメイトで、彼に好意を寄せている。『盾舜六花』（しゅんしゅんりっか）を呼び出して盾などを創り、それを用いて自らの意思の力でさまざまな対象を拒絶する霊能力を持つ。<br />\r\n---<br />\r\n本作女主角，黑崎一护的好友，喜欢一护','2000-09-03','松岡由貴'),(106,'茶渡泰虎','male','一護のクラスメイトで、中学生時代からの親友。渾名はチャドで、頑丈かつ屈強な大柄な体が特徴。一護や虚と関わったことがきっかけとなり右腕に宿る能力が目覚める。<br />\r\n---<br />\r\n主人公之一。黑崎一护的挚友，有印地安人的血统，拥有强大的体魄和实力，是完现术者 。平时沉默寡言，性情温和，但是为朋友可以奋不顾身。在千年血战篇中完成了浦原指导下的战斗特训，目前和一护、织姬等人亲赴灵王宫将雨龙带回。<br />\r\n<br />\r\n“Chad”这个名称的由来是身高同样190cm以上的查德·史密斯（Chad Smith）（呛辣红椒乐团成员）。','2000-04-07','安元洋貴'),(107,'纳野和','male','ミュージシャンを夢見て上京するも、実家の緑松を継ぐことを決意。<br />\r\n和菓子を愛でながら、見習いとして働く。<br />\r\nノリと勢いで乗り切るお調子者。','2000-12-15','島﨑信長'),(108,'雪平一果','female','納野家に居候をする、緑松の看板娘。<br />\r\n仕事ぶりから、和の父より正式な跡継ぎとして認められているほど。<br />\r\n突如、戻ってきた和のことをライバル視する。','2000-03-26','結木梢'),(109,'吉田优子','female','本作の主人公。15歳の9月28日生まれで桜ヶ丘高等学校の1年D組に在籍。容姿はウェーブがかった長い茶髪で小柄。普段は丁寧語で話すが、尊大で威厳あるまぞくとして振る舞おうとしている時には断定口調になる。勉強と運動は苦手で、桃いわく「おばか」。真面目な性格で努力家だが、かなりのドジで空回りしてしまうことが多い。「これで勝ったと思うなよ」という捨て台詞を多用する。趣味は古いゲームでRPGがお気に入り。<br />\r\n15歳のある朝、突然闇の一族の力に目覚めて角としっぽが生え、以降は母の清子から与えられたまぞくとしての活動名「シャドウミストレス優子」を名乗るようになるが、呼びづらいため、桃をはじめとする学校の友人や教師からはシャミ子と呼ばれている。<br />\r\n宿敵である光の一族の巫女＝魔法少女を倒す使命を帯びたことで魔法少女である千代田桃に戦いを挑むが、まぞくになったとはいえ特に強くなったわけでなく、未熟で魔力も低いため苦戦している。それから桃とはなぜか仲良くなってしまい、事あるごとに桃に助けられて借りを沢山作ってしまう関係になってしまう。第1巻の結末では桃から意図せず生き血を奪ったことで一部の呪いを解くが、その代償として町の平和を維持する活動に協力するように迫られるようになる。第3巻では自分のルーツと桃と間にあった縁故を知り、改めて桃と協力して町を守っていくことを決意する。<br />\r\n少々お金にシビアな面もあるが、人を傷つけられない程に心優しいまぞくらしからぬ性格から皆に信頼されており、桃への借りを返して立派なまぞくになれるように日々努力している。「みんなが仲良くなりますように」という根源的な願いを持つ。<br />\r\nまぞくとしては夢魔とも呼ばれる一族に属し、人や動物や無生物の無意識の精神世界に侵入して操るという能力を持つ。','2000-09-28','小原好美'),(110,'千代田桃','female','シャミ子と同じ桜ヶ丘高等学校に通う光の一族の巫女＝魔法少女。15歳の3月25日生まれでクラスは1年A組。容姿は桃色のショートヘアで、前髪にピン留めをしている。たまさくらちゃんというゆるキャラに特別な親しみを感じており、密かにグッズを買い集めている。','2000-03-25','鬼頭明里'),(111,'莉莉丝','female','シャミ子のご先祖様。年齢は推定4、5000歳。メソポタミアの出身で褐色の肌をもち、容姿はウェーブがかかった長い金髪で右の角は折れている。シャミ子に闇の一族の力を与えた張本人であり、永劫の闇をつかさどる魔女。他人の夢に潜り夢を操る資質を持つ闇の一族の始祖でもあり、世界征服を目論んでいるが、数千年前に光の一族との苦戦の末に邪神像に魂を封印されていた。',NULL,'髙橋ミナミ'),(112,'阳夏木蜜柑','female','魔法少女としての力が弱まった桃の助っ人として多魔市にやってきた魔法少女。高校1年生。容姿はオレンジ色のお団子ヘアー。元々は他の町を守る穏健派の魔法少女だったが、事情を知ったことでシャミ子を護衛するため彼女の通う桜ヶ丘高等学校に転校することを決めた。当初はシャミ子のことを「優子」と呼んでいたが、親しくなった際にシャミ子の側からあだ名（活動名）で呼ぶことを許すようになった。','2000-11-03','高柳知葉'),(113,'明日小路','female','1年3組出席番号1番。<br />\r\nとあるきっかけによりセーラー服に強い憧れを持つ少女。明るく真っ直ぐな性格で、学園生活を心から楽しみにしている。 運動神経がとても良い。','2000-04-04','村上まなつ'),(114,'网代慎平','male','本作主人公。<br />\r\n十年前双亲去世，被小舟家收养。两年前中学毕业离开了日都岛去东京学习料理。<br />\r\n是南方日鹤的书迷。','2000-05-08','花江夏樹'),(115,'小舟潮','female','小舟家的长女，金发碧眼，是慎平的青梅竹马。','2000-07-25','永瀬アンナ'),(116,'小舟澪','female','潮の実妹で、高校1年生。<br />\r\n運動が得意で水泳部に所属しており、肌は日焼けしている。<br />\r\n姉が亡くなったにも関わらず、帰ってきた慎平に対して明るく振る舞うなど、健気な一面を持つ。','2000-10-20','白砂沙帆'),(117,'夜守光','male','中学2年生。勉強もまずまずで学生生活を上手にこなしていたが、それに疲れてしまい、ただいま不登校中。そのせいか夜に眠れない日々を送っている。初めて夜に外に出た時、七草ナズナと出会う。女子はニガテだが吸血鬼になるため、ナズナに恋をしようとしている。血が最高に美味いらしい。特技は寝たふり。','2000-08-28','佐藤元'),(118,'七草荠','female','夜の住人・吸血鬼。とにかく自由奔放。ある夜、コウと出会い「今日に満足できるまで、夜ふかししてみろよ」とコウを夜に誘う。コウの血の美味さに感動して、今後もコウの血を吸うことを決める。下ネタが大好きのくせに、恋愛話にはめっぽうヨワい。すぐ照れちゃう。ビール大好き。','2000-09-23','雨宮天'),(119,'劳埃德·福杰','male','本作の主人公。東国で諜報活動を行う西国のスパイ。「黄昏」はコードネームで、本名はスパイになった時に捨てた。今回の任務では「精神科医ロイド・フォージャー」の偽装身分を用いる。<br />\r\n並外れた戦闘力・記憶力・情報処理能力を持ち、任務ごとに様々な顔と名前を使い分ける。かつては戦災孤児で、「（幼い頃の自分のような）子どもが泣かない世界」を作るためにスパイとなった。そのため普段は冷徹だが、本来は人間味溢れる性格で、偽りの家族であるヨルとアーニャへの気配りを見せる。<br />\r\nオペレーション〈梟〉のため、正体を知らないままアーニャやヨルと偽装家族を形成し、毎回予想外の行動をとる彼女たちに振り回されながらも任務をこなしていく。',NULL,'江口拓也'),(120,'约尔·福杰','female','バーリント市役所の女性職員。裏の顔は凄腕の殺し屋。27歳。<br />\r\n同じく公務員で歳の離れた弟のユーリがいる。幼い頃に両親を亡くし、弟を養うために殺し屋「いばら姫」として生活してきた。「店長」なる人物から指示を受けて暗殺を行う。黄昏をも凌ぐ高い身体能力を誇るが、性格は天然。<br />\r\n本人は無自覚だが整った容姿をした美人。同僚達から結婚の遅れを揶揄され、人間関係の問題や怪しまれることを回避するためにロイドこと黄昏と偽装結婚しアーニャの義母となる。なお、世間体のためとして黄昏に言いくるめられ、彼とは1年前に結婚したことにしている。',NULL,'早見沙織'),(121,'阿尼亚·福杰','female','とある組織の実験で偶然生み出された他人の心を読める超能力者。孤児院にいたところ、ロイドに引き取られる。超能力については周囲に秘密にしているが、ロイドがスパイであることに気づき、陰ながら彼の力になろうと奮闘している。',NULL,'種﨑敦美'),(122,'邦德·福杰','unknown','拥有预知能力的大型犬，安妮亚的宠物。<br />\r\n原本是东国某个组织“苹果计划”的第8个实验体，曾经遭到计划研究员的非人道对待。后落入由大学生组成的恐怖组织手中，被当作狗体炸弹使用。由于它看见被佛杰一家收养的未来而主动帮助安妮亚，在恐怖组织的炸弹袭击计划失败后，正式成为佛杰家的一员。',NULL,'松田健一郎'),(123,'空条徐伦','female','Part6の主人公。Part3 『スターダストクルセイダース』の主人公・空条承太郎の娘で、Part2の主人公・ジョセフ・ジョースターの曾孫。シリーズ初の女性主人公である。1992年生まれ。19歳。通称・ジョリーン。アメリカ人の母を持つ日系アメリカ人であるが、日本人の血は1/4である。ジョースター家の血統の為イギリス系アメリカ人でもあり、また曽祖母スージーQからイタリアの血も引いている。これまでのシリーズのジョースターの血統の人間と同じく背中には星型のアザがある。母親に「ジョジョ」の愛称で呼ばれるが、現在の徐倫は他の人間からそう呼ばれることを激しく嫌っている。実父承太郎の口癖「やれやれだぜ」に似た「やれやれだわ」を口癖としている。初登場も父親と同じく檻の中である。<br />\r\n徐倫の恋人であったロメオと金に価値を見出す悪徳弁護士によりひき逃げの罪を負わされる。弁護士の薦めで刑を軽くしてもらうために司法取引に応じたものの、逆に弁護士に陥れられてしまい、懲役15年の刑となりG.D.st刑務所に入れられる。スタンド能力は生まれつきではなく、承太郎から送られた「スタンドの矢の欠片」によってスタンド能力に目覚めた。実はひき逃げの罪は、父の承太郎を呼び寄せるためにプッチ神父が仕組んだ「罠」であった。その罠によって父の記憶が盗まれ、その記憶を取り戻すためにプッチ神父と対決することに。明るい性格だが、父から譲り受けた冷静な判断力で敵を倒していく。戦闘を介して心身共に成長していく姿が描かれている。<br />\r\n上記の理由から、舞台は「刑務所」であるものの本人は刑務所に入れられるほどの「極悪人」ではない（しかし善人と呼べるほど素行は良くない）。<br />\r\n当初、様々な理由から父親である承太郎を「あんた」と呼び毛嫌いしていたが、物語が進むにつれ父親の事を（目的など）理解し「父さん」と呼ぶようになった。物語を通して「ジョースター家」は重要なキーワードにはなっていないものの、承太郎も納得するほど「ジョースター家の血統」を受け継いでいる。<br />\r\n作品終盤の世界が一巡したパラレルワールドでは、彼女そっくりのアイリンが登場する。<br />\r\n作中ではグェスが彼女の名前を連呼する形でアメリカのカントリーシンガー、ドリー・パートンの楽曲「ジョリーン」のサビの部分が登場している。<br />\r\nストーン・フリー<br />\r\n【破壊力 - A / スピード - B / 射程 - 1 - 2m / 持続力 - A / 精密動作性 - C / 成長性 - A】<br />\r\n徐倫自身の肉体を糸状に変化させ、それを自在に操るという能力。後には自分と触れている他人をも糸状に変化させられるようになった。この糸は戦闘中の自らの体の傷をその場で縫合する、編み上げて衣服に擬態することなどが可能で、また単に糸状化によって攻撃された部分に空洞を作り攻撃を受け流すこともできる。グェス戦以降では肉体を一旦糸にした後束ねて固め直して人型のスタンド像を作り出すことを身につけ、よりパワフルな打撃戦も可能となった。この糸で作ったスタンド像は物語序盤では女性的な外見であったが、終盤では男性的な逞しい体格に変化。ラッシュ時の掛け声は承太郎と同じく「オラオラ」である。',NULL,'ファイルーズあい'),(124,'艾梅斯·罗斯提罗','female','徐倫と留置所で知り合ってから友人になった女性。胸に豊胸手術の跡があり、その跡がポケット状となって金を隠すことができる。徐倫が留置所の面会室で投げ捨てた「スタンドの矢の欠片」を拾い、スタンド能力を得ることになる。武装強盗の罪によりG.D.st刑務所に収監されるが、刑務所に入った本当の理由は自分の姉を殺した犯人への「復讐」であった。明るい性格で情に厚く、自身の本懐を果たした後も徐倫と共にプッチ神父の陰謀に立ち向かう。なお、劇中のテロップでは彼女の年齢は21歳と記述されているが、単行本のおまけページでは23歳となっている。<br />\r\nキッス<br />\r\n【破壊力 - A / スピード - A / 射程 - A / 持続力 - A / 精密動作性 - C / 成長性 - A】<br />\r\n手から「シール」が出て、シールを貼り付けた物質を2つに分裂させるスタンド。シールを剥がすと分裂した物質同士が合わさって1つに戻り、同時に破壊が起きるため、この特性を利用して攻撃したり、シールを剥がした物体が1つに戻ろうとする力を利用して物体を引き寄せたりする事も可能。また自身や味方にも使用して敵からの部分的攻撃を回避させることもである。またシールの効果が及ぶ範囲は非常に長い。ラッシュ時の掛け声はシーンにより異なる。',NULL,'田村睦心'),(125,'天气·预报','male','謎の男囚。プッチ神父によって記憶の大半を奪われており、記憶を取り戻すために徐倫に協力する。記憶がないので寡黙な性格だが、基本的には優しく頼りになる男。<br />\r\n物語終盤にて記憶のディスクを取り戻したことで、本名がウェス・ブルーマリンである事と非常に危険な性格で人を無差別にカタツムリに変えてしまう凶悪な能力「ヘビー・ウェザー」を持つ事が判明。<br />\r\nウェザー自身も知らないことだが、実はエンリコ・プッチ神父の双子の弟ドメニコ・プッチである。生まれて間もない頃、ブルーマリン夫人によって死んだ赤ん坊（本物のウェス）とすり替えられ、ブルーマリン家の子供として育てられた。プッチ神父がそのことを偶然知った頃、ドミニコはエンリコの妹ペルラ・プッチと交際していた（つまり、知らずのうちに自分の実の妹と付き合っていたことになる）ため、神父はどちらにも知られないように何でも屋の男に依頼し、二人を別れさせようとしたが、依頼を受けた男が戸籍上黒人であるドミニコが白人と付き合っている事に憤慨し、KKKの一団と共にドミニコに暴行を加えた末に木に吊し上げた為、それを見たペルラは彼が死んだと思い込み、崖から身を投げてしまう。意識を取り戻したドミニコはベルラの後を追うべく自殺を図るが、スタンドが無意識に自身を守ったため失敗し、彼女の命を奪った町の人間に憎しみを抱くようになる。プッチ神父が「矢」でスタンド能力に目覚めたことで、それに呼応する形で能力に目覚め、「ヘビー・ウェザー」により自分達を不幸に陥れた男たちを始末し、プッチ神父をも殺そうとしたが、彼の「私はお前の兄である」という言葉で生じた隙を突かれてホワイトスネイクの能力により記憶を奪われ、G.D.st刑務所に収監された。血縁関係故かプッチ神父が「DIO」の骨から生まれた緑色の赤ちゃんと合体し、背中に星型のアザが現れた時には、同時に彼の背中にも同様のものが現れた。<br />\r\n物語終盤において兄と死闘を演じ、止めを刺す寸前まで追い詰めるも、ヘビー・ウェザーによってコントロールを失った車が突っ込み形勢が逆転、殺害されるが、死の間際にホワイトスネイクの攻撃を利用して自らのスタンドをDISC化し、徐倫達に全てを託して絶命。彼のDISCは時を加速させる能力を得たプッチ神父を打倒する鍵となった。<br />\r\nウェザー・リポート<br />\r\n【破壊力 - A / スピード - B / 射程 - C / 持続力 - A / 精密動作性 - E / 成長性 - A】<br />\r\n天候や空気を広範囲に操れるスタンド。気象を自由に操ることで酸素マスクを生みだしたり、集中豪雨を利用して渋滞を引き起こして足止めしたりと幅広い応用力をもち、近距離戦・遠距離戦・集団戦いずれも得意とする強力なスタンド。他のスタンドと比べても正面からの戦闘能力は圧倒的だが、発現できる気象状態は微調整ができず、飛行中の飛行機には追いつけないなど、気象現象の限界を超えることはできない。<br />\r\nヘビー・ウェザー<br />\r\n物語終盤においてウェザーが記憶を取り戻した事により発現したウェザー・リポートの隠された能力。オゾン層に手を加える事で生み出したサブリミナル映像「悪魔の虹」に触れた者を徐々にカタツムリへと変え、身体能力を著しく低下させる。カタツムリに変化した対象に触れた者にも同様の効果が発現する。ただし、サブリミナル映像という性質上盲目の相手に対しては効果がなく、この能力自体も本体のウェザーすら制御できない。',NULL,'梅原裕一郎'),(126,'纳鲁西索·安那苏','male','囚人番号：MA28050<br />\r\n罪状：殺人（刑期：12年）<br />\r\n猟奇殺人鬼の男囚。極度の分解癖で、10歳の時にポルシェを細かく分解し病院に入れられたことがある。その後、付き合っていた女性が浮気する現場を目撃、その女性と浮気相手を「分解」し、懲役刑を受けてG.D.st刑務所に入所する。当初は冷酷で、ウェザー・リポートが抑えつけていないと何をするか分からない危険人物であったが、徐倫の話を聞くと唐突に徐倫に恋心を抱き、性格もお調子者に変貌していった。当の徐倫はアナスイに恋愛感情は抱いてないようだったが、プッチ神父との決戦時にダイバー・ダウンを味方全員の体内に潜ませ「最初の一撃(プッチ神父の攻撃が早過ぎて誰の目でも捉えることは不可能な状態だった)は自分が受け止めるからその隙に反撃してくれ。運が良ければ攻撃を受けても生き残れるだろう」と申し出た彼の捨て身の覚悟を目にし、想いを受け入れた。初登場時はセリフが無く女性として描かれていたが、後に再登場すると男性であった事が明らかとなりF・Fを驚かせた。<br />\r\nダイバー・ダウン<br />\r\n【破壊力 - A / スピード - A / 射程 - E / 持続力 - C / 精密動作性 - B / 成長性 - B】<br />\r\n人や物質の体内に潜行し内部から操ったり、組み替えたり、或いはそこに籠らせた自らの力を解き放つ事で攻撃するパワー型のスタンド。射程は非常に短いものの、手や足を負傷した者の内部に入り込み、手足の代わりになったり、潜行した相手のダメージを肩代わりすることも出来る。自分の顔に異物を埋め込んで変装するなど応用性は多岐に渡る。このスタンドの能力が勝機に繋がったことは少なくないが、直接敵に勝利するという場面は少ない。',NULL,'浪川大輔'),(127,'幽浮一族','unknown','【破壊力 - B / スピード - A / 射程 - C / 持続力 - A / 精密動作性 - C / 成長性 - B】<br />\r\n通称F・F。プッチ神父がプランクトンにスタンドのディスクを与えた事で生まれたミュータントの生物。普段は無数の黒く小さいミジンコのような姿をとっているが、それらがすべて合体する事で人型の近距離パワー型スタンドのような姿となる。プッチ神父の命令によりG.D.st刑務所敷地内の湿原においてスタンドやいらなくなった記憶のディスクを守っていたが、徐倫らとの戦いに敗北し、徐倫に命を救われてからは徐倫を守りたいという思いに目覚め、戦いの前に爆死した女囚「エートロ」の体を利用してG.D.st刑務所で徐倫らと共に生活することになる。エートロの年齢は22歳。エートロの体に住み着いてからは指先を銃を模した形状に変形させて自身の一部を銃弾のように飛ばして攻撃したり、負傷の際、傷口に自身の一部を埋め込み絆創膏のように使用するようになった。知能は高いが、人間としての生活期間が短いため一般常識に欠け、時に奇妙な行動をとる。水がないと干からびるために常に水分を携帯しており、乾いた土などの水分を吸い取る物や電流が弱点。<br />\r\n物語終盤に特別懲罰隔離房棟でDアンGを抹殺しようとした際、ホワイトスネイクの本体がプッチ神父であることを知る。その後DアンGの抹殺には成功するが、ホワイトスネイクの攻撃によりエートロの肉体が使用不能となり、スタンドだけの姿になりながらも徐倫の元にたどり着き、ホワイトスネイクの正体を伝える。その後のプッチ神父との戦いで消滅しかかりながらも、瀕死のアナスイに入れられた承太郎の記憶DISCを守り、「知性を持ったまま友達にさよならを言えた事」を徐倫に感謝し昇天した。昇天する際に自身の魂は自身だけのものであると徐倫の提案した復活を拒否した。それを象徴するかのように唯一ラストカットに描かれていない。',NULL,'伊瀬茉莉也'),(128,'安波里欧·亚曼纽','male','母親をプッチ神父に殺され、G.D.st刑務所にこっそりと住んでいる少年。11歳と自称しているが正確な誕生日は不明。子供ながらもかなりの博識で、プッチ神父の存在を危惧している。徐倫と承太郎が刑務所内で面会しようとした際に警告するために登場。また仲間であるウェザー・リポートとナルシソ・アナスイを徐倫らに対面させ、以後もサポート役として随所で活躍した。プッチ神父との最終決戦では徐倫が身を挺してプッチ神父を食い止めた事によって追撃を免れ、ただ1人一巡後の世界に辿り着く。そして以前の世界との因縁を絶とうとするプッチに追い詰められ再び危機に陥るも、ウェザー・リポートが死に際に残したスタンドDISCをプッチを利用して己に挿入。遂にプッチを倒した。<br />\r\nその後、徐倫や仲間の面影を持つ人物達と出会い、彼女達と共に次の旅路へ出発する。<br />\r\nバーニング・ダウン・ザ・ハウス<br />\r\n【破壊力 - なし / スピード - なし / 射程 - なし / 持続力 - なし / 精密動作性 - なし / 成長性 - なし】<br />\r\n物体の幽霊を操ることができるスタンド。作中ではピアノやパソコン等の幽霊が登場しており、いずれも本体のエンポリオによって使用可能。ただしあくまでも「幽霊」であり、拳銃の幽霊は発砲しても着弾することは無く、またチョコレートやジュースの幽霊は味はしても空腹は満たせないなど、現実世界に影響を与える事は不可能。エンポリオはこの能力で、過去に焼失した刑務所の音楽室に隠れ住んでいた。なお、殺害されたエンポリオの母親もこれに似たスタンドを持っており、それを利用して秘密裏にエンポリオを出産･育成していたことが単行本にて明かされている。',NULL,'種﨑敦美'),(129,'古见硝子','female','私立伊旦高校1年1班，超级美少女，但因有交流障碍症而不敢与人说话，第一次与只野仁人沟通是写在黑板上，之后与人沟通都是写在纸上，但是可以透过移动电话跟人说话。','2000-12-25','古賀葵'),(130,'只野仁人','male','私立伊旦高校1年1班，坐在古见硝子的左手边，但因坐在古见硝子的隔壁而被同学们视为眼中钉。知道古见硝子有交流障碍症之后，自愿帮她交到100位朋友。','2000-09-29','梶原岳人'),(131,'长名驯染','unknown','学级副委员长，跟人自来熟，有极强大的交流能力。有办法跟人说上两三分钟的话就成为朋友，而且一辈子都不会忘记对方。是只野仁人在中学时的同班同学，中学时有一半的学生是她的“青梅竹马”。只野仁人对其形容为“性别不明、经常说谎、言行不一致”。因中学时长名驯染都穿着男学生制服，所以只野仁人一直以为长名驯染是男的。','2000-04-01','村川梨衣'),(132,'芙莉莲','female','千年以上生きるエルフで、勇者パーティーとして魔王を倒した魔法使い。魔法であればどんなものでも興味を持つ魔法オタク。性格はずぼらでドライ。仲間たちとの旅を経て、知らず知らずのうちにその心にも変化が現れる。',NULL,'種﨑敦美'),(133,'菲伦','female','フリーレンの弟子として共に旅をすることになる魔法使い。ハイターに育てられた戦災孤児。冷静な少女で、生活面でずぼらなフリーレンのお母さん役。',NULL,'市ノ瀬加那'),(134,'修塔尔克','male','フリーレンとフェルンと共に旅をすることになる戦士で、アイゼンの弟子。子どものような性格。臆病ながら高い戦闘力を持ち、前衛を務める。',NULL,'小林千晃'),(135,'辛美尔','male','魔王を倒した勇者パーティーの勇者で、自称イケメンのナルシスト。仲間思いで、困っている人を助けずにはいられない。10年間共に冒険をしたフリーレンに大きな影響を与える。',NULL,'岡本信彦'),(136,'海塔','male','魔王を倒した勇者パーティーの僧侶。ヒンメルの幼馴染で、高度な回復魔法を操る優秀な僧侶だが、酒好き。',NULL,'東地宏樹'),(137,'艾森','male','魔王を倒した勇者パーティーの戦士。頑強なドワーフ族でパーティーの前衛を務める。寡黙だが、パーティーの中ではツッコミ役。',NULL,'上田燿司'),(138,'山田杏奈','female','本作のヒロイン。京太郎の同級生で、雑誌モデルとして活動する美少女。スクールカーストの最上位にいる陽キャで、校内では友人の小林ちひろ・関根萌子・吉田芹那と行動を共にすることが多い。性格は天然かつマイペースで、間の抜けたところもある。また食い意地が張っており、お菓子の持ち込みを禁止されているにもかかわらず校内で隠れて食べている。<br />\r\n物語開始時点では京太郎のことは特に意識していなかったが、その後、彼が自分を助けてくれていることに気づき、彼女なりに親愛の情を示すようになる。物語が進むにつれて図書室に顔を出すことが増えていき、やがて京太郎より遅れて恋心を自覚するに至る。なお、作中では足立や南条など彼女に言い寄る男子が複数登場しており、その手の男子は友人の助力も得つつかわしているが、京太郎への恋心を自覚してからはボディタッチも厭わないなど積極的に京太郎との距離を縮めようとしている。','2000-09-10','羊宮妃那'),(139,'市川京太郎','male','重度の中二病を抱えた、いわゆる陰キャ。『殺人大百科』や『解剖図』を愛読し、図書室で独り過ごすことが多い。クラスの人気者・山田杏奈に惹かれつつも、予測不能な言動に振り回されていく。','2000-03-26','堀江瞬'),(140,'真流','male','「天国」を目指す少年。自身の出自についての記憶が無い。<br />\r\nキルコ曰く“ちょっといないくらいの美少年”。抜群の身体能力と、“人食い”を殺すことのできる特殊な力を持つ。キルコのことを「おねえちゃん」と呼び、恋心を抱いている。',NULL,'佐藤元'),(141,'橘爱丽丝','female','「橘…橘ありすです。橘と呼んでください。その…アイドルには興味なかったのですが、将来は歌や音楽を仕事にしたいと思っていました。言われた仕事はしますから、心配しないでください」<br />\r\n<br />\r\nBNEI与Cygames开发的手机游戏《偶像大师 灰姑娘女孩》系列的偶像。2012年11月6日初登场于名古屋地区。2015年11月18日CD出道(No.036)。<br />\r\n《偶像大师 灰姑娘女孩 星光舞台》运营初始即登场。<br />\r\n第2回总选举排名第24，第3回总选举排名第37，第4回总选举排名第45，第5回总选举排名第24。<br />\r\n2014年11月28日至12月10日举办的三周年纪念投票活动“Voice争夺选举”排名第一，开票结果发布时公布声优为佐藤亚美菜。<br />\r\n<br />\r\n威风凛凛的睫毛，及腰的棕色长发，头上打个蓝色发带，以及名字爱丽丝（ありす），让人联想到童话故事中的人物。<br />\r\n兴趣是玩游戏和读书，经常全神贯注地投入到其爱好中。另外，平常还喜欢带着平板电脑。<br />\r\n虽然和城崎莉嘉（初中生）一样12岁，但是本人明确表示是小学6年生。虽然如此，相比其它低年龄偶像，爱丽丝更加成熟。','2000-07-31','佐藤亜美菜'),(142,'樱井桃华','female','幼女大小姐偶像，于圣诞节活动登场，神户（该游戏第一个以市行政单位为出身地的偶像）出身。<br />\r\n装扮多和大小姐一样，也喜欢使用大小姐语气说话，比如「贵安！(ごきげんようですわ！)」。没准就是大小姐？<br />\r\n性格充满自信，工作积极，有关于工作方面的对话多以感叹号结尾。但也有希望依靠制作人的幼小任性一面。<br />\r\n金发是染发还是天生，目前不得而知，有可能是混血儿。','2000-04-08','照井春佳'),(143,'赤城米莉亚','female','于池袋区域首次出场。黑色中短发，束著短短的双马尾小女孩。<br />\r\n活泼爽朗，好奇心旺盛，喜欢与人聊天。<br />\r\n喜欢与人聊天的她，能与不同人交流。是唯一能理解神崎兰子说话的人。','2000-04-14','黒沢ともよ'),(144,'的场梨沙','female','的场梨沙是手机社群游戏《偶像大师 灰姑娘女孩》系列的偶像。<br />\r\n<br />\r\n游戏2013年9月11日推出的新区域“长崎”的偶像。<br />\r\n自信满满，宣称“本小姐可没有做不到的事情！”。对自己的小学生身份很清楚，因此将粉丝居高临下视作萝莉控或者变态，甚至有对台下粉丝喊出过「各位变态！我爱死你们了！」。<br />\r\n重度父控，兴趣是和爸爸约会，扬言要和爸爸结婚，甚至成为偶像也是因为父亲。成为偶像后父亲会三番五次和制作人取得联系。','2000-11-19','集貝はな'),(145,'结城晴','female','结城晴是BNEI手机社群游戏《偶像大师 灰姑娘女孩》系列的登场角色。<br />\r\n2013年5月21日追加「爱媛地区」时作为BOSS初登场。<br />\r\n<br />\r\n第一人称使用「オレ」。外表、言行都非常男孩子气，本人说是因为家庭里除了她都是男的。<br />\r\n被自己父亲随意应募偶像然后出道了，经常说出没有干劲的发言。不过亲密度高之后还是希望得到制作人的认可。<br />\r\n非常喜欢足球，经常有和足球相关的话题。似乎拥有非常好的体力和运动神经。<br />\r\n由于一直以来的男孩子气，晴并不喜欢可爱的衣服，每次穿上都显得十分害羞和不情愿。','2000-07-17','小市眞琴'),(146,'佐佐木千枝','female','11岁，在年龄层普遍偏高的Cool系里面，是珍稀的小学生角色。和同为小学生组的龙崎薫和樱井桃华关系很好。<br />\r\n黑色短直发黑眼睛，典型的小学生形象。根据数据推算，身体的腰围是49cm，属于营养不良的水准，但是胸部却已经达到了巨乳的级别。总之是身材十分小巧却有料的角色。<br />\r\n性格文静，属于典型的乖孩子，但经常一副胆小的样子，容易受惊吓。<br />\r\n<br />\r\n基础卡特训后所穿服装名叫“蓝色拿破仑（ブルーナポレオン）”。<br />\r\n与上条春菜、荒木比奈、川岛瑞树、松本沙理奈服装相同。<br />\r\n<br />\r\n在TV动画《偶像大师 灰姑娘女孩》中首次公布声优，也与上条春菜同为首批在动画公布声优的偶像。<br />\r\n动画中，同上条春菜、荒木比奈、川岛瑞树、松本沙理奈保持了蓝色拿破仑组合。在第2话登场。','2000-06-07','今井麻夏'),(147,'龙崎薰','female','手机社群游戏《偶像大师 灰姑娘女孩》系列的偶像。<br />\r\n<br />\r\n为《偶像大师 灰姑娘女孩》中登场年纪最小的女孩之一。是一名喜欢料理的元气女孩。对制作人称呼「老师(せんせぇ)」，还会制作饭团。在出身地似乎有过电视出演的经历。<br />\r\n独特的外貌特征和爱好使其在Loli组也不失一道亮丽的风景。','2000-07-20','春瀬なつみ'),(148,'市原仁奈','female','喜欢收集布偶服的9岁女孩，橘色长发，是游戏中目前(2013年9月)最年少的角色之一。<br />\r\n<br />\r\n虽然是活动奖励卡登场，但是角色人气很高。由于卡片没有再版，当时的卡片现在属于高价格区。<br />\r\n<br />\r\n称双叶杏为「杏姐姐(杏おねーさん)」，经常黏在一起(二次创作?)。','2000-02-08','久野美咲'),(149,'古贺小春','female','BNEI与Cygames开发的手机游戏《偶像大师 灰姑娘女孩》系列的公主偶像。<br />\r\n2012/03/15初登场于游戏大阪地区，所有的登场卡片几乎都与“公主”有所联系，并大多穿着公主服的萝莉偶像。<br />\r\n拥有一只名为「Hyou君」的蜥蜴，不仅很享受被蜥蜴舔舔舔的快感，似乎也会舔回去(?)。','2000-04-01','小森結梨'),(150,'米内P','male','漫画「偶像大师 灰姑娘女孩 U149」中登场的制作人，第三艺能课担当。<br />\r\n低身高且童颜但同时也十分热血。<br />\r\n喜欢大姐姐类型的偶像，却被派到了所属偶像都是身高低于149厘米的少女&amp;萝莉的第三艺能课。<br />\r\n<br />\r\nCV:米内佑希',NULL,'米内佑希'),(151,'岩仓美津未','female','石川県のはしっこの過疎の町から上京してきたばかりの高校一年生。<br />\r\n東京では親戚のナオと暮らしている。<br />\r\n将来の目標は立派になって地元に貢献すること、だけど……？<br />\r\n十人十色のクラスメイトたちをやわらかく刺激するみつみは、<br />\r\n天然しあわせインフルエンサー！','2000-03-03','黒沢ともよ'),(152,'志摩聪介','male','みつみのクラスメイト。都会的でスマートなイケメン。<br />\r\n誰に対しても優しいいい人だけど、<br />\r\n本心を表に出さず、どこかつかみ所のない一面も。<br />\r\n入学式の出来事をきっかけにみつみと親しくなり、自分とは反対に何事にも一生懸命な彼女に影響されていく……。','2000-10-09','江越彬紀'),(153,'绪山真寻','unknown','被妹妹下了奇怪的药，变成了女孩子的孤高自宅警备员。<br />\r\n深爱的黄油和黄书被夺走后，苦命地过活。<br />\r\n被妹妹当妹妹养，已经慢慢习惯了。<br />\r\n外表大概初中左右。','2000-03-06','高野麻里佳'),(154,'绪山哨','female','文武双全的能干妹妹。<br />\r\n跳级进了大学，正在从事奇怪的研究。<br />\r\n表面上为了进行试验，给亲哥下了药，<br />\r\n然而她的本意是…？<br />\r\n就结果而言对欧尼酱很娇惯。','2000-04-22','石原夏織'),(155,'星野爱久爱海','male','本作的主人公。<span class=\"text_mask\" style=\"background-color:#555;color:#555;border:1px solid #555;\">转生前是宫崎县乡下的一名名为五郎的妇产科医生。在深交的已经去世的住院少女沙利奈的影响下，成为了偶像团体“B小町”成员之一的星野爱的粉丝。<br />\r\n之后在医院偶然碰到了怀孕的爱来看诊，决定守护她怀孕直到分娩，但在分娩前被歹徒袭击而死亡，转生成为爱的孩子。</span><br />\r\n母亲给予的本名是星野爱久爱海，艺名阿库亚。<span class=\"text_mask\" style=\"background-color:#555;color:#555;border:1px solid #555;\">因为拥有前世的记忆，在幼儿时期就能进行对话。用成人的思想看护着爱，但成长到一定程度就在母亲的事务所中出道成为童星，利用前世的知识展现出了特殊的才能。</span>从母亲那里遗传了右眼的星星。',NULL,'櫻井海音'),(156,'星野瑠美衣','female','本作的主人公。<span class=\"text_mask\" style=\"background-color:#555;color:#555;border:1px solid #555;\">雨宫工作的医院里的患者，敬爱着星野爱的偶像宅少女，因星形细胞瘤去世，享年12岁。之后转生为爱的孩子，阿库亚的孪生妹妹。</span>母亲爱给予的名字是星野瑠美衣，和哥哥相对左眼遗传了母亲的星星。和阿库亚一样，在母亲的事务所出道。<br />\r\n<span class=\"text_mask\" style=\"background-color:#555;color:#555;border:1px solid #555;\">在幼儿时期就很早熟，和转生前一样的阿宅性格甚至让哥哥阿库亚敬而远之。和阿库亚相互了解对方也是转生者，但并未发觉相互的身份。</span>',NULL,'齊藤なぎさ'),(157,'石神千空','male','喜欢科学的少年，相信科学的力量，拥有丰富的知识贮备。<br />\r\n作为石神村村长统领着科学王国。','2000-01-04','小林裕介'),(158,'克罗姆','male','16岁，村中的“妖术使”，喜欢搜集各种材料的热血少年，靠着自己的实验而懂得许多科学知识，让千空十分惊讶。对科学充满热忱，因此与千空结为挚友。喜欢琉璃，与琉璃是青梅竹马，曾发誓过要治好琉璃的病。','2000-02-04','佐藤元'),(159,'七海龙水','male',NULL,'2000-11-11','鈴木崚汰'),(160,'琥珀','female','16岁，居住于石神村的少女，身手矫健、力量不输男性、视力11.0，会基本算术。琉璃的妹妹。','2000-08-08','沼倉愛美'),(161,'爱城恋太郎','male','100人の“運命の人”との出会いを告げられた本作の主人公。中学まで女の子にフられ続ける人生を送ってきたが、高校では次々に現れる“運命の人”と付き合うことに。彼女たちを分け隔てなく全力で愛し、そのド級の誠実さから、彼女のために平然と命も懸けられる。','2000-05-01','天海由梨奈'),(162,'花园羽香里','female','恋太郎の彼女の一人。魅惑的なプロポーションながら品行方正。だが実際は計算高い策士で、時には頭の中がピンク過ぎて策に溺れることも。根は真面目で、恋太郎以外にも常に想いやりを絶やさない。','2000-06-22','本渡楓'),(163,'院田唐音','female','恋太郎の彼女の一人。「○○じゃないんだからね！」が口癖の全方位ツンデレ少女。強気で素直になれない性格だが、姉御肌で頼りがいがある。常識人枠でツッコミ担当にまわることが多いものの、意外と打たれ弱い一面も。','2000-09-09','富田美憂'),(164,'好本静','female','恋太郎の彼女の一人。<br />\r\n読書が大好きな図書委員。小動物的な愛くるしさを持ち、小柄で物静かながらも頑張り屋。人と喋ることが苦手なため、丸暗記した愛読書のセリフや文章を指差し、相手に読んでもらいながら会話する。','2000-11-01','長縄まりあ'),(165,'荣逢凪乃','female','恋太郎の彼女の一人。<br />\r\n才色兼備で、テストの成績は全教科満点。何事にも効率を求める性格で、恋愛すら「時間の無駄」と切り捨ててしまうほど。あまり感情を顔に出さず、効率重視ゆえに大胆な行動に出ることも。','2000-03-14','瀬戸麻沙美'),(166,'药膳楠莉','female','恋太郎の彼女の一人。<br />\r\n薬の開発が大好きな高校三年生。18歳だが「不老不死の薬」の失敗作の影響で、普段は8歳の姿で生活している。天真爛漫な性格で、様々な薬を開発しては騒動を起こすことも多いが、いつも仲間を大切に思っている。','2000-04-18','朝井彩加'),(167,'花园羽羽里','female','羽香里の母親。<br />\r\n豪邸に住む資産家で、一人娘の羽香里を過保護と言えるほど溺愛している。恋太郎との交際を一切認めず、娘が一時の恋愛感情だけで人生を不幸にしないよう、強硬な手段で二人の関係を引き裂こうとする。','2000-05-12','上坂すみれ'),(168,'绫香·沙条','female','绫香·沙条是由成田良悟执笔的小说《Fate/strange Fake》中登场的主要人物。自己的职阶为Player（玩家）、真Saber理查一世的御主。<br />\r\n<br />\r\n不同于旧Fate的绫香，本作的绫香完全没有“魔术”、“圣杯战争”之类的概念。曾经在冬木居住过，原本黑色的头发染成了金色。也是《Fate/hollow ataraxia》开头鬼故事的主角青年A。',NULL,'花澤香菜'),(169,'理查一世','male','偽りの聖杯戦争の最後のサーヴァントとして召喚された剣士のサーヴァント。古い西洋の王侯を思わせる騎士風の男。偽りの聖杯戦争には本来セイバーのクラスは存在しないが、「偽りの聖杯戦争を生贄にして本物の聖杯戦争を呼び起こす」という目的のために、ファルデウスらの勢力の策謀の一環として召喚された。本来はアーサー王を確実に呼べる触媒によってその召喚を目的とされてたが、なぜかアーサー王ではない彼が召喚されている。召喚をしたのはカーシュラだったが、彼が殺害されたこととアヤカの5つの令呪の作用のためにパスはアヤカと接続されているものの、アヤカが聖杯戦争への参加を拒否しているため、正式な契約関係とはなっていない。「×××××勝利の剣（エクスカリバー）」の名を冠する強力な西洋剣の一撃を持つ。ランサーの見立てでは彼当人だけでなく、7人の魂が従属しており、彼がロクスレイと呼ぶ者を始め、その7人は各所でセイバーを補助している。',NULL,'小野友樹'),(170,'蒂妮·切尔克','female','アーチャーのマスター。褐色肌に艶やかな黒髪、白いドレスを纏う10代前半の少女。父の跡を継いで、スノーフィールドの魔術都市化によって生活圏を脅かされている原住民たちの総代を務めており、侵略者である行政とそれと結託する魔術師を排除するために聖杯戦争に参加する。アーチャーを召喚した魔術師の工房に侵入し、その令呪とマスター権を奪ってアーチャーと契約した。可憐な見た目とは裏腹に、組織の総代として子供らしい感情などは捨て去っている。<br />\r\n魔術師としてはスノーフィールドの霊脈を利用した魔術を使用する。彼女の扱う魔術は強力であり、その詠唱は無音にして一瞬。ただしスノーフィールドの地限定のものであり、スノーフィールドの外に出れば一般人同様、全く魔術を使うことはできない。',NULL,'諸星すみれ'),(171,'吉尔伽美什','male','号称拥有最强宝具的Servant，将其他所有人都蔑称为“杂种”的傲慢的王者。其真身乃是人类最古老的英灵——英雄王吉尔伽美什。',NULL,'関智一'),(172,'恩奇都','unknown','吉尔伽美什唯一的好友兼宿敌，苏美尔天神创造的神造泥人',NULL,'小林ゆう'),(173,'春日未来','female','《偶像大师 MILLION LIVE!》登场的偶像。Vocal属性。 <br />\r\n<br />\r\n位置与偶像大师本家的天海春香以及灰姑娘女孩的岛村卯月相同，是《偶像大师 MILLION LIVE!》系列的第一女主角，其三人在P站上被称为「普通的系谱」。但事实上性格与876pro的日高爱更为接近，是一个不折不扣的⑨。 <br />\r\n<br />\r\n在广播剧中也总是担任逗哏的角色，被众人戏耍的对象。 <br />\r\n<br />\r\n成为偶像的契机是因为未来的朋友让她去了一场偶像音乐会，给她留下了极其深刻的印象，从而决定成为偶像。（在漫画中，那位朋友不是别人，正是静香。音乐会也正是765pro剧场的巡演。） <br />\r\n<br />\r\n为了成为偶像而放弃了社团活动，一心一意朝着能够独当一面的偶像努力拼搏，是正统派偶像的典范。 <br />\r\n<br />\r\n形象颜色为红色。','2000-06-28','山崎はるか'),(174,'最上静香','female','《偶像大师 MILLION LIVE!》登场的偶像。VOCAL属性。 <br />\r\n<br />\r\n拥有着成熟气质的14岁少女。 <br />\r\n<br />\r\n如果说春日未来是天海春香位，伊吹翼是星井美希位的话，那么她应该就是如月千早位吧。（但正如后续所说其性格与如月千早有很大不同）。 <br />\r\n<br />\r\n姓氏「最上」符合偶像大师早期的取名规律，是军舰名。 <br />\r\n<br />\r\n形象颜色为蓝色。','2000-09-14','田所あずさ'),(175,'伊吹翼','female','偶像大师 MILLION LIVE!》中登场的偶像。Visual属性。左撇子。 <br />\r\n<br />\r\n位置与本家的星井美希和灰姑娘的本田未央相同。 <br />\r\n<br />\r\n有着以大大的呆毛和两边翘起睡乱的发型为独特标志的14岁少女。 <br />\r\n<br />\r\n成为偶像的原因是觉得当偶像很有趣。十分仰慕美希。 <br />\r\n<br />\r\n姓氏「伊吹」符合偶像大师早期以军舰名作为姓氏的规律。','2000-07-30','Machico'),(176,'横山奈绪','female','偶像大师百万LIVE登场的偶像。Dance属性。<br />\r\n大阪出身，操着一口关西方言，不是很擅长说关东话，讲关东话时会经常咬到舌头。<br />\r\n侧马尾是呈螺旋状的纵卷发。<br />\r\n和绝大多数的大阪人一样会随身带着点心，不过并不是很擅长吐槽的样子。<br />\r\n另外与大部分的关西腔角色不同，奈绪的第一人称是「私」而不是「ウチ」。','2000-02-12','渡部優衣'),(177,'佐竹美奈子','female','《偶像大师 百万LIVE!》登场的偶像。Dance属性。<br />\r\n十分适合穿围裙和三角巾的18岁的家庭主妇。<br />\r\n性格开朗有活力，同时也非常喜欢关心别人。<br />\r\n有着即使是说她把关心别人当做生存意义也不为过的天生爱管闲事的体质，尤其是对年纪比她小的偶像们，特别喜爱。<br />\r\n而且，对于制作人也明确了有好感，各种关怀备至，呵护有加。<br />\r\n家务也全能，所谓的“比起恋人更适合当媳妇的类型”。','2000-03-22','大関英里'),(178,'木下日向','female','《偶像大师 MILLION LIVE!》中登场的偶像。Vocal属性。说话带方言。 <br />\r\n<br />\r\n为了成为偶像从农村来到了首都，像老奶奶一样的14岁少女。头顶上有一根一个劲点头的呆毛，十分有特色。 <br />\r\n<br />\r\n为人和蔼丶诚实丶朴素丶纯洁丶天真丶十分成熟。灵魂纯度媲美弥生，从不介意自己失去了什麽，无论对谁都保有一颗善良之心，犹如圣人。 <br />\r\n<br />\r\n详细的出生地未明确给出，但R卡「家人的助威」的背景中有画着北海道地图的纸板箱。问候语音中有「したっけプロデューサー」这样一句话，其中的「したっけ」是北海道方言，就是「拜拜」的意思。由此推断其为北海道人。 <br />\r\n<br />\r\n仍未能完全适应东京的氛围，为了不想迷失方向而寻求携手并进的好友。','2000-07-04','田村奈央'),(179,'茱莉亚','female','《偶像大师 百万LIVE！》登场角色，Vocal阵营。左撇子。 <br />\r\n<br />\r\n兴趣栏竟然是「没有」，说话句尾加「だぜ」的女孩。第一人称是「あたし」。 <br />\r\n<br />\r\n误打误撞来了765pro，本来是想成为一名朋克系摇滚歌手的。但是，由于极度讨厌半途而废的性格，并且也希望更多的人听她的歌，使之不得不决定朝偶像事业发展。 <br />\r\n<br />\r\n因为曾当过朋克系摇滚歌手，便豪言道有需求的话什么流行、饶舌、动画歌，不论什么流派的歌都能唱好！想开演唱会的意向很强，不管怎么说是块好料。 <br />\r\n<br />\r\n即使是左撇子也坚持用着右撇子用的吉他，也真符合茱莉亚的办事风格啊！','2000-09-26','愛美'),(180,'高山纱代子','female','《偶像大师 百万LIVE！》登场角色，Vocal阵营。<br />\r\n<br />\r\n乍一看，纱代子就是一个典型的优等生。同时，她的身上还流淌着满腔热血。做事时总是全身心投入，不至最后一秒，决不言弃。 <br />\r\n<br />\r\n然而时常对自己的姿容和才能没有自信，认为自己不是个优秀的人。也因如此，她才有了想去相信努力定有回报的理由。','2000-12-29','駒形友梨'),(181,'田中琴叶','female','《偶像大师 MILLION LIVE!》中登场的偶像。Vocal属性。 <br />\r\n<br />\r\n性格帅气而又认真的角色，有单纯的一面但大方开朗。是全队最守规矩的人，十分有正义感。一看就是当班长的料的优等生类型的人。','2000-10-05','種田梨沙'),(182,'天空桥朋花','female','《偶像大师 MILLION LIVE!》登场的偶像。Vocal属性。 <br />\r\n<br />\r\n称粉丝们「小猪崽子」（子豚ちゃん），洋溢着浓厚的S气息的公主大人，女王系偶像。左撇子。其本人曰，比起「迷途羔羊」还是「小猪崽子」叫起来更可爱，于是便如此称呼自己的粉丝了。 <br />\r\n<br />\r\n说话语气十分柔和，但内容却很强硬。不只是对小猪崽子们这样，对制作人也如此。从「我家的礼拜堂」这样的台词，还有会选择说「迷途羔羊」，「渴望救赎的声音」之类的言语中，推测其为基督教世家。对于小猪崽子们来说她是信仰对象，可她自己是否信仰神？十分惹人在意。按偶像们所说她也有与年龄相符像小孩子一样的地方，评价她「很可爱」。 <br />\r\n<br />\r\n印象颜色还未明确，根据百合子的情况来推测应该是暗属性。','2000-11-11','小岩井ことり'),(183,'箱崎星梨花','female','偶像大师百万LIVE登场的偶像。Vocal属性。 <br />\r\n<br />\r\n一个好到不能再好的乖宝宝。生于一个富裕的家庭，教养得当，性格率直、积极而努力，不会轻言放弃。 <br />\r\n<br />\r\n在游戏中由于星梨花会经常提到她的父亲，久而久之星梨花P们便被称呼为星梨花的爸爸了。','2000-02-20','麻倉もも'),(184,'松田亚利沙','female','《偶像大师 百万LIVE!》登场的偶像。Vocal属性。 <br />\r\n<br />\r\n百万live中双马尾属性的16岁偶像。名字与某天皇发音极为相似，但关系不明。 <br />\r\n<br />\r\n传说声优村川梨衣被要求要本色出演这个角色。','2000-06-07','村川梨衣'),(185,'望月杏奈','female','偶像大師百萬LIVE登場的偶像。Vocal屬性。 <br />\r\n<br />\r\n總是一副睡眼惺忪的樣子的14歲女孩。有著在偶像大師界已經爛大街了的呆毛。 <br />\r\n<br />\r\n台詞中帶有大量的「…」。性格很溫順，是一個重度遊戲宅。 <br />\r\n<br />\r\n十分熱衷於玩電子遊戲。如果身邊沒有電腦的話就會玩自己的手機。和百合子無論在遊戲世界還是真實世界中都是好朋友。','2000-05-31','夏川椎菜'),(186,'矢吹可奈','female','偶像大师百万LIVE登场的偶像。Vocal属性。 <br />\r\n<br />\r\n体型在14岁中也算比较娇小的，曾经被育说过“像小学生”。 <br />\r\n<br />\r\n性格属于那种不顾一切向前冲的角色，努力家，也有些许冒失娘的性格，会把盐当成糖倒进咖啡，还会把上衣穿反。 <br />\r\n<br />\r\n此外，可奈还是个爱哭鬼，遇到恐怖或感动的事情就会哭出来。 <br />\r\n<br />\r\n可奈也很喜欢足球，小学时和男生经常一起玩。控球能力虽然不行，但是却有能一脚把球踢出运动场的强力踢击。','2000-08-18','木戸衣吹'),(187,'艾米莉·司徒亚特','female','偶像大师百万LIVE登场的偶像。Dance属性。 <br />\r\n<br />\r\n一个充满活力欢乐，有着一头金发，一举一动都很端庄典雅的英国女孩。 <br />\r\n<br />\r\n自年幼时起就接受了父母的日本舞蹈教育，从而变得十分热爱日本，并梦想着成为一名大和抚子。 <br />\r\n<br />\r\n但她对于大和抚子的标准似乎非常的奇怪。比方说她以为偶像就是大和抚子，另外完全不使用一点外来语，全部改为使用和语词汇。因此说话特别古怪，时常会说出与她年龄不符极其复杂的日语单词。 <br />\r\n<br />\r\n她称制作人为“仕掛け人様”（当家的），在接受帮助会讲“助太刀玉房”，签名称为“署名”。 <br />\r\n<br />\r\n但情绪高涨的时候会不知不觉的从口中蹦出像“WOW！”、“EXCELLENT！”之类的英语，本人会为此而感到害羞。','2000-01-08','郁原ゆう'),(188,'大神环','female','偶像大师百万LIVE登场的偶像。Dance属性。 <br />\r\n<br />\r\n把制作人像家人一样亲昵地称呼，食量大，喜欢战队中的红队员，总结起来就是有些男孩子气的元气类型的女孩。不过也有会唱演歌的奇怪一面。 <br />\r\n<br />\r\n属性上和双海亚美很像，此外根据胸围推断应该属于巨乳萝莉，喜欢动物这点也和我那霸响有共通点。','2000-04-29','稲川英里'),(189,'北上丽花','female','偶像大师百万LIVE登场偶像，Dance阵营。 <br />\r\n<br />\r\n喜欢看人的笑脸，20岁的双马尾偶像。但是没有加入作为对手组登场的六辫组（六辫组分别为弥生，亚利沙和艾米莉三人。） <br />\r\n<br />\r\n有着独特的感受性，称制作人为「The 普通的人」。不太依赖於制作人，这样似乎能是自己更加安心。 <br />\r\n<br />\r\n性格和美也一样的天然，一比思考着自己写的歌，一边就忘记了活动用的教材。 <br />\r\n<br />\r\n由於不会阻止环的恶作剧，从而被琴叶生气地批评道：「你好歹是个大人啊，拜托你也去制止她！」 <br />\r\n<br />\r\n亲密度高了之後会有爆炸式的发言。','2000-05-17','平山笑美'),(190,'高坂海美','female','《偶像大师 Live》登场角色，属于Dance阵营。 <br />\r\n<br />\r\n情绪高昂精力充沛的十六岁少女。精力与体力都十分过剩，不管做什么事都会全力以赴。自然而然地享受着偶像的工作。 <br />\r\n<br />\r\n是个孩子气无忧无虑，健康开朗爽快，有魅力又有活力的女孩子。','2000-08-10','上田麗奈'),(191,'岛原埃琳娜','female','《偶像大师 百万LIVE!》登场的偶像。Dance属性。<br />\r\n<br />\r\n操着磕磕巴巴的日语，热情奔放的17岁。 <br />\r\n<br />\r\n从小生长在巴西的里约热内卢，直到6岁才去了日本，但是不会讲巴西语（确切地说是巴西·葡萄牙语）。 <br />\r\n<br />\r\n似乎不擅长认汉字，在偶像学院天国中的活动中曾拜托过制作人给汉字标假名。 <br />\r\n<br />\r\n在打招呼方面总被制作人操心，在组合里也总在意想不到的时候犒劳大家，以及不知为何会不顾後果地握住制作人的手，总而言之就是各种各样的随心所欲。 <br />\r\n<br />\r\n做什麽事都是毫无讲究，会说出各种各样的令人担心的话，比如在营业时说：「收到了工作人员发来的邮件。像是要和我做朋友的样子，是不是不能不回信啊？（スタッフの人にメアド渡されちゃったヨー。友达になりたいらしいし丶返信しないとダメかナ？）」 <br />\r\n<br />\r\n因为在巴西生长，十分热爱足球，曾在剧场中提出要举办五人足球赛，对颠球很有自信。','2000-10-26','角元明日香'),(192,'永吉昴','female','偶像大师百万LIVE登场偶像，Dance阵营。 <br />\r\n<br />\r\n第一人称是俺(オレ)的15岁女孩。有着十分具有特征的吊眼梢的眼睛。 <br />\r\n<br />\r\n不论爱好还是特长都是棒球的棒球少女。对于能投出滑行曲线球而感到自豪。 <br />\r\n<br />\r\n有着小学的时候就上投手土台而把对手惊呆了的英勇事迹，是个相当有实力的选手。制作人经常被她邀请去当捕手。 <br />\r\n<br />\r\n虽然当偶像并不是很差，但说话方式与举止行为完全就和男孩子一样。完全没有意识制作人是一个男性，对制作人毫无防备之心。但意外地声音非常的可爱。 <br />\r\n<br />\r\n对自己不修边幅的方面并不特别在意，不过还是想当一个像个女孩的可爱的偶像，为此对自己的措辞和衣装打扮等方面十分苦恼。','2000-09-20','斉藤佑圭'),(193,'野野原茜','female','《偶像大师 百万LIVE!》登场的偶像。Dance属性。左撇子。 <br />\r\n<br />\r\n烦得可爱的16岁偶像。第一人称是小茜（茜ちゃん），称制作人为Pro酱（プロちゃん）。 <br />\r\n<br />\r\n在15岁以上的高中生组中身高最矮。','2000-12-03','小笠原早紀'),(194,'马场木实','female','偶像大师百万LIVE登场的偶像。Dance属性。 <br />\r\n<br />\r\n百万LIVE中年龄最大的偶像。但是身高只有143厘米，与10岁的中谷育和13岁的白坂小梅差不多。 <br />\r\n<br />\r\n本人拼命地介绍自己是个「性感」、「成熟」的大人，另外又背着小学生用的双肩书包，上了电车也够不到把手。 <br />\r\n<br />\r\n称自己为「木实姐姐」(このみお姉さん)。 <br />\r\n<br />\r\n被菊地真称作「木实师傅」(このみ師匠)。','2000-06-12','髙橋ミナミ'),(195,'福田法子','female','《偶像大师 百万LIVE!》登场的偶像。Dance属性。 <br />\r\n<br />\r\n一个热爱格斗技，性格直率，开朗的18岁女孩。 <br />\r\n<br />\r\n虽然法子有着一个十分放荡的爱好，但是却想成为一个更加受大家喜爱的少女偶像。 <br />\r\n<br />\r\n不过由于法子不太擅长做这些女孩子家家的事情，对于她来说挑战无处不在。 <br />\r\n<br />\r\n就如她在爱好栏写的一样，法子十分热爱搏击类运动，尤其是职业摔跤。 <br />\r\n<br />\r\n她时常对制作人使用眼镜蛇缠身固定，同时非常擅长麦克风表演就真的如一名职业选手般。 <br />\r\n<br />\r\n她的T恤衫上写着「TEKKEN」这样的字眼，同时还画着一个铁拳系列中熟知的木人。或许她也很喜欢玩格斗游戏吧。','2000-03-30','浜崎奈々'),(196,'舞滨步','female','有着染着几道金色线条，既鲜艳又显眼的粉红色头发的19岁。有着开朗率直的性格，基本上是那种行动先于思考的人。 <br />\r\n<br />\r\n体重49.9kg，腰围60cm，和别的偶像相比有着更健壮的体魄，大概是因为一直在跳舞肌肉比较发达的缘故。与木下日向一样，体重很罕见地精确到了小数点。其曰「体重勉勉强强，没到50kg」从中可以感受到微妙的女人心。 <br />\r\n<br />\r\n恐怕是最符合Dance属性的偶像了。高中时代曾在美国留学学习跳舞，对於实力有着巨大的自信。为了找一份能让自己跳舞的工作，便决定当一名偶像。 <br />\r\n<br />\r\n但另一方面，跳舞以外的运动就不是很拿手了。活动「夏天将至！偶像水上运动会」中，可以判断她不会游泳，另外还有恐高症。在挑战蹦极的时候吓得两腿发软完全不能动了。LTP11中被亚美笑道「虽然跳舞很好，但跳舞就以外一塌糊涂了」。 <br />\r\n<br />\r\n顺便说一下，虽然有留学经验，但英语并没有想像中的那麽好。在国外时主要靠肢体语言和感觉。至今还和在美国时的朋友靠信件交流，但不知为何对於美国生活一个字也不肯说。不过如果亲爱度上升的话，会神情慌张地对你说：「下次一起去吧！」','2000-07-23','戸田めぐみ'),(197,'真壁瑞希','female','偶像大师百万LIVE登场偶像，Dance阵营。 <br />\r\n<br />\r\n一直穿着制服的17岁。其曰，因为这样能够安心。 <br />\r\n<br />\r\n外形酷似长门有希，素有小长门之称。。 <br />\r\n<br />\r\n说话总带敬语，不论是对年纪小的偶像还是哈姆藏都如此。 <br />\r\n<br />\r\n表情十分僵硬，即使有120%的干劲在脸上也表现不出。凭着这张扑克脸打扑克似乎很厉害。 <br />\r\n<br />\r\n总是担任逗哏的角色。但如果对手比她还呆的话就什么也做不了了。 <br />\r\n<br />\r\n有着很有魅力的我行我素的形象，不擅长笑也常与周围的人有分歧。其实内心十分成熟。 <br />\r\n<br />\r\n另外又不擅长对付害怕的东西到想哭','2000-01-27','阿部里果'),(198,'百濑莉绪','female','《偶像大师 百万LIVE!》登场偶像。Dance属性。 <br />\r\n<br />\r\n百万live中年龄排行第二，拥有着性感的身材的女性，其本人也深知此点。 <br />\r\n<br />\r\n同时她也很喜欢靠此点作为自己的武器（经常积极地诱惑制作人），但结果总是事与愿违。 <br />\r\n<br />\r\n按她自己的话说，她并不受男孩子们喜爱，而她自己也不知道为什么。 <br />\r\n<br />\r\n这或许是因为：她确实有一个非常美妙的身材，但她完全不知道如何让男人陶醉于她的魅力之中，此外，她的策略总是太直截了当，从而使男人敬而远之。 <br />\r\n<br />\r\n如大多数成年的偶像一样，莉绪有着十分无忧无虑的性格，而且经常可以看到她照顾比她年轻的偶像。','2000-11-21','山口立花子'),(199,'北泽志保','female','偶像大师百万LIVE登场的偶像。Visual属性。 <br />\r\n<br />\r\n有着许多冷酷无情的发言的14岁少女。虽然有着与年龄不符的坚强，成熟的一面，但又有寻找自己感兴趣的连环画，喜欢动物玩偶的女孩子的一面。 <br />\r\n<br />\r\n以表演之道为志向的她，对于演技的学习以及角色的塑造能看到非同寻常的热情。 <br />\r\n<br />\r\n但另外在活动身体方面并不在行，像跳舞之类的事情明明脑袋里想这么做但身体却纹丝不动，笨得急死人的感觉。','2000-01-18','雨宮天'),(200,'篠宫可怜','female','偶像大师 MILLION LIVE!》中登场的偶像。Visual属性。<br />\r\n外表华丽（？），但是性格非常懦弱，十分怕生的十六岁。<br />\r\n<br />\r\n为了改变这样懦弱的自己，在周围的女孩子打气加油之下，以成为偶像为目标前进。（そして同じような女の子たちに自信を与えるためにアイドルを目指しているようだ。）','2000-08-27','近藤唯'),(201,'周防桃子','female','周防桃子，年仅十一岁的她是一位出演了许多部电视剧的老牌偶像，业界通称桃子前辈，从孩子的时候就参加了许多艺能活动，这一点和灰姑娘女孩里的冈崎泰叶或许比较相似吧。 <br />\r\n<br />\r\n对自己的事业和实力非常自信，也经常说出一些豪言壮语（その気になればどんなキャラもなれると豪语する），在另一方面，由於在儿童演艺圈修罗场里经常磕磕碰碰，所以也会经常说出一些不符合十一岁女孩子的话语，「原「童星」」也会让人浮现出各种各样的联想。小野是不会嫁给你的! <br />\r\n<br />\r\n父母之间的不和，家庭的环境也不是很好，虽然详细的情况还不太清楚，或许与她的经历有关系，成为偶像的理由也有可能是为了父母，总而言之在这个年龄背负的东西已经相当重了。 <br />\r\n<br />\r\n是因为自信的缘故吗？对着大人们有着浓重的不信赖感丶对制作人也是相当的放肆任性和辛辣，但毕竟是十一岁的女孩子，偶尔也会露出天真无邪的表情，也不会对着其他偶像同事们保持「例行公事」般的距离，在偶像活动中也抱着尊敬与信赖敞开心扉。（ともにアイドルとして活动することで少しずつ心を开き丶尊敬や信頼を抱きつつあるようだ。）','2000-11-06','渡部恵子'),(202,'德川茉莉','female','《偶像大师 百万LIVE!》登场的偶像。Visual属性。 <br />\r\n<br />\r\n头上戴着大大的发带，十分有洛丽塔风格的19岁公主偶像，外形酷似某厄神。 <br />\r\n<br />\r\n使用着独特的语调说话，第一人称是「茉莉（まつり）」、「公主（姫）」或「茉莉公主（まつり姫）」。 <br />\r\n<br />\r\n性格十分天然（？），一举一动不受四周的影响，真的就像一个开朗，天真的公主。把765剧场称成自己的城堡。 <br />\r\n<br />\r\n不知为何自报家门时从来不会说提起自己的姓氏，并且说那不重要。有人猜测她是德川幕府家族的后裔。 <br />\r\n<br />\r\n特技一栏写的是表演，又让人不禁怀疑她这个样子是不是在扮演一个角色。','2000-02-04','諏訪彩花'),(203,'所惠美','female','有着被拜托了事情就不会拒绝的性格的16岁。长着根偶像大师中经常出现的呆毛。 <br />\r\n<br />\r\n给人感觉是一个当代的辣妹，常常带着化妆品出门，也不忘看看出了什么新品之类的，十分追求流行。 <br />\r\n<br />\r\n关系变好的话就会像别人邀人去喝酒一样邀人去家庭餐厅。然后开始比谁吃鱼贝鸡米饭吃得快。 <br />\r\n<br />\r\n原本对偶像没有太大兴趣，之所以成为偶像是因为是受高木社长邀请的样子。对于偶像什么都不懂，还为觉得自己不够可爱，拖了大家后腿而感到苦恼。 <br />\r\n<br />\r\n有为同伴着想的性格，即使在工作中也十分留意每个人以及整体气氛，比起Ace更适合当Leader的类型的人。但由于过于操心同伴而让制作人为她操心。 <br />\r\n<br />\r\n有时会说出引起性欲的话，F罩杯的上围也确实够吸引人的。 <br />\r\n<br />\r\n具体出身还不明，但从本人的话中推断不会是东京出身。 <br />\r\n<br />\r\n印象色为黑色。','2000-04-15','藤井ゆきよ'),(204,'丰川风花','female','偶像大师百万LIVE登场偶像，VISUAL系。 <br />\r\n<br />\r\n波浪的蓝色头发有两根呆毛、与众不同的二十二岁，胸部在百万Live里是最大的（第一位 丰川风花 第二位 三浦梓 第三位 四条贵音）但灰姑娘里有更牛的 <br />\r\n<br />\r\n在整个偶像大师中胸围排第三位(第一位 及川雫 第二位 向井拓海 第三位丰川风花（篠原礼并列）)、同时，胸围也每年都在增长…… <br />\r\n<br />\r\n性格温和而且温柔、在拥有各种各样奇怪癖好的偶像们里算是少数的正常人但是黄图似乎很多的样子、但是性格稍稍有些软弱，而且容易卷入麻烦里、经常被[制作人|四周]]的人折腾的流眼泪、目标是正统系的偶像，但是似乎经常被绅士们逼迫着做出性感的姿势……以至于自己经常无意识的做出情色的姿势、虽然不太懂，但这恐怕就是调教的结果吧… <br />\r\n<br />\r\n顺便一说，似乎由于原来的职业是护士（看护）、所以才会有献血的爱好。<br />\r\n<br />\r\n在病院里由于两位患者的影响，所以拥有些许关于足球的知识。 <br />\r\n<br />\r\n在无意识的情况下、巨乳似乎已经成为了丰川风花的武器，或者说丰川风花有些时候以自己这么大的欧派感到些许的羞耻<br />\r\n<br />\r\n如上文所述的，本人虽然一直很想成为正统派的偶像，但似乎到后面大家已经无视了这个要求（当然，风花本人除外)','2000-09-02','末柄里恵'),(205,'中谷育','female','十岁的时候参加的偶像活动、另外，在灰姑娘女孩里还有几个更年轻的九岁偶像。 <br />\r\n<br />\r\n有着喜欢动画的爱好，作为十岁的声优与粉丝见面时也是特别的被期待。','2000-12-16','原嶋あかり'),(206,'七尾百合子','female','《偶像大师 百万LIVE!》登场的偶像。Visual属性。 <br />\r\n<br />\r\n一位格外喜爱书中的世界的15岁的文学少女。不管什麽题材只要她觉得有趣的书都会去看，像雷·布雷德伯里，太宰，托尔金之类的也照看不误。不过大部分都是幻想丶神秘类的题材。 <br />\r\n<br />\r\n通常情况下是一个性格开朗，言行举止都十分有活力的女孩子。但同时又有些怕生，和初次见面的人讲话会变得十分紧张。 <br />\r\n<br />\r\n对於自己的目标是成为一名「像作者离世百年之後仍在世间流传的好书般，留在每个人心中」的偶像。 <br />\r\n<br />\r\n形象颜色为黄色。','2000-03-18','伊藤美来'),(207,'二阶堂千鹤','female','21岁、自称大小姐偶像、实际上是个“伪”大小姐、用着「啊哈哈~」的说话方式、对制作人也保持着高压的态度、但是台词中的细微之处有着难以言喻的平民气息和笑着笑着就会呛到的奇怪设定…… <br />\r\n<br />\r\n大口吃肉饼的设定画、穿着写着「NIKA??? SEIN???」的衬衫（「NIKAIDO SEINIKU=二阶堂精肉」）、推测家里其实是开肉店的吧？ <br />\r\n<br />\r\n这样的她、因为庶民气质而努力的她反而不会让人讨厌、就连车站前的卡拉OK店举行的超豪华烤肉排队也不会缺席。(そんな彼女だが、庶民気质ゆえかかなりの努力家であることも窥わせる。トップアイドルになって駅前のカラオケ屋で超豪华な祝宴を开くために、今日も彼女はレッスンを欠かさない。） <br />\r\n<br />\r\n与华丽的外表不相符合的奇怪家庭生活感、也能照料好低年龄的偶像、看到高级品会举步不前（顺便一说、举步不前的日语是尻込み）、也会横下心来怀着感激向其他人道歉。虽然装作是大小姐，但却是极为清楚其生活环境的。','2000-10-21','野村香菜子'),(208,'伴田路子','female','Roco（ロコ）即伴田路子。《偶像大师 MILLION LIVE!》登场的偶像。Visual属性。 <br />\r\n<br />\r\n为了表现自己作为艺术家的内在的那份燃烧的心，才选择了走偶像这条道路。<br />\r\n<br />\r\n曾说过要成为艺术家，也亲自制作过舞台服饰，为了配合服饰甚至重制了事务所里的内部装修。在创作活动方面也非常有精力。可是，在想做的时候却从不考虑场合，完全不顾是借来的衣服还是舞台剧的布景，都会加以改造，为此伙伴们总会为阻止她而大惊失色。<br />\r\n虽说经常会连累他人，但Roco真的有着与年龄不符的高超技术，不仅在绘画，服装，雕刻方面，另外从巨大的题材到舞台布置都仅靠自己一人完成，非常的多才多艺。不过其审美观也超越了常人的范围，会做出完全搞不懂在讲什么的作品，使周围一片茫然。可艺术本不就是这样的吗？<br />\r\n另外，胡乱地使用许多洋文组成出来的语言也非常有特色（对于艾米莉来说是极端的存在），但有时也会露出马脚，一不注意就会变成原型，察觉后又会慌慌张张地改回去。这种情况也是屡见不鲜了。虽然经常使用洋文但英语水平也就马马虎虎，也是需要经常翻字典的样子。在全神贯注或是大吃一惊的时候却又不太用洋文了，也许使用洋文并不是她本身的意愿？<br />\r\n乍一看是那种「走自己的路，让别人说去吧」的类型的人，但另一方面也有独自一人在房间里时的天真的一面。或许是因为有着作为艺术家天生的独特感官，在学校里经常流露出像「感觉被像是看着奇怪东西的眼神看着」之类的情绪，与周围格格不入的样子。虽不会委曲求全但果然内心真的是太寂寞了，有时就犹如小狗般露着柔弱的表情，与平时自信满满洋洋得意的表情简直天差地别，使人产生一种禁不住想要去庇护她的欲望。','2000-03-01','中村温姫'),(209,'宫尾美也','female','不管怎么说那粗眉毛都是十分惹人注目的17岁～。被大家亲切地叫做「喵咪呀（みゃおみゃ）」～。 <br />\r\n<br />\r\n有着既不好也不坏的我行我素的性格，说话总是会在句尾加个「～」拖长调～。竟然能把制作人认成偶像也真是把天然呆发挥到极致了～。 <br />\r\n<br />\r\n还有着不论何时何地只要闭上眼睛，3秒以内就能睡着的，让野比大雄也甘拜下风的特技～！。即使是说话时也可以睡着！如果她出现在睡眠产品的广告中的话那肯定会有帮助～。','2000-04-24','桐谷蝶々'),(210,'樱守歌织','female','自THEATER DAYS登场的765Pro所属新人偶像。23岁。<br />\r\n右撇子<br />\r\n特技：合唱·高尔夫<br />\r\n兴趣：骑马<br />\r\n喜欢：小孩子、洋菓子<br />\r\n出身：东京都','2000-03-27','香里有佐'),(211,'白石紬','female','自THEATER DAYS登场的765Pro所属新人偶像。17岁。<br />\r\n右撇子<br />\r\n特技：和服的着装过程·三味线<br />\r\n兴趣：游览庭院&amp;甜品处<br />\r\n喜欢：和风甜品<br />\r\n出身：石川县','2000-05-29','南早紀'),(212,'中村P','male','动画《偶像大师 百万现场》中登场的制作人。',NULL,'中村源太'),(213,'天海春香','female','偶像大师系列游戏与动画的第一主角，属于Vocal阵营。<br />\r\n独生女，工薪阶层出身，有一个比较幸福的家庭。从小喜欢唱歌和制作点心，性格乐观、上进且待人友善，跟事务所众人都能合得来，但有时也会在情绪高涨时候不知所措，而且极度害怕孤独，感情观念相当保守。<br />\r\n经常在平坦的地面摔倒，反而在陡峭的地方不会有事，略微有些天然呆。<br />\r\n成为偶像的原因：为了实现自己的儿时梦想。<br />\r\n因为CV的缘故，二次设定里有里人格“春阁下”，此时瞳孔会变红。<br />\r\n游戏中基本数据平均但是舞蹈能力稍低，相对的唱歌能力略高，情绪容易控制，适合新人上手使用。<br />\r\n<br />\r\n（在偶像大师 XENOGLOSSIA中）<br />\r\n本作的主人公，身高158cm、B83/W56/H80、16岁。以为参加偶像选拔参加了蒙登金特的面试。超不擅长理科科目。<br />\r\n总是充满朝气的女孩。做事全凭直觉，性格开朗不过自己觉得错误的事情就绝对不会同意。拜头上醒目的蝴蝶结丝带所赐得到了一个奇怪的绰号 。','2000-04-03','中村繪里子'),(214,'双海真美','female','所属偶像中最年少的双胞胎。个性差异不大而好作怪。从绑头发的位置可以分辨两人（以制作人的角度，向左绑的是亚美，向右绑的是真美，二代设定真美的绑发留长为马尾）。两人宣称轮替著从事演艺活动，但游戏中实际上台的只有亚美。父亲是医师，因为行医而和母亲相遇。称呼制作人为“兄ちゃん（哥哥）”。<br />\r\n基本能力值是全角色里最差不过情绪管理容易。初期会因为能力过低而相当辛苦，不过衰退缓慢所以终盘会变强。但是在组成双人与三人团体时，若不和她们对谈的话情绪值会大幅降低，所以和情绪管理不易的角色组队时需要特别注意。<br />\r\n初始设定亚美为姐姐，真美为妹妹，XBOX 360版及SP版变更设定，真美为姐姐，性格比亚美较为稳重有责任感；亚美为妹妹，性格比真美较为自由活泼。<br />\r\n<br />\r\n(偶像大师 XENOGLOSSIA中）<br />\r\n双海亚美的双胞胎妹妹，iDOL “TEMPESTAS”的MASTER。<br />\r\n7年前的事故中受了重伤并随TEMPESTAS一同失踪。在TEMPESTAS的驾驶舱中治愈伤口并陷入长眠，因此其精神层面没有生长，虽然身体跟亚美一样是12岁的模样，但是精神年龄还停留在5岁。','2000-05-22','下田麻美'),(215,'三浦梓','female','在所属偶像中最为年长，且胸部丰满。天然而沉着的治愈系大姐姐，不过是个严重的路痴。在设定上比制作人年长，制作人与爱好者都称她为“あずささん”。志愿偶像的理由是“为了和命运中人相遇”。<br />\r\n<br />\r\n（在偶像大师 XENOGLOSSIA中）<br />\r\n身高168cm、B86/W57/H84、20岁。<br />\r\n春香她们从属的Mondenkind iDOL Master课的iDOL小队的主任。原本也是iDOL Master的姐姐，对春香她们非常温柔，什么事情都可以找她相谈。性格冷静沉着，无论什么时候都能保持冷静。','2000-07-19','たかはし智秋'),(216,'水濑伊织','female','和有气质的外表正好相反，相当任性，蛮横娇羞型。非常讨厌输给别人。因父亲和765 Production的社长是朋友而透过关系进入演艺界。对2位哥哥怀有强烈的自卑感与竞争心理。经常随身带着兔子的玩偶，口癖是“にひひ!”。<br />\r\n基本能力值高且易于管理情绪，和律子同様是“好用强角色”。似乎因为如此有许多人会让律子和伊织组成双人团体来争取排名。另外在双人、三人的时候，若不慎选谈话的对手会大幅影响心情，需要特别注意。<br />\r\n<br />\r\n（在偶像大师 XENOGLOSSIA中）<br />\r\n身高156cm、B77/W54/H79、16岁。<br />\r\n和春香、雪步是同校生兼室友。宽额头就是其最大的特征。总是自信满满的样子，喜欢毫不保留地直接说出自己的想法，事实上非常努力。而且因为她那闪亮到可以反光的额头，所以有着“小凸”的绰号。','2000-05-05','釘宮理恵'),(217,'高槻弥生','female','765事务所中最穷的偶像，属于Dance阵营，为六个子女中的老大，很早就开始作为姐姐照顾全家。父亲为自由职业者。<br />\r\n个性活泼开朗，爱护家庭的好孩子，但家中经济似乎不太好，在事务所里常常帮忙打扫与倒垃圾。因为设定上没有手机，只有在培育期间和事务所借用，引退以后就不会寄信件回来。不太会撒娇，说话略微有点大舌头，并且有恐高症，对待弟弟妹妹们非常有姐姐的形象。<br />\r\n对钱看得非常敏感，二次设定中一旦陷入经济危机很可能会黑化。<br />\r\n成为偶像的原因：为了全家人的生计。<br />\r\n基本能力值虽低，但情绪管理容易且能力衰退的速度也慢，是新手也容易操作的角色。<br />\r\n<br />\r\n（在偶像大师 XENOGLOSSIA中）<br />\r\n身高154cm、体重44kg、B87/W56/H82。<br />\r\n超喜欢可爱的事物，天真烂漫的15岁少女，与春香从小学开始就是要好的朋友。梦想是成为一个大明星。现在是某个电台节目的主播。','2000-03-25','仁後真耶子'),(218,'秋月律子','female','冷静沉着思考清晰的眼镜娘。凡事会清楚表达自己的意见。在事务所里除了偶像工作外，也兼任文书的职务。在2代和电视动画篇，专职于小组“龙宫小町”的事务工作，游戏“全力以赴”之后重新回归偶像工作，设定和初代一样为人手不足。<br />\r\n本来是以事务员工作的，但由于人手不足被推选为候补之一。通晓关于秋叶原的事情，似乎对跟自己名字相仿的秋月电子颇中意。<br />\r\n基本能力值高情绪也容易管理，属于所谓的“好用强角色（お手軽強キャラ）”在初期时很强。不过能力容易衰退，终盘时会遭遇苦战。<br />\r\n<br />\r\n（在偶像大师 XENOGLOSSIA中）<br />\r\n身高165cm、B87/W57/H83、18岁。IDOL整备组组长之一，也是春香等人所住的宿舍“十六夜寮”的宿舍长。<br />\r\n作为春香她们的前辈的大姐，喜欢各种机器和机械的发明家。性格直率爽朗，恶趣味就是给别人取绰号，而且还爱搞恶作剧。','2000-06-23','若林直美'),(219,'如月千早','female','偶像大师系列游戏与动画三巨头之一，Vocal阵营的队长。<br />\r\n中产阶级出身，弟弟·如月优8年前因车祸死亡，目前父母离异，自己独居中。<br />\r\n蓝色及腰长发，身体纤细挺拔，但胸围非常小，经常会不自觉的吐槽胸围，并且对胸围较大的人有一定抵触情绪。性格非常认真，有时候会很死板。拥有事务所最高超的演唱能力，本人也很喜爱唱歌，但对歌曲有着微妙的执着，对唱歌以外的其他工作有着明显的抵触情绪。<br />\r\n因为CV的原因，有痴女设定，控同事务所的高槻弥生达到了不像话的地步。<br />\r\n成为偶像的原因：弟弟生前极爱听她唱歌，于是音乐成为了她活下去的唯一动力。<br />\r\n基本能力以Vocal最为突出，同时其余两项能力水准也很高，名副其实的最强角色，但因为情绪管理难度过大，另一方面衰减较快，使用难度不低，甚至还有因为情绪低落和衰减造成的“千早螺旋”，不适合新手上手使用。<br />\r\n<br />\r\n（在偶像大师 XENOGLOSSIA中）<br />\r\n身高167cm、体重47kg、B89/W55/H82、17岁。<br />\r\n所属对抗Mondenkind的组织Turiavita，是驾驶iDOL的皇牌驾驶员。品行正直，冷静沉着，言行有礼，总是流露出典雅的气质。','2000-02-25','今井麻美'),(220,'萩原雪步','female','登场作品：街机、XBOX版（1，2代）、PSP版、动画版、PS4版<br />\r\n<br />\r\n性格：沉着，形象颜色：白色<br />\r\n<br />\r\n生性爱哭而胆小，为了改变自己的个性而目标当上偶像。喜欢喝茶（尤其是抹茶）。似乎对身材没有自信，本人也说自己是“没肉、贫乳、小不点（ひんそーでひんにゅーでちんちくりんで）”，不过数字上并没有很差。极度消沉时会习惯在地上挖个洞把自己埋起来，所以电钻和铲子成为了雪歩的代表物（真的埋起来还是在脑内埋起来则详细不明）。在动画初期似乎很害怕男人。<br />\r\n基本能力值且容易陷入低潮，单人时最难以掌控。不过因为能力值容易提升且衰退缓慢，持之以恒地培育后会是大器晚成型的角色。初期虽然会陷于苦战但终盘时会展现压倒性的实力。此外还拥有隐藏要素绝对不会临时取消之特性。<br />\r\n从2代开始，其配音落合祐里香由于工作档期原因退出策划，于是更换为浅仓杏美。<br />\r\n<br />\r\n(在偶像大师 XENOGLOSSIA中）<br />\r\n天海春香的管制官，身高158cm、B88/W55/H83、16岁。和春香一样通过了iDOL MASTER的选拔来到东京。<br />\r\n内心很温柔的女孩，一直想改变羞怯畏缩的性格去成为一个积极的人。春香的同级生，有着到哪都能睡着的本事，一般注意到她时，她都在睡觉。','2000-12-24','友利花'),(221,'双海亚美','female','所属偶像中最年少的双胞胎。个性差异不大而好作怪。从绑头发的位置可以分辨两人（以制作人的角度，向左绑的是亚美，向右绑的是真美，二代设定真美的绑发留长为马尾）。两人宣称轮替著从事演艺活动，但游戏中实际上台的只有亚美。父亲是医师，因为行医而和母亲相遇。称呼制作人为“兄ちゃん（哥哥）”。<br />\r\n基本能力值是全角色里最差不过情绪管理容易。初期会因为能力过低而相当辛苦，不过衰退缓慢所以终盘会变强。但是在组成双人与三人团体时，若不和她们对谈的话情绪值会大幅降低，所以和情绪管理不易的角色组队时需要特别注意。<br />\r\n初始设定亚美为姐姐，真美为妹妹，XBOX 360版及SP版变更设定，真美为姐姐，性格比亚美较为稳重有责任感；亚美为妹妹，性格比真美较为自由活泼。<br />\r\n<br />\r\n（在偶像大师XENOGLOSSIA中）<br />\r\n身高148cm、B74/W53/H73、12岁。<br />\r\n真真正正活跃在演艺圈的偶像。虽然是小学生，无论是态度还是判断力都表现得相当成熟。7年前的事件中，她的双胞胎妹妹真美失踪了，伤心的亚美离开了Mondenkind而专心投入演艺圈。对于回归的她，可是整备人员的老前辈。','2000-05-22','下田麻美'),(222,'菊地真','female','男孩子气的女孩。 运动神经超群，乍看之下会以为是美少年，但本人希望有女人味，为了外表与内在的差距而烦恼著。游戏中女性爱好者比男性要多。有着小心谨慎的一面。父亲是赛车手，而她也曾有一段时期被当作未来的赛车手来栽培，曾经驾驶过卡丁车。<br />\r\n喜欢看少女漫画和收集可爱的东西，意外的有着胆小的一面，不擅长应付昆虫。<br />\r\n亚美、真美称呼其为“まこちん”。<br />\r\n遇到好事时有“へへっ、やっりぃ〜”的口头禅。<br />\r\n基本能力值略为偏高且易于情绪管理，和春香同様适合新手。此外街机版的收录曲之中，BPM値最高的是她的‘エージェント夜を往く’。<br />\r\n<br />\r\n(在偶像大师 XENOGLOSSIA中）<br />\r\n身高163cm、B78/W56/H76、16岁。为iDOL“NEBULA”的MASTER，不相信iDOL有感情。<br />\r\n天才机师，性格冷漠。自生下来便开始接受训练，只要一坐上iDOL驾驶座，就能上演杰出的表演。','2000-08-29','平田宏美'),(223,'星井美希','female','偶像大师系列游戏与动画三巨头之一，Visual阵营的队长。<br />\r\n公务员家庭出身，有一个想要当教师的姐姐星井菜绪。<br />\r\n镰刀型向上的呆毛，金色长发。虽然只是个初中生，却拥有着让人羡慕不已的成熟体型。<br />\r\n据说拥有一天被31个男生告白的魅力，天赋异禀的少女偶像。然而非常懒散、嗜睡、贪食，酷爱饭团。认真起来会非常投入。自称肉食系，对感情却非常专一。由于年龄原因，有时过于天真，爱耍小脾气。说话直来直去、非常伤人，且经常无意间让人哑场。<br />\r\n是XBOX版初代IM@S中唯一一个拥有双路线的角色，第二次选择会出现[觉醒美希]的事件，并且触发更多的与Producer的亲密事件（称制作人为HONEY）。续作和动画版直接继承了觉醒后的性格设定。<br />\r\n成为偶像的目的：想要在舞台上闪闪发光。','2000-11-23','長谷川明子'),(224,'四条贵音','female','偶像大师SP新增的人物，Wondering Star的对手角色，同为961旗下『Project Fairly』的一员，Vocal系的偶像。气质高贵，性格温和，坦诚，温柔有礼却也有些古怪，兴趣是天文观测和舞台剧欣赏。她是有着『银色王女』的称号的超人气新人偶像，在Fan和记者看来她相当的冷艳孤傲。其实这都是黑井社长一手包装的结果，贵音其实并没有那么坚强，却要顶着巨大的压力扮演一个高傲的女王一般的偶像角色。因此会在月下痛哭，被765的制作人碰到。贵音是很有主见和正义感的人，对于961社长灌输的关于765的那一套，她并没有偏听偏信，而是用自己的所见所闻去判断，不过尽管发现黑井社长满嘴胡言行事卑劣，毕竟也对她有恩，所以直到最后在IU输给765才离开961。曾经搭救过被无良粉丝纠缠的雪步。贵音的身世是个谜，背后的四条家实力雄厚，她自己从小没了父母，被四条家的爷爷抚养长大。','2000-01-21','原由実'),(225,'我那霸响','female','“はいさい！自分、歌もダンスもカンペキだから、まかせてね！”<br />\r\n<br />\r\n冲绳出身、亲近动物的元气少女。印象色是蓝绿（浅葱）色。<br />\r\n<br />\r\n在《偶像大师SP：完美之日》中作为对手角色初次登场，被黑井社长招揽为961事务所的偶像候补生，与四条贵音、星井美希一起组成组合「Project Fairy」。之后在《偶像大师2》中加入了765事务所，正式成为可培育角色。<br />\r\n<br />\r\n外表具有野性美，有虎牙和小麦色的肌肤，一头茂密的长发总是扎成高马尾。时不时会说出冲绳方言，自称是「自分」，句尾会带上「だぞ」，口癖是「なんくるないさー！」（总会有办法的！／船到桥头自然直！）。<br />\r\n<br />\r\n经常自称「完美」，各方面的实力也确实很强。有着发达的运动神经，舞蹈能力不输给真。此外还擅长做家务，料理的水平很高，即使是复杂的西餐也不在话下。<br />\r\n<br />\r\n性格自信乐观，稍微有些莽撞。在《SP》中，由于黑井社长的安排，一直扮演着帅气的形象。但从2代开始逐渐暴露出了有些傻乎乎的一面，容易轻信别人的话，所以常常被人（比如亚美真美）捉弄或是恶作剧。同时其声优沼仓爱美也经常受到前辈们甚至是后辈们的调戏，因此被认为是13人中的总受。<br />\r\n<br />\r\n在《百万现场》和《白金星光》中，在舞台上的形象依旧强硬帅气，私下里却是可爱温顺并且容易害羞的性格。','2000-10-10','沼倉愛美'),(226,'保登心爱','female','本作品的主角，15岁高一生，橘色短发，头上戴着花朵造型的发饰，就读高中时搬到木造房屋与石板路的小镇，在偶然的机会之下到Rabbit House寄宿。当初由于她无法辨识咖啡的味道与香气，因此与咖啡店有疏离感，不过后来来到Rabbit House当店员之后学习到适应的技术。<br />\r\n&nbsp; &nbsp; 有着个性明亮又开朗的性格，能够很轻易跟陌生人混熟，不过带有一点粗心大意的小毛病，但经常能帮智乃跟理世的忙。非常喜欢可爱的事物以及毛茸茸的东西，由于她在家中排行老幺，因此希望有一个妹妹，将智乃视为自己的妹妹一样疼爱，所以当智乃表示憧憬其他人时会变得很吃醋。<br />\r\n&nbsp; &nbsp; 很喜欢被称做姐姐，听到“姐姐”两个字即使是熟睡到连闹钟都叫不醒的情况下，也会立刻爬起来。<br />\r\n&nbsp; &nbsp; 由于老家是面包店的缘故，对于做面包的热情比任何人来得强，而在Rabbit House的菜单上做了提比面包。但除了面包之外，并不擅长其他料理，即使是泡咖啡都会难喝到连千夜都喝不下去，帮忙做味噌汤时也被纱路嫌碍手碍脚。<br />\r\n&nbsp; &nbsp; 擅长数学与物理，有一瞬间算出三位数乘法的实力，但文科的成绩非常惨淡。将来的梦想是面包店老板或律师。<br />\r\n&nbsp; &nbsp; 小的时候遇过智乃的爷爷，她听到智乃的爷爷想变成兔子之后，便基于好心，帮他施了魔法想要帮助他变成兔子。<br />\r\n&nbsp; &nbsp; 姓名源自于热可可。','2000-04-10','佐倉綾音'),(227,'香风智乃','female','13岁初中生，Rabbit House老板的孙女，蓝色长发，安哥拉兔提比总是喜欢坐在她的头上。无口系，个性怕生，不擅长与人相处；平时面无表情，也不爱笑，心爱曾为了要照到她笑的照片费了一番心力。由于母亲早逝、爷爷也过世，让她从小就必须承担Rabbit House的经营，店里大多的事情都是靠智乃在打理，使她言行举止颇为成熟，连心爱都觉得智乃比她自己可靠多了；偶尔有孩子气的一面，但自己并不喜欢被当成小孩子看待。可以单凭气味分辨咖啡的种类，但喝的咖啡一定要加砂糖和牛奶。由于被纱路的气质所吸引，以及曾经教过她功课的缘故，让她十分憧憬纱路。<br />\r\n&nbsp; &nbsp; 本身有着会被动物讨厌的体质，因此除了提比以外，不敢接近其他动物，为此本人十分困扰，当她有一次看到心爱能够轻易抱起野兔时，露出十分沮丧的表情。<br />\r\n&nbsp; &nbsp; 虽然年纪小，但十分在意自己的身高和身材，会想各种方法增高减肥，以及促进发育。<br />\r\n&nbsp; &nbsp; 平常面对心爱的热情，反应颇为冷淡，但看到心爱、理世、麻耶与小惠很要好时，产生了些许嫉妒心，但本人并没有察觉到自己的这份心情，提比曾认为心爱夸奖智乃的方式和她已故的母亲一模一样，虽然智乃倔强的说才不一样，但却露出了难得的笑容，显示出心爱在智乃心中其实有相当的份量。<br />\r\n&nbsp; &nbsp; 姓名源自于卡布奇诺。','2000-12-04','水瀬いのり'),(228,'天天座理世','female','16岁高二生，在Rabbit House打工的店员，双马尾紫发，身材姣好，个性傲娇，在所有人里担任吐槽的角色。本身是军人世家的女儿，也是千金大小姐，她的父亲和智乃的父亲是老朋友，也因此才会选择来Rabbit House打工。<br />\r\n&nbsp; &nbsp; 平时言行举止很像军人，平常的事也会被她往军人的方向去想，但是个性其实很容易害羞，也很怕寂寞。经常拿着枪，身上也有带军刀，力气也很大，可以轻松拿重物，还可以徒手把盘子拆成两半，虽然不怕枪声，但很怕牙医工具发出的声音，也因此害怕看牙医。<br />\r\n&nbsp; &nbsp; 家里有一只叫狂野小子的独眼兔娃娃，理世非常疼爱他，平时会跟他说话，还会让他背小模型枪。<br />\r\n&nbsp; &nbsp; 有时会身兼发型模特，但因为害羞不敢让别人知道，后来在路上不小心被智乃看到，但由于理世把头发放下并弄成卷发，让智乃没有发现她是理世本人，理世就因此化名萝丝蒙混过去，之后心爱和智乃看到她那个样子，她都会自称是萝丝。<br />\r\n&nbsp; &nbsp; 姓名源自于一种名为夏日香气（Thé des Alizés）的法式绿茶。','2000-02-14','種田梨沙'),(229,'宇治松千夜','female','15岁高一生→16岁高二生，和风咖啡店甘兔庵的看板娘，心爱的同班同学，发型为黑长直，有着大和抚子的长相，擅长做各式各样的和果子，平时最大的兴趣是为刚研发完成的新和果子取名字，但本人认为用普通的名字没什么意思，所以取的名字都很诗情画意，因此除了心爱以外，没有人知道那本来是什么和果子，会产生这种兴趣的原因在于纱路小时候认为Rabbit House的菜单名取得很厉害（其实都是普通的咖啡名），让千夜有很大的败北感。吃到比自己做得还要好吃的和果子之后，会因此失去信心，心情会很不好，也会吃不下饭。<br />\r\n为了招揽顾客，经常想一些怪点子，例如理世来兼职打工时，决定举办军事迷彩月，也因为想像力丰富的关系，稀松平常的事都可以被她往奇怪的方向去想。平常也担任装傻的角色，会和心爱临时组成相声搭档。最大的目标就是要扩大甘兔庵的经营，成为大型和果子连锁店。<br />\r\n本身很讨厌运动，也没什么体力，曾经打算请理世教她念书，但一听到要锻炼出能熬夜的身体就打消念头，心爱曾说她只有做和果子和被逼到退无可退时才会发挥全力，其发挥的全力也相当惊人，例如划船时可以从最后瞬间变成第一名，意外的很会闪避躲避球，但本人都是在非刻意的情况下闪避。<br />\r\n姓名源自于宇治抹茶。','2000-09-19','佐藤聡美'),(230,'桐间纱路','female','15岁高一生→16岁高二生，住在甘兔庵隔壁的少女，有着自然卷的金色短发，是理世的学妹、千夜的青梅竹马。会因为咖啡因而变得过度兴奋，个性会变得跟心爱一个样，但本人事后会想不起那段记忆。由于理世曾经帮助纱路赶走流氓兔，从此仰慕著帅气的学姐理世，所以当千夜在理世面前说她以前的糗事时她都会尽全力阻止。<br />\r\n虽然就读大小姐学校，但是实际上住的是破屋，过著贫困的生活，父母也外出工作，因此平时由千夜照顾她的生活起居，为了不想让其他人知道她的家境，便养成了大小姐的言行举止，不过由于过于逼真，让心爱等人以为她是真的大小姐，直到心爱等人看到纱路本人从自己家里走出来才曝光。在学校功课很好，是学费全免的资优生，厨艺也相当不错，智乃形容她是全身上下找不到一丝缺点的人。<br />\r\n为了赚钱，常到专卖花草茶的花茶店Fleur de Lapin打工，也在可丽饼店、冰激凌店打工。有恋瓷器癖，放学后或是有空时经常去瓷器店欣赏。<br />\r\n姓名源自于乞力马扎罗咖啡。','2000-07-15','内田真礼'),(231,'温水和彦','male','高校1年生。ライトノベルを愛読しており、新刊のチェックは欠かさない。友達は一人もいないがそれを憂うこともない、達観系のぼっち。趣味は水道水の味の違いを楽しむこと。','2000-12-25','梅田修一朗'),(232,'八奈见杏菜','female','和彦のクラスメイト。明るく愛嬌のあるクラスの人気者だが、ちょっと抜けている一面がある。天井知らずの食欲を持つ食いしん坊。幼なじみに長年の片想いをしているが……？','2000-11-29','遠野ひかる'),(233,'烧盐柠檬','female','和彦のクラスメイトで陸上部のエース。いつも元気いっぱいで天真爛漫な性格。走ることが大好きで、勉強はちょっぴり苦手。頭の良い幼なじみに淡い恋心を抱いている。','2000-08-01','若山詩音'),(234,'小鞠知花','female','文芸部に所属している1年生女子。引っ込み思案な性格で、人としゃべるのが苦手。和彦と同じく友達がいない。文芸部の先輩たちには心を開いており、その視線の先にはいつも……。',NULL,'寺澤百花'),(235,'高松灯','female','羽丘女子学園の高校1年生。物事の感じ方が周りとズレている、「羽丘の不思議ちゃん」。気に入ったものを集めるのが好きで、道に落ちた石や葉っぱをよく拾っている。<br />\r\n<br />\r\n虽然自认不是那么擅长唱歌，但仍会努力去唱。<br />\r\n由灯写在笔记本上作词，之后立希负责作曲。<br />\r\n对成员的评价：乐奈有实力，素世待人温柔，爱音正一同努力着。<br />\r\n容易感到寂寞，常感受著孤独。<br />\r\n<br />\r\n<span class=\"text_mask\" style=\"background-color:#555;color:#555;border:1px solid #555;\">MyGO!!!!! Vo.<br />\r\n<br />\r\n羽丘女子学園の高校1年生。愛音とは同じクラス。MyGO!!!!!のボーカルと作詞を担当しており、彼女の歌は心の叫びそのもの。物事の感じ方が周りとズレており、他人の気持ちを汲み取るのは苦手。</span>','2000-11-22','羊宮妃那'),(236,'千早爱音','female','羽丘女子学園の高校1年生。成績優秀でコミュ力と行動力があり、中学時代はクラスの人気者で、生徒会長も務めていた。ミーハーな性格で流行っているものに手を出しがち。<br />\r\n<br />\r\n昵称是爱音或者爱音酱。<br />\r\n即使为了Live而进行的练习都很辛苦，爱音还是很努力去克服困难。<br />\r\n觉得立希很唠叨。<br />\r\n乐器：ESP ULTRATONE Anon Custom (See Thru Surf Green)<br />\r\n<br />\r\n<span class=\"text_mask\" style=\"background-color:#555;color:#555;border:1px solid #555;\">MyGO!!!!! Gt.<br />\r\n<br />\r\n羽丘女子学園の高校1年生。燈とは同じクラス。MyGO!!!!!のギターだけでなく、衣装やSNSも担当している。コミュ力と行動力があり、友人のために動くことができる。ミーハーで流行りものが好き。</span>','2000-09-08','立石凛'),(237,'要乐奈','female','花咲川女子学園の中学3年生。ライブハウス『RiNG』に神出鬼没に現れるエキセントリックガール。ギターの実力はかなりのもの。好きなものは好き、嫌いなものは嫌いとはっきりしている。抹茶が好き。<br />\r\n<br />\r\n因为觉得很有趣所以就加入了乐队。<br />\r\n对猫很有兴趣。<br />\r\n乐器：ESP POTBELLY Rāna Custom (Distressed See Thru Wine Red)<br />\r\n<br />\r\n<span class=\"text_mask\" style=\"background-color:#555;color:#555;border:1px solid #555;\">MyGO!!!!! Gt.<br />\r\n<br />\r\n花咲川女子学園の中学3年生。MyGO!!!!!のギターを担当。かつて有名なガールズバンドでギターを務めていた都築詩船の孫で、ギターの実力はかなりのもの。気ままにライブハウス『RiNG』を訪れたり、猫と遊んだりしている。</span>','2000-02-22','青木陽菜'),(238,'长崎爽世','female','月ノ森女子学園の高校1年生。吹奏楽部でコントラバスを担当している。いつも穏やかな雰囲気のお姉さん的存在。誰にでも優しく、周りから頼られることが多い。考え事をしながら指先をいじる癖がある。<br />\r\n<br />\r\n和才刚刚开始组乐队还没多久的大家一起快乐的努力着。<br />\r\n对于被灯说自己很温柔而感到很高兴。<br />\r\n乐器：ESP GB Soyo Custom (3 Tone Sunburst)<br />\r\n<br />\r\n<span class=\"text_mask\" style=\"background-color:#555;color:#555;border:1px solid #555;\">MyGO!!!!! Ba.<br />\r\n<br />\r\n月ノ森女子学園の高校1年生。睦とは同じクラス。MyGO!!!!!のベースを担当。吹奏楽部に所属しており、学校では部員のみならずクラスメイトにも頼られているお姉さん的存在。素性を知られているMyGO!!!!!のメンバーには、あまり気を遣わずに接している。</span>','2000-05-27','小日向美香'),(239,'椎名立希','female','花咲川女子学園の高校1年生。ひとりでいることが好きな一匹狼。ライブハウス『RiNG』のスタッフとしてアルバイトをしているが、接客は苦手。燈に甘い。4つ上の姉がいる。<br />\r\n<br />\r\n同时也负责作曲，在拿到灯的歌词以后，创作出切合她世界观的歌曲。<br />\r\n觉得灯的歌声很好听，歌词也很不错，LIVE也真的很棒。却不肯承认这一点。<br />\r\n乐器：Pearl Masters Maple Gum (Chrome Contrail)<br />\r\n<br />\r\n<span class=\"text_mask\" style=\"background-color:#555;color:#555;border:1px solid #555;\">MyGO!!!!! Dr.<br />\r\n<br />\r\n花咲川女子学園の高校1年生。初華、海鈴とは同じクラス。MyGO!!!!!ではドラムと作曲を担当。ぶっきらぼうではあるが、面倒見は良い。ライブハウス『RiNG』でアルバイトをしているが、接客は苦手。4つ上の姉がいる。</span>','2000-08-09','林鼓子'),(240,'三角初华','female','<span class=\"text_mask\" style=\"background-color:#555;color:#555;border:1px solid #555;\">真名：三角初音<br />\r\n纯假名：みすみ はつね<br />\r\n罗马字：Hatsune Misumi</span><br />\r\n<br />\r\n花咲川女子学園の高校1年生。海鈴、立希とは同じクラス。アイドルユニット「sumimi」のギター。sumimiの楽曲の作詞作曲は初華が担当している。クールな佇まいが人気。星を見ることが好き。<br />\r\n<span class=\"text_mask\" style=\"background-color:#555;color:#555;border:1px solid #555;\">祥子とは幼いころからの知り合いで、バンドへの勧誘に二つ返事で応えた。Ave Mujicaでは作詞を担当している。</span>','2000-06-26','佐々木李子'),(241,'若叶睦','female','月ノ森女子学園の高校1年生。元CRYCHICのメンバーでギターを担当していた。感情表現が乏しく、基本的には無口。父は人気お笑い芸人の若葉、母は女優の森みなみ。<br />\r\n<br />\r\n<span class=\"text_mask\" style=\"background-color:#555;color:#555;border:1px solid #555;\">Ave Mujica Gt.<br />\r\n<br />\r\n月ノ森女子学園の高校1年生。そよとは同じクラス。感情が表に出づらく、口下手だが、彼女なりに他人を気遣う一面も。父は人気お笑い芸人の若葉で、母は女優の森みなみ。また、祥子とは幼馴染である。幼少のころからギターを弾いており、腕は確かである。</span>','2000-01-14','渡瀬結月'),(242,'八幡海铃','female','花咲川女子学園の高校1年生。ベースの腕前はプロレベルで、サポートとして30のバンドを掛け持ちしている。立希とは同じクラスで、よくちょっかいをかけている。<br />\r\n<br />\r\n<span class=\"text_mask\" style=\"background-color:#555;color:#555;border:1px solid #555;\">Ave Mujica Ba.<br />\r\n<br />\r\n花咲川女子学園の高校1年生。初華、立希とは同じクラス。ベースの腕前はプロと遜色がなく、サポートとして30のバンドを掛け持つ。Ave Mujicaではメンバーのスケジュール調整など、裏方の作業をきっちりこなしている。</span>','2000-04-07','岡田夢以'),(243,'祐天寺若麦','female','「にゃむち」の愛称で人気上昇中の美容系動画投稿者。メイク動画がメインだが、「ドラムを叩いてみた」などのやってみた系など様々なジャンルに挑戦している。両利きでドラムの叩き方が派手で特殊。<br />\r\n<br />\r\n<span class=\"text_mask\" style=\"background-color:#555;color:#555;border:1px solid #555;\">Ave Mujica Dr.<br />\r\n<br />\r\n「にゃむち」の愛称で活動中の動画投稿者。メイク動画などの美容系をメインに投稿しているが、仕事の幅を広げるべく様々なジャンルに挑戦している。両利きで、ドラムの叩き方に華がある。</span>','2000-06-01','米澤茜'),(244,'丰川祥子','female','羽丘女子学園の高校1年生。元CRYCHICのメンバーで作曲とキーボードを担当していた。よく学校の音楽室でピアノを弾いている。<br />\r\n<br />\r\n<span class=\"text_mask\" style=\"background-color:#555;color:#555;border:1px solid #555;\">Ave Mujica Key.<br />\r\n<br />\r\n羽丘女子学園の高校1年生。豊川グループの令嬢であり、気品のある言葉遣いで話す。メンバー全員の人生を預かる覚悟でAve Mujicaを結成した。Ave Mujicaの世界観を守るべく、心血を注ぐ。</span>','2000-02-14','高尾奏音'),(245,'锦木千束','female','いつも笑顔で、明日より今日を楽しむ全力ガール♪<br />\r\n情にもろくて、騙されやすく、なんでも楽しんで、傷つかない。<br />\r\n寄り道、回り道、とトラブルが好物。<br />\r\n<br />\r\n実は歴代最強と称されるリコリス。<br />\r\nDAが対応しないような民間の困りごとを、楽しんで解決している。<br />\r\n喫茶リコリコでは、自称・看板娘として明るく元気に働いている。','2000-09-23','安済知佳'),(246,'井之上泷奈','female','結果主義のクールな性格の少女。<br />\r\n非合理な行いは大嫌い、なんでも無駄なくスマートに！<br />\r\nだけど世間知らずで、流行りに鈍感。千束に教わるアレコレに戸惑う毎日。<br />\r\n<br />\r\n優秀なリコリスだったが、ワケあって喫茶リコリコで働くことになる。<br />\r\n合理的で無駄を嫌う性格で、リコリスらしくない千束に不満を感じることも。<br />\r\nリコリコでの仕事で成果を出したいと思っている。','2000-08-02','若山詩音');
/*!40000 ALTER TABLE `role` ENABLE KEYS */;
UNLOCK TABLES;

--
-- Table structure for table `roleimage`
--

DROP TABLE IF EXISTS `roleimage`;
/*!40101 SET @saved_cs_client     = @@character_set_client */;
/*!50503 SET character_set_client = utf8mb4 */;
CREATE TABLE `roleimage` (
  `image_id` int NOT NULL AUTO_INCREMENT,
  `image_url` varchar(255) COLLATE utf8mb4_unicode_ci NOT NULL,
  `format` varchar(20) COLLATE utf8mb4_unicode_ci DEFAULT NULL,
  `is_downloaded` tinyint(1) DEFAULT '0',
  `local_path` varchar(255) COLLATE utf8mb4_unicode_ci DEFAULT NULL,
  `role_id` int NOT NULL,
  PRIMARY KEY (`image_id`),
  UNIQUE KEY `image_url` (`image_url`),
  KEY `role_id` (`role_id`),
  CONSTRAINT `roleimage_ibfk_1` FOREIGN KEY (`role_id`) REFERENCES `role` (`role_id`) ON DELETE CASCADE
) ENGINE=InnoDB AUTO_INCREMENT=247 DEFAULT CHARSET=utf8mb4 COLLATE=utf8mb4_unicode_ci;
/*!40101 SET character_set_client = @saved_cs_client */;

--
-- Dumping data for table `roleimage`
--

LOCK TABLES `roleimage` WRITE;
/*!40000 ALTER TABLE `roleimage` DISABLE KEYS */;
INSERT INTO `roleimage` VALUES (1,'//lain.bgm.tv/r/400/pic/crt/l/81/4d/72138_crt_mi200.jpg','jpg',0,NULL,1),(2,'//lain.bgm.tv/r/400/pic/crt/l/2e/b9/72139_crt_Ml1S1.jpg?r=1580228401','jpg',0,NULL,2),(3,'//lain.bgm.tv/r/400/pic/crt/l/1c/d1/72140_crt_gRobv.jpg?r=1581429379','jpg',0,NULL,3),(4,'//lain.bgm.tv/r/400/pic/crt/l/9e/72/66899_crt_kNOM3.jpg?r=1547389516','jpg',0,NULL,4),(5,'//lain.bgm.tv/r/400/pic/crt/l/ca/44/66900_crt_26nTL.jpg?r=1545567638','jpg',0,NULL,5),(6,'//lain.bgm.tv/r/400/pic/crt/l/38/34/67408_crt_ND0h8.jpg?r=1547508126','jpg',0,NULL,6),(7,'//lain.bgm.tv/r/400/pic/crt/l/17/ff/67409_crt_7MyY9.jpg?r=1545567685','jpg',0,NULL,7),(8,'//lain.bgm.tv/r/400/pic/crt/l/02/5a/69198_crt_9chtt.jpg?r=1590778597','jpg',0,NULL,8),(9,'//lain.bgm.tv/r/400/pic/crt/l/ec/fc/72801_crt_fqTF4.jpg','jpg',0,NULL,9),(10,'//lain.bgm.tv/r/400/pic/crt/l/25/9a/72802_crt_6XfmF.jpg','jpg',0,NULL,10),(11,'//lain.bgm.tv/r/400/pic/crt/l/01/67/72803_crt_IIH3M.jpg?r=1582627635','jpg',0,NULL,11),(12,'//lain.bgm.tv/r/400/pic/crt/l/4f/b2/72804_crt_gm4LN.jpg','jpg',0,NULL,12),(13,'//lain.bgm.tv/r/400/pic/crt/l/33/77/72805_crt_GKK87.jpg?r=1581990985','jpg',0,NULL,13),(14,'//lain.bgm.tv/r/400/pic/crt/l/e3/2f/18101_crt_343At.jpg?r=1410320023','jpg',0,NULL,14),(15,'//lain.bgm.tv/r/400/pic/crt/l/21/40/18102_crt_nVMeD.jpg?r=1700166918','jpg',0,NULL,15),(16,'//lain.bgm.tv/r/400/pic/crt/l/4a/67/19616_crt_88rMm.jpg?r=1410320151','jpg',0,NULL,16),(17,'//lain.bgm.tv/r/400/pic/crt/l/f3/e4/35607_crt_zL7e7.jpg?r=1587941914','jpg',0,NULL,17),(18,'//lain.bgm.tv/r/400/pic/crt/l/86/d4/35608_crt_3picp.jpg?r=1695696610','jpg',0,NULL,18),(19,'//lain.bgm.tv/r/400/pic/crt/l/65/55/74067_crt_mm24d.jpg?r=1576658078','jpg',0,NULL,19),(20,'//lain.bgm.tv/r/400/pic/crt/l/e5/0d/74068_crt_hvl56.jpg?r=1590217288','jpg',0,NULL,20),(21,'//lain.bgm.tv/r/400/pic/crt/l/c8/f1/3575_crt_F99OI.jpg?r=1559386543','jpg',0,NULL,21),(22,'//lain.bgm.tv/r/400/pic/crt/l/71/40/3576_crt_GBxMl.jpg?r=1643902567','jpg',0,NULL,22),(23,'//lain.bgm.tv/r/400/pic/crt/l/18/4d/8492_crt_FngwT.jpg?r=1580042313','jpg',0,NULL,23),(24,'//lain.bgm.tv/r/400/pic/crt/l/e5/5b/1937_crt_aGM1N.jpg?r=1598704585','jpg',0,NULL,24),(25,'//lain.bgm.tv/r/400/pic/crt/l/bd/00/17949_crt_lMZWM.jpg?r=1581188537','jpg',0,NULL,25),(26,'//lain.bgm.tv/r/400/pic/crt/l/d4/c7/42435_crt_J1TB2.jpg?r=1703253658','jpg',0,NULL,26),(27,'//lain.bgm.tv/r/400/pic/crt/l/66/f6/42452_crt_EHIzT.jpg?r=1625679646','jpg',0,NULL,27),(28,'//lain.bgm.tv/r/400/pic/crt/l/22/05/42649_crt_162dH.jpg?r=1687704687','jpg',0,NULL,28),(29,'//lain.bgm.tv/r/400/pic/crt/l/00/91/54177_crt_79D2E.jpg?r=1605617734','jpg',0,NULL,29),(30,'//lain.bgm.tv/r/400/pic/crt/l/0e/a0/54178_crt_EU8E8.jpg?r=1609281271','jpg',0,NULL,30),(31,'//lain.bgm.tv/r/400/pic/crt/l/da/4c/54179_crt_tJYhm.jpg?r=1687704468','jpg',0,NULL,31),(32,'//lain.bgm.tv/r/400/pic/crt/l/2a/93/54180_crt_Vy5BN.jpg?r=1625677678','jpg',0,NULL,32),(33,'//lain.bgm.tv/r/400/pic/crt/l/02/1b/54181_crt_iiU1Z.jpg?r=1600149114','jpg',0,NULL,33),(34,'//lain.bgm.tv/r/400/pic/crt/l/c9/e8/54182_crt_6ynhd.jpg?r=1600149198','jpg',0,NULL,34),(35,'//lain.bgm.tv/r/400/pic/crt/l/c2/da/85761_crt_07hC9.jpg?r=1622642251','jpg',0,NULL,35),(36,'//lain.bgm.tv/r/400/pic/crt/l/55/25/76552_crt_61LWL.jpg?r=1590317641','jpg',0,NULL,36),(37,'//lain.bgm.tv/r/400/pic/crt/l/02/81/76657_crt_AK2Uc.jpg?r=1591074737','jpg',0,NULL,37),(38,'//lain.bgm.tv/r/400/pic/crt/l/f0/9a/76689_crt_Q6vUF.jpg?r=1595823556','jpg',0,NULL,38),(39,'//lain.bgm.tv/r/400/pic/crt/l/ec/80/76690_crt_6JfCL.jpg?r=1613762881','jpg',0,NULL,39),(40,'//lain.bgm.tv/r/400/pic/crt/l/76/34/72096_crt_qLGuy.jpg?r=1712671880','jpg',0,NULL,40),(41,'//lain.bgm.tv/r/400/pic/crt/l/75/3c/72097_crt_t2TOz.jpg?r=1712671931','jpg',0,NULL,41),(42,'//lain.bgm.tv/r/400/pic/crt/l/87/0d/72098_crt_I1FFs.jpg?r=1712671969','jpg',0,NULL,42),(43,'//lain.bgm.tv/r/400/pic/crt/l/27/b8/2054_crt_Zpv82.jpg?r=1554891766','jpg',0,NULL,43),(44,'//lain.bgm.tv/r/400/pic/crt/l/95/c7/2050_crt_O5Z02.jpg?r=1555512310','jpg',0,NULL,44),(45,'//lain.bgm.tv/r/400/pic/crt/l/00/6f/13068_crt_5hUhq.jpg?r=1556120225','jpg',0,NULL,45),(46,'//lain.bgm.tv/r/400/pic/crt/l/5c/2d/2045_crt_lw3pN.jpg?r=1528122738','jpg',0,NULL,46),(47,'//lain.bgm.tv/r/400/pic/crt/l/50/81/15150_crt_eB14F.jpg?r=1604683240','jpg',0,NULL,47),(48,'//lain.bgm.tv/r/400/pic/crt/l/41/f3/13067_crt_1Wy11.jpg?r=1605207237','jpg',0,NULL,48),(49,'//lain.bgm.tv/r/400/pic/crt/l/34/b5/2086_crt_8n8fK.jpg?r=1606750142','jpg',0,NULL,49),(50,'//lain.bgm.tv/r/400/pic/crt/l/c5/b9/13071_crt_JtLIZ.jpg?r=1606750251','jpg',0,NULL,50),(51,'//lain.bgm.tv/r/400/pic/crt/l/cc/64/2039_crt_vwVDn.jpg?r=1609281225','jpg',0,NULL,51),(52,'//lain.bgm.tv/r/400/pic/crt/l/00/2b/13070_crt_tt38c.jpg?r=1528123013','jpg',0,NULL,52),(53,'//lain.bgm.tv/r/400/pic/crt/l/c5/06/2095_crt_0h1IG.jpg?r=1528123073','jpg',0,NULL,53),(54,'//lain.bgm.tv/r/400/pic/crt/l/70/04/2093_crt_aNLCN.jpg?r=1528123125','jpg',0,NULL,54),(55,'//lain.bgm.tv/r/400/pic/crt/l/2b/a4/46462_crt_bwGOt.jpg?r=1711026790','jpg',0,NULL,55),(56,'//lain.bgm.tv/r/400/pic/crt/l/68/c3/46463_crt_VG4MW.jpg?r=1720856667','jpg',0,NULL,56),(57,'//lain.bgm.tv/r/400/pic/crt/l/38/47/46464_crt_8p2O8.jpg?r=1618566413','jpg',0,NULL,57),(58,'//lain.bgm.tv/r/400/pic/crt/l/fe/d5/46465_crt_RNQeO.jpg?r=1613151588','jpg',0,NULL,58),(59,'//lain.bgm.tv/r/400/pic/crt/l/a6/59/56775_crt_m3s6U.jpg?r=1717694057','jpg',0,NULL,59),(60,'//lain.bgm.tv/r/400/pic/crt/l/05/38/56776_crt_o44o6.jpg?r=1717694307','jpg',0,NULL,60),(61,'//lain.bgm.tv/r/400/pic/crt/l/6d/27/56777_crt_Kwtk9.jpg?r=1717694217','jpg',0,NULL,61),(62,'//lain.bgm.tv/r/400/pic/crt/l/9b/d2/56778_crt_2uooA.jpg?r=1717694149','jpg',0,NULL,62),(63,'//lain.bgm.tv/r/400/pic/crt/l/8f/f6/56779_crt_lrgJJ.jpg?r=1717693990','jpg',0,NULL,63),(64,'//lain.bgm.tv/r/400/pic/crt/l/ce/64/21368_crt_oKN2k.jpg?r=1436302815','jpg',0,NULL,64),(65,'//lain.bgm.tv/r/400/pic/crt/l/35/1a/21369_crt_19I3g.jpg?r=1610998517','jpg',0,NULL,65),(66,'//lain.bgm.tv/r/400/pic/crt/l/d8/6e/21370_crt_Vrjlx.jpg?r=1437603053','jpg',0,NULL,66),(67,'//lain.bgm.tv/r/400/pic/crt/l/7a/3b/21371_crt_3cFQw.jpg?r=1438207786','jpg',0,NULL,67),(68,'//lain.bgm.tv/r/400/pic/crt/l/25/fc/27210_crt_cM76Q.jpg','jpg',0,NULL,68),(69,'//lain.bgm.tv/r/400/pic/crt/l/0b/00/27211_crt_TXfz5.jpg','jpg',0,NULL,69),(70,'//lain.bgm.tv/r/400/pic/crt/l/bd/71/27212_crt_P32u9.jpg','jpg',0,NULL,70),(71,'//lain.bgm.tv/r/400/pic/crt/l/6f/20/70036_crt_7ty0C.jpg','jpg',0,NULL,71),(72,'//lain.bgm.tv/r/400/pic/crt/l/3a/db/65980_crt_eg9Mh.jpg?r=1536563157','jpg',0,NULL,72),(73,'//lain.bgm.tv/r/400/pic/crt/l/6f/17/65981_crt_eGeOV.jpg?r=1539418849','jpg',0,NULL,73),(74,'//lain.bgm.tv/r/400/pic/crt/l/42/32/65982_crt_czZTY.jpg?r=1544204008','jpg',0,NULL,74),(75,'//lain.bgm.tv/r/400/pic/crt/l/15/02/65985_crt_Pdi63.jpg?r=1541221186','jpg',0,NULL,75),(76,'//lain.bgm.tv/r/400/pic/crt/l/c6/45/65986_crt_4cre2.jpg?r=1542780355','jpg',0,NULL,76),(77,'//lain.bgm.tv/r/400/pic/crt/l/53/f1/65987_crt_6ww94.jpg?r=1623211761','jpg',0,NULL,77),(78,'//lain.bgm.tv/r/400/pic/crt/l/db/eb/95041_crt_X0IEn.jpg?r=1625986281','jpg',0,NULL,78),(79,'//lain.bgm.tv/r/400/pic/crt/l/61/43/95042_crt_Q1qZz.jpg?r=1625986273','jpg',0,NULL,79),(80,'//lain.bgm.tv/r/400/pic/crt/l/37/71/88129_crt_eWVT9.jpg?r=1624171779','jpg',0,NULL,80),(81,'//lain.bgm.tv/r/400/pic/crt/l/e2/8f/88133_crt_1einY.jpg?r=1618104837','jpg',0,NULL,81),(82,'//lain.bgm.tv/r/400/pic/crt/l/55/1d/88130_crt_37H11.jpg?r=1617522223','jpg',0,NULL,82),(83,'//lain.bgm.tv/r/400/pic/crt/l/cb/50/88134_crt_Xp0MK.jpg?r=1624171853','jpg',0,NULL,83),(84,'//lain.bgm.tv/r/400/pic/crt/l/50/0f/88132_crt_xxXkB.jpg?r=1619859666','jpg',0,NULL,84),(85,'//lain.bgm.tv/r/400/pic/crt/l/7a/12/51183_crt_Rwra7.jpg','jpg',0,NULL,85),(86,'//lain.bgm.tv/r/400/pic/crt/l/8e/c6/51192_crt_3igGy.jpg','jpg',0,NULL,86),(87,'//lain.bgm.tv/r/400/pic/crt/l/1e/31/54488_crt_RjsJa.jpg?r=1723968644','jpg',0,NULL,87),(88,'//lain.bgm.tv/r/400/pic/crt/l/12/9d/54489_crt_rCc76.jpg?r=1723968630','jpg',0,NULL,88),(89,'//lain.bgm.tv/r/400/pic/crt/l/9e/f2/54490_crt_CSsiJ.jpg','jpg',0,NULL,89),(90,'//lain.bgm.tv/r/400/pic/crt/l/89/67/37114_crt_i2CI5.jpg','jpg',0,NULL,90),(91,'//lain.bgm.tv/r/400/pic/crt/l/7c/c7/37115_crt_yB5EM.jpg?r=1465897094','jpg',0,NULL,91),(92,'//lain.bgm.tv/r/400/pic/crt/l/6b/51/37116_crt_bRSOy.jpg?r=1465897250','jpg',0,NULL,92),(93,'//lain.bgm.tv/r/400/pic/crt/l/b5/06/37117_crt_2PiPd.jpg?r=1465897311','jpg',0,NULL,93),(94,'//lain.bgm.tv/r/400/pic/crt/l/c8/be/39727_crt_ausAp.jpg?r=1465897357','jpg',0,NULL,94),(95,'//lain.bgm.tv/r/400/pic/crt/l/0f/ac/18178_crt_Sx8vd.jpg?r=1534404377','jpg',0,NULL,95),(96,'//lain.bgm.tv/r/400/pic/crt/l/31/46/18179_crt_g2Nn2.jpg?r=1534404543','jpg',0,NULL,96),(97,'//lain.bgm.tv/r/400/pic/crt/l/1d/b2/18180_crt_66T1B.jpg?r=1531931893','jpg',0,NULL,97),(98,'//lain.bgm.tv/r/400/pic/crt/l/e2/69/18181_crt_LLEzx.jpg?r=1532417569','jpg',0,NULL,98),(99,'//lain.bgm.tv/r/400/pic/crt/l/9c/08/28392_crt_6rcHN.jpg?r=1668534126','jpg',0,NULL,99),(100,'//lain.bgm.tv/r/400/pic/crt/l/c8/7c/41849_crt_14M60.jpg?r=1645970420','jpg',0,NULL,100),(101,'//lain.bgm.tv/r/400/pic/crt/l/2e/73/41850_crt_i9SqS.jpg','jpg',0,NULL,101),(102,'//lain.bgm.tv/r/400/pic/crt/l/5c/56/3320_crt_aUCFm.jpg?r=1660568687','jpg',0,NULL,102),(103,'//lain.bgm.tv/r/400/pic/crt/l/11/f6/4363_crt_QZDQq.jpg?r=1660571014','jpg',0,NULL,103),(104,'//lain.bgm.tv/r/400/pic/crt/l/97/5f/4366_crt_LtiT2.jpg?r=1660568804','jpg',0,NULL,104),(105,'//lain.bgm.tv/r/400/pic/crt/l/1d/23/4364_crt_RA1ya.jpg?r=1660568855','jpg',0,NULL,105),(106,'//lain.bgm.tv/r/400/pic/crt/l/06/32/4365_crt_zLLMH.jpg?r=1660568905','jpg',0,NULL,106),(107,'//lain.bgm.tv/r/400/pic/crt/l/3b/c9/100856_crt_6ys2D.jpg?r=1649282857','jpg',0,NULL,107),(108,'//lain.bgm.tv/r/400/pic/crt/l/c3/9d/100857_crt_vaJNj.jpg?r=1649882222','jpg',0,NULL,108),(109,'//lain.bgm.tv/r/400/pic/crt/l/48/cf/70609_crt_XhpLz.jpg?r=1566723140','jpg',0,NULL,109),(110,'//lain.bgm.tv/r/400/pic/crt/l/01/ab/70610_crt_89c80.jpg?r=1566723200','jpg',0,NULL,110),(111,'//lain.bgm.tv/r/400/pic/crt/l/33/4d/70611_crt_lt3u4.jpg?r=1566723246','jpg',0,NULL,111),(112,'//lain.bgm.tv/r/400/pic/crt/l/fd/63/70612_crt_hB8Ld.jpg?r=1566723330','jpg',0,NULL,112),(113,'//lain.bgm.tv/r/400/pic/crt/l/11/f6/103564_crt_yI0uS.jpg?r=1638721509','jpg',0,NULL,113),(114,'//lain.bgm.tv/r/400/pic/crt/l/0d/6a/91664_crt_PiiZp.jpg?r=1651442550','jpg',0,NULL,114),(115,'//lain.bgm.tv/r/400/pic/crt/l/dd/95/91665_crt_v81de.jpg?r=1650334893','jpg',0,NULL,115),(116,'//lain.bgm.tv/r/400/pic/crt/l/fc/bd/102530_crt_PQ3YN.jpg?r=1636653385','jpg',0,NULL,116),(117,'//lain.bgm.tv/r/400/pic/crt/l/bc/09/102485_crt_Wwr4n.jpg?r=1636569749','jpg',0,NULL,117),(118,'//lain.bgm.tv/r/400/pic/crt/l/9c/97/102486_crt_2HhlI.jpg?r=1657792111','jpg',0,NULL,118),(119,'//lain.bgm.tv/r/400/pic/crt/l/a9/0d/71477_crt_Gg8D9.jpg?r=1651051630','jpg',0,NULL,119),(120,'//lain.bgm.tv/r/400/pic/crt/l/59/12/71478_crt_pp27D.jpg?r=1651051658','jpg',0,NULL,120),(121,'//lain.bgm.tv/r/400/pic/crt/l/3d/a6/71479_crt_8kddn.jpg?r=1651051690','jpg',0,NULL,121),(122,'//lain.bgm.tv/r/400/pic/crt/l/34/ba/87547_crt_ESwQf.jpg?r=1606415933','jpg',0,NULL,122),(123,'//lain.bgm.tv/r/400/pic/crt/l/18/43/18565_crt_1W9l4.jpg?r=1642336645','jpg',0,NULL,123),(124,'//lain.bgm.tv/r/400/pic/crt/l/ef/ff/18566_crt_t6XdK.jpg?r=1642336723','jpg',0,NULL,124),(125,'//lain.bgm.tv/r/400/pic/crt/l/ba/45/19140_crt_b2HZv.jpg?r=1642960629','jpg',0,NULL,125),(126,'//lain.bgm.tv/r/400/pic/crt/l/96/70/19141_crt_fh53v.jpg?r=1643593008','jpg',0,NULL,126),(127,'//lain.bgm.tv/r/400/pic/crt/l/d7/af/19188_crt_J7fBs.jpg','jpg',0,NULL,127),(128,'//lain.bgm.tv/r/400/pic/crt/l/47/38/20310_crt_yM1Ly.jpg','jpg',0,NULL,128),(129,'//lain.bgm.tv/r/400/pic/crt/l/a9/12/62966_crt_eoESE.jpg?r=1638343110','jpg',0,NULL,129),(130,'//lain.bgm.tv/r/400/pic/crt/l/35/9f/62967_crt_6Ii1u.jpg?r=1675259636','jpg',0,NULL,130),(131,'//lain.bgm.tv/r/400/pic/crt/l/79/4d/62968_crt_pjh4T.jpg?r=1675259610','jpg',0,NULL,131),(132,'//lain.bgm.tv/r/400/pic/crt/l/b5/b6/86246_crt_VexxG.jpg?r=1696587402','jpg',0,NULL,132),(133,'//lain.bgm.tv/r/400/pic/crt/l/38/6d/86247_crt_C8831.jpg?r=1692974235','jpg',0,NULL,133),(134,'//lain.bgm.tv/r/400/pic/crt/l/de/de/89182_crt_55gBE.jpg?r=1692974577','jpg',0,NULL,134),(135,'//lain.bgm.tv/r/400/pic/crt/l/63/0a/88208_crt_mm77H.jpg?r=1692974287','jpg',0,NULL,135),(136,'//lain.bgm.tv/r/400/pic/crt/l/ff/51/89183_crt_f0212.jpg?r=1692974645','jpg',0,NULL,136),(137,'//lain.bgm.tv/r/400/pic/crt/l/f3/f8/89184_crt_e6Jj7.jpg?r=1692974662','jpg',0,NULL,137),(138,'//lain.bgm.tv/r/400/pic/crt/l/59/cc/90574_crt_B10QC.jpg?r=1682860011','jpg',0,NULL,138),(139,'//lain.bgm.tv/r/400/pic/crt/l/69/9b/123909_crt_UouUd.jpg?r=1675669301','jpg',0,NULL,139),(140,'//lain.bgm.tv/r/400/pic/crt/l/80/34/121062_crt_Nz3ZG.jpg?r=1716563239','jpg',0,NULL,140),(141,'//lain.bgm.tv/r/400/pic/crt/l/a0/28/35468_crt_93Lng.jpg?r=1688636456','jpg',0,NULL,141),(142,'//lain.bgm.tv/r/400/pic/crt/l/1e/a9/35277_crt_V6yKj.jpg?r=1688968900','jpg',0,NULL,142),(143,'//lain.bgm.tv/r/400/pic/crt/l/44/d8/28580_crt_V4522.jpg?r=1682438140','jpg',0,NULL,143),(144,'//lain.bgm.tv/r/400/pic/crt/l/4e/de/39067_crt_lGhKn.jpg','jpg',0,NULL,144),(145,'//lain.bgm.tv/r/400/pic/crt/l/c7/21/39226_crt_m4r3Q.jpg','jpg',0,NULL,145),(146,'//lain.bgm.tv/r/400/pic/crt/l/e8/af/36220_crt_2vVZj.jpg','jpg',0,NULL,146),(147,'//lain.bgm.tv/r/400/pic/crt/l/81/0e/36222_crt_mYjJt.jpg','jpg',0,NULL,147),(148,'//lain.bgm.tv/r/400/pic/crt/l/45/0c/34662_crt_QN2U6.jpg','jpg',0,NULL,148),(149,'//lain.bgm.tv/r/400/pic/crt/l/8f/69/45923_crt_osDGb.jpg','jpg',0,NULL,149),(150,'//lain.bgm.tv/r/400/pic/crt/l/27/14/53685_crt_o1QQQ.jpg?r=1680782461','jpg',0,NULL,150),(151,'//lain.bgm.tv/r/400/pic/crt/l/de/73/112103_crt_fm3Yt.jpg?r=1675666366','jpg',0,NULL,151),(152,'//lain.bgm.tv/r/400/pic/crt/l/bf/3f/112104_crt_R6U56.jpg?r=1675666391','jpg',0,NULL,152),(153,'//lain.bgm.tv/r/400/pic/crt/l/7d/97/58444_crt_YE77B.jpg?r=1672572354','jpg',0,NULL,153),(154,'//lain.bgm.tv/r/400/pic/crt/l/8e/01/58445_crt_AaAK3.jpg?r=1673433150','jpg',0,NULL,154),(155,'//lain.bgm.tv/r/400/pic/crt/l/c5/3a/102125_crt_I1eZN.jpg?r=1674520069','jpg',0,NULL,155),(156,'//lain.bgm.tv/r/400/pic/crt/l/71/cc/102126_crt_aJfCA.jpg?r=1674520085','jpg',0,NULL,156),(157,'//lain.bgm.tv/r/400/pic/crt/l/1f/58/67403_crt_sslKQ.jpg?r=1562399191','jpg',0,NULL,157),(158,'//lain.bgm.tv/r/400/pic/crt/l/c3/7b/70124_crt_4T4te.jpg?r=1566020330','jpg',0,NULL,158),(159,'//lain.bgm.tv/r/400/pic/crt/l/07/c0/103922_crt_gMLoD.jpg','jpg',0,NULL,159),(160,'//lain.bgm.tv/r/400/pic/crt/l/38/2f/70123_crt_pPv66.jpg?r=1566020380','jpg',0,NULL,160),(161,'//lain.bgm.tv/r/400/pic/crt/l/69/29/126610_crt_O2Zpv.jpg?r=1717851307','jpg',0,NULL,161),(162,'//lain.bgm.tv/r/400/pic/crt/l/e6/c6/126612_crt_N87S4.jpg?r=1704905145','jpg',0,NULL,162),(163,'//lain.bgm.tv/r/400/pic/crt/l/cb/9e/126611_crt_084B0.jpg?r=1702801741','jpg',0,NULL,163),(164,'//lain.bgm.tv/r/400/pic/crt/l/88/67/132521_crt_Ejjeu.jpg?r=1700148665','jpg',0,NULL,164),(165,'//lain.bgm.tv/r/400/pic/crt/l/82/40/132525_crt_ITw9e.jpg?r=1688127897','jpg',0,NULL,165),(166,'//lain.bgm.tv/r/400/pic/crt/l/4b/e4/132529_crt_556eK.jpg?r=1688128102','jpg',0,NULL,166),(167,'//lain.bgm.tv/r/400/pic/crt/l/81/df/143424_crt_6kt3N.jpg?r=1701615434','jpg',0,NULL,167),(168,'//lain.bgm.tv/r/400/pic/crt/l/7d/6d/107687_crt_F35vE.jpg?r=1735656089','jpg',0,NULL,168),(169,'//lain.bgm.tv/r/400/pic/crt/l/60/83/38176_crt_ZGC1o.jpg?r=1735656221','jpg',0,NULL,169),(170,'//lain.bgm.tv/r/400/pic/crt/l/1a/f0/50143_crt_2D16i.jpg?r=1735656297','jpg',0,NULL,170),(171,'//lain.bgm.tv/r/400/pic/crt/l/db/ca/1227_crt_Dq9kZ.jpg?r=1498989532','jpg',0,NULL,171),(172,'//lain.bgm.tv/r/400/pic/crt/l/7d/45/29849_crt_ZK416.jpg?r=1520326762','jpg',0,NULL,172),(173,'//lain.bgm.tv/r/400/pic/crt/l/58/57/36278_crt_yA0q8.jpg','jpg',0,NULL,173),(174,'//lain.bgm.tv/r/400/pic/crt/l/16/b2/36286_crt_swzeJ.jpg','jpg',0,NULL,174),(175,'//lain.bgm.tv/r/400/pic/crt/l/a2/5b/36302_crt_xci68.jpg','jpg',0,NULL,175),(176,'//lain.bgm.tv/r/400/pic/crt/l/72/df/35278_crt_V3IvI.jpg','jpg',0,NULL,176),(177,'//lain.bgm.tv/r/400/pic/crt/l/d5/1b/35280_crt_5ZL6h.jpg','jpg',0,NULL,177),(178,'//lain.bgm.tv/r/400/pic/crt/l/91/9c/36279_crt_4hlH8.jpg','jpg',0,NULL,178),(179,'//lain.bgm.tv/r/400/pic/crt/l/4a/8e/36280_crt_Yc3my.jpg','jpg',0,NULL,179),(180,'//lain.bgm.tv/r/400/pic/crt/l/f4/22/36281_crt_8k111.jpg','jpg',0,NULL,180),(181,'//lain.bgm.tv/r/400/pic/crt/l/90/ca/36282_crt_HQ86s.jpg','jpg',0,NULL,181),(182,'//lain.bgm.tv/r/400/pic/crt/l/d2/b9/36283_crt_yYc6c.jpg','jpg',0,NULL,182),(183,'//lain.bgm.tv/r/400/pic/crt/l/16/3c/36284_crt_Ec8NU.jpg','jpg',0,NULL,183),(184,'//lain.bgm.tv/r/400/pic/crt/l/47/46/36285_crt_P5l9p.jpg','jpg',0,NULL,184),(185,'//lain.bgm.tv/r/400/pic/crt/l/8b/b4/36287_crt_IIzI1.jpg?r=1739577091','jpg',0,NULL,185),(186,'//lain.bgm.tv/r/400/pic/crt/l/68/12/36288_crt_z5UuU.jpg','jpg',0,NULL,186),(187,'//lain.bgm.tv/r/400/pic/crt/l/18/d0/36289_crt_66k9p.jpg?r=1560670417','jpg',0,NULL,187),(188,'//lain.bgm.tv/r/400/pic/crt/l/ca/cf/36290_crt_aKIIc.jpg','jpg',0,NULL,188),(189,'//lain.bgm.tv/r/400/pic/crt/l/b0/f6/36291_crt_H1HRU.jpg','jpg',0,NULL,189),(190,'//lain.bgm.tv/r/400/pic/crt/l/18/da/36292_crt_fkN6t.jpg','jpg',0,NULL,190),(191,'//lain.bgm.tv/r/400/pic/crt/l/55/ee/36293_crt_9qZQS.jpg','jpg',0,NULL,191),(192,'//lain.bgm.tv/r/400/pic/crt/l/0a/9a/36294_crt_7w2Bb.jpg','jpg',0,NULL,192),(193,'//lain.bgm.tv/r/400/pic/crt/l/4c/86/36295_crt_qfWiw.jpg','jpg',0,NULL,193),(194,'//lain.bgm.tv/r/400/pic/crt/l/d0/41/36296_crt_OlGfB.jpg','jpg',0,NULL,194),(195,'//lain.bgm.tv/r/400/pic/crt/l/01/22/36297_crt_mjjxz.jpg','jpg',0,NULL,195),(196,'//lain.bgm.tv/r/400/pic/crt/l/91/15/36298_crt_E5nc9.jpg','jpg',0,NULL,196),(197,'//lain.bgm.tv/r/400/pic/crt/l/02/68/36299_crt_freeR.jpg','jpg',0,NULL,197),(198,'//lain.bgm.tv/r/400/pic/crt/l/5f/d1/36300_crt_LJS2z.jpg','jpg',0,NULL,198),(199,'//lain.bgm.tv/r/400/pic/crt/l/89/ff/36303_crt_rK2uX.jpg','jpg',0,NULL,199),(200,'//lain.bgm.tv/r/400/pic/crt/l/4b/18/36304_crt_kRg0g.jpg','jpg',0,NULL,200),(201,'//lain.bgm.tv/r/400/pic/crt/l/08/22/36306_crt_B6Hrz.jpg','jpg',0,NULL,201),(202,'//lain.bgm.tv/r/400/pic/crt/l/f9/2a/36307_crt_9Vj9m.jpg','jpg',0,NULL,202),(203,'//lain.bgm.tv/r/400/pic/crt/l/91/64/36309_crt_L5beo.jpg','jpg',0,NULL,203),(204,'//lain.bgm.tv/r/400/pic/crt/l/de/60/36310_crt_Pvw8r.jpg','jpg',0,NULL,204),(205,'//lain.bgm.tv/r/400/pic/crt/l/f1/a7/36311_crt_r0AQh.jpg?r=1473782484','jpg',0,NULL,205),(206,'//lain.bgm.tv/r/400/pic/crt/l/f2/20/36313_crt_IaIis.jpg','jpg',0,NULL,206),(207,'//lain.bgm.tv/r/400/pic/crt/l/a2/fc/36314_crt_XCKtZ.jpg','jpg',0,NULL,207),(208,'//lain.bgm.tv/r/400/pic/crt/l/4d/80/36315_crt_hCuA0.jpg','jpg',0,NULL,208),(209,'//lain.bgm.tv/r/400/pic/crt/l/c5/96/36316_crt_7pazo.jpg','jpg',0,NULL,209),(210,'//lain.bgm.tv/r/400/pic/crt/l/39/22/54536_crt_a8YAD.jpg?r=1738230900','jpg',0,NULL,210),(211,'//lain.bgm.tv/r/400/pic/crt/l/c4/e5/54537_crt_71V3A.jpg','jpg',0,NULL,211),(212,'//lain.bgm.tv/r/400/pic/crt/l/2a/71/126116_crt_8e7SE.jpg','jpg',0,NULL,212),(213,'//lain.bgm.tv/r/400/pic/crt/l/d0/c6/5922_crt_GZv8r.jpg?r=1507817334','jpg',0,NULL,213),(214,'//lain.bgm.tv/r/400/pic/crt/l/fa/7c/5923_crt_GWWO9.jpg?r=1522073263','jpg',0,NULL,214),(215,'//lain.bgm.tv/r/400/pic/crt/l/bf/b1/5924_crt_7H7BM.jpg?r=1509628889','jpg',0,NULL,215),(216,'//lain.bgm.tv/r/400/pic/crt/l/5d/33/5925_crt_yxyoO.jpg?r=1514883353','jpg',0,NULL,216),(217,'//lain.bgm.tv/r/400/pic/crt/l/3d/0e/5926_crt_pO05B.jpg?r=1546755001','jpg',0,NULL,217),(218,'//lain.bgm.tv/r/400/pic/crt/l/ee/6f/5927_crt_HxxUZ.jpg?r=1522073196','jpg',0,NULL,218),(219,'//lain.bgm.tv/r/400/pic/crt/l/ed/41/5928_crt_Q77Qa.jpg?r=1513506057','jpg',0,NULL,219),(220,'//lain.bgm.tv/r/400/pic/crt/l/56/97/7191_crt_QQWdX.jpg?r=1508299892','jpg',0,NULL,220),(221,'//lain.bgm.tv/r/400/pic/crt/l/e8/ed/7192_crt_E53e2.jpg?r=1510051383','jpg',0,NULL,221),(222,'//lain.bgm.tv/r/400/pic/crt/l/41/10/7193_crt_k7tb7.jpg?r=1507817193','jpg',0,NULL,222),(223,'//lain.bgm.tv/r/400/pic/crt/l/82/db/10753_crt_V9wc8.jpg?r=1507577421','jpg',0,NULL,223),(224,'//lain.bgm.tv/r/400/pic/crt/l/04/a9/10754_crt_7vZ5J.jpg?r=1507527205','jpg',0,NULL,224),(225,'//lain.bgm.tv/r/400/pic/crt/l/e1/fc/10756_crt_cVYwd.jpg?r=1507577068','jpg',0,NULL,225),(226,'//lain.bgm.tv/r/400/pic/crt/l/6d/f1/23647_crt_tb7XE.jpg?r=1610919377','jpg',0,NULL,226),(227,'//lain.bgm.tv/r/400/pic/crt/l/d4/54/23648_crt_cIzBF.jpg?r=1610919693','jpg',0,NULL,227),(228,'//lain.bgm.tv/r/400/pic/crt/l/1b/cb/23649_crt_66u31.jpg?r=1610919870','jpg',0,NULL,228),(229,'//lain.bgm.tv/r/400/pic/crt/l/81/ac/23650_crt_J4y0a.jpg?r=1610920008','jpg',0,NULL,229),(230,'//lain.bgm.tv/r/400/pic/crt/l/ed/cc/23651_crt_Tox27.jpg?r=1610920213','jpg',0,NULL,230),(231,'//lain.bgm.tv/r/400/pic/crt/l/b4/ee/111327_crt_riSn3.jpg?r=1720856409','jpg',0,NULL,231),(232,'//lain.bgm.tv/r/400/pic/crt/l/87/fc/111328_crt_a1d38.jpg?r=1730807180','jpg',0,NULL,232),(233,'//lain.bgm.tv/r/400/pic/crt/l/95/e0/111329_crt_BzWQM.jpg?r=1720895606','jpg',0,NULL,233),(234,'//lain.bgm.tv/r/400/pic/crt/l/8e/66/111330_crt_P83p5.jpg?r=1723560941','jpg',0,NULL,234),(235,'//lain.bgm.tv/r/400/pic/crt/l/d8/94/127790_crt_PXTGX.jpg?r=1743677574','jpg',0,NULL,235),(236,'//lain.bgm.tv/r/400/pic/crt/l/87/3b/127791_crt_pOtpZ.jpg?r=1738746794','jpg',0,NULL,236),(237,'//lain.bgm.tv/r/400/pic/crt/l/c2/a9/127792_crt_u2A5g.jpg?r=1743677729','jpg',0,NULL,237),(238,'//lain.bgm.tv/r/400/pic/crt/l/32/2d/127793_crt_ueDx9.jpg?r=1738746626','jpg',0,NULL,238),(239,'//lain.bgm.tv/r/400/pic/crt/l/9e/e9/127794_crt_XCSfZ.jpg?r=1743677672','jpg',0,NULL,239),(240,'//lain.bgm.tv/r/400/pic/crt/l/4a/21/132479_crt_7L45U.jpg?r=1695456121','jpg',0,NULL,240),(241,'//lain.bgm.tv/r/400/pic/crt/l/24/fc/132477_crt_kQQ0H.jpg?r=1693247224','jpg',0,NULL,241),(242,'//lain.bgm.tv/r/400/pic/crt/l/dc/55/132924_crt_v5pi9.jpg?r=1695220853','jpg',0,NULL,242),(243,'//lain.bgm.tv/r/400/pic/crt/l/ad/b9/133285_crt_A0KXz.jpg?r=1738033871','jpg',0,NULL,243),(244,'//lain.bgm.tv/r/400/pic/crt/l/ae/84/132476_crt_718yQ.jpg?r=1695456241','jpg',0,NULL,244),(245,'//lain.bgm.tv/r/400/pic/crt/l/64/38/108663_crt_jS7Xi.jpg?r=1694954338','jpg',0,NULL,245),(246,'//lain.bgm.tv/r/400/pic/crt/l/5e/a4/108664_crt_0ZBrr.jpg?r=1694954337','jpg',0,NULL,246);
/*!40000 ALTER TABLE `roleimage` ENABLE KEYS */;
UNLOCK TABLES;

--
-- Table structure for table `rolesourcerelation`
--

DROP TABLE IF EXISTS `rolesourcerelation`;
/*!40101 SET @saved_cs_client     = @@character_set_client */;
/*!50503 SET character_set_client = utf8mb4 */;
CREATE TABLE `rolesourcerelation` (
  `role_id` int NOT NULL,
  `source_id` int NOT NULL,
  PRIMARY KEY (`role_id`,`source_id`),
  KEY `idx_rolesourcerelation_source_role` (`source_id`,`role_id`),
  CONSTRAINT `rolesourcerelation_ibfk_1` FOREIGN KEY (`role_id`) REFERENCES `role` (`role_id`) ON DELETE CASCADE,
  CONSTRAINT `rolesourcerelation_ibfk_2` FOREIGN KEY (`source_id`) REFERENCES `source` (`source_id`) ON DELETE CASCADE
) ENGINE=InnoDB DEFAULT CHARSET=utf8mb4 COLLATE=utf8mb4_unicode_ci;
/*!40101 SET character_set_client = @saved_cs_client */;

--
-- Dumping data for table `rolesourcerelation`
--

LOCK TABLES `rolesourcerelation` WRITE;
/*!40000 ALTER TABLE `rolesourcerelation` DISABLE KEYS */;
INSERT INTO `rolesourcerelation` VALUES (1,1),(2,1),(3,1),(4,2),(4,3),(4,4),(5,2),(5,3),(5,4),(6,2),(6,3),(6,4),(7,2),(7,3),(7,4),(8,3),(8,4),(9,5),(10,5),(11,5),(12,5),(13,5),(14,6),(15,6),(16,6),(17,7),(17,8),(18,7),(18,8),(19,9),(20,9),(21,10),(22,10),(23,10),(24,10),(25,10),(26,11),(27,11),(28,11),(29,11),(30,11),(31,11),(32,11),(33,11),(34,11),(35,11),(36,12),(37,12),(38,12),(39,12),(40,13),(41,13),(42,13),(43,14),(44,14),(45,14),(46,14),(47,14),(48,14),(49,14),(50,14),(51,14),(52,14),(53,14),(54,14),(55,15),(55,16),(55,17),(55,18),(56,15),(56,16),(56,17),(56,18),(57,15),(57,16),(58,15),(58,16),(58,18),(59,19),(60,19),(61,19),(62,19),(63,19),(64,20),(65,20),(66,20),(67,20),(68,21),(69,21),(70,21),(71,21),(72,22),(73,22),(74,22),(75,22),(76,22),(77,22),(78,23),(79,23),(80,24),(81,24),(82,24),(83,24),(84,24),(85,25),(86,25),(87,25),(88,25),(89,25),(90,26),(91,26),(92,26),(93,26),(94,26),(95,27),(96,27),(97,27),(98,27),(99,27),(100,28),(101,28),(102,29),(103,29),(104,29),(105,29),(106,29),(107,30),(108,30),(109,31),(110,31),(111,31),(112,31),(113,32),(114,33),(115,33),(116,33),(117,34),(118,34),(119,35),(119,36),(119,50),(120,35),(120,36),(120,50),(121,35),(121,36),(121,50),(122,36),(122,50),(123,37),(124,37),(125,37),(126,37),(127,37),(128,37),(129,38),(130,38),(131,38),(132,39),(133,39),(134,39),(135,39),(136,39),(137,39),(138,40),(139,40),(140,41),(141,42),(142,42),(143,42),(144,42),(145,42),(146,42),(147,42),(148,42),(149,42),(150,42),(151,43),(152,43),(153,44),(154,44),(155,45),(156,45),(157,46),(158,46),(159,46),(160,46),(161,47),(162,47),(163,47),(164,47),(165,47),(166,47),(167,47),(168,48),(169,48),(170,48),(171,48),(172,48),(173,49),(174,49),(175,49),(176,49),(177,49),(178,49),(179,49),(180,49),(181,49),(182,49),(183,49),(184,49),(185,49),(186,49),(187,49),(188,49),(189,49),(190,49),(191,49),(192,49),(193,49),(194,49),(195,49),(196,49),(197,49),(198,49),(199,49),(200,49),(201,49),(202,49),(203,49),(204,49),(205,49),(206,49),(207,49),(208,49),(209,49),(210,49),(211,49),(212,49),(213,49),(214,49),(215,49),(216,49),(217,49),(218,49),(219,49),(220,49),(221,49),(222,49),(223,49),(224,49),(225,49),(226,51),(226,52),(227,51),(227,52),(228,51),(228,52),(229,51),(229,52),(230,51),(230,52),(231,53),(232,53),(233,53),(234,53),(235,54),(236,54),(237,54),(238,54),(239,54),(240,55),(241,55),(242,55),(243,55),(244,55),(245,56),(246,56);
/*!40000 ALTER TABLE `rolesourcerelation` ENABLE KEYS */;
UNLOCK TABLES;

--
-- Table structure for table `roletag`
--

DROP TABLE IF EXISTS `roletag`;
/*!40101 SET @saved_cs_client     = @@character_set_client */;
/*!50503 SET character_set_client = utf8mb4 */;
CREATE TABLE `roletag` (
  `tag_id` int NOT NULL AUTO_INCREMENT,
  `tag` char(20) COLLATE utf8mb4_unicode_ci NOT NULL,
  `num` int NOT NULL,
  PRIMARY KEY (`tag_id`),
  UNIQUE KEY `tag` (`tag`),
  KEY `idx_roletag_tag` (`tag`)
) ENGINE=InnoDB AUTO_INCREMENT=901 DEFAULT CHARSET=utf8mb4 COLLATE=utf8mb4_unicode_ci;
/*!40101 SET character_set_client = @saved_cs_client */;

--
-- Dumping data for table `roletag`
--

LOCK TABLES `roletag` WRITE;
/*!40000 ALTER TABLE `roletag` DISABLE KEYS */;
INSERT INTO `roletag` VALUES (1,'社交恐惧症',4),(2,'玩偶',4),(3,'好奇',2),(4,'画师',1),(5,'中二病',6),(6,'大小姐',21),(7,'模特',3),(8,'同班同学',5),(9,'眼镜',10),(10,'雀斑',2),(11,'中分',6),(12,'学生会副会长',2),(13,'冰美人',9),(14,'黑色及膝袜',3),(15,'腹黑',15),(16,'长鬓角',15),(17,'实妹',4),(18,'贫乳',22),(19,'醋缸',11),(20,'环形辫',2),(21,'温柔',29),(22,'发带',1),(23,'口嫌体正直',3),(24,'妹妹',15),(25,'幼儿退行',1),(26,'傲娇',30),(27,'猫耳',5),(28,'黑长直',10),(29,'高中生',39),(30,'摄影师',1),(31,'天才',18),(32,'学姐',9),(33,'天然萌',15),(34,'妈妈',7),(35,'妄想',5),(36,'身份差异恋',2),(37,'病娇',3),(38,'颜艺',18),(39,'私生子女',3),(40,'怪力女',8),(41,'弓道部',1),(42,'脑内会议',1),(43,'凶恶脸',1),(44,'怕虫子',3),(45,'老好人',9),(46,'旱鸭子',6),(47,'哥哥',5),(48,'咖啡依赖症',1),(49,'学生会长',5),(50,'贫穷',5),(51,'料理达人',15),(52,'三白眼',9),(53,'努力',1),(54,'音痴',2),(55,'反差萌',26),(56,'短发',33),(57,'学兰',3),(58,'优等生',29),(59,'黑眼圈',2),(60,'元气',47),(61,'治愈系',11),(62,'KY',3),(63,'天然黑',5),(64,'钢琴',7),(65,'日本首相',1),(66,'齐刘海',16),(67,'母亲',3),(68,'劳模',2),(69,'孩子气',2),(70,'学生会书记',1),(71,'女神系',2),(72,'蝴蝶结',8),(73,'装傻',3),(74,'粉切黑',2),(75,'不怕',1),(76,'抢戏',3),(77,'小天使',15),(78,'巨乳',42),(79,'卷发',20),(80,'害怕',1),(81,'真男人',4),(82,'乌鸦嘴',1),(83,'妹妹头',7),(84,'宅男',2),(85,'遮眼发',9),(86,'学生会会计',1),(87,'败犬',5),(88,'偏科生',3),(89,'基友',1),(90,'女装',6),(91,'学弟',1),(92,'耳机',2),(93,'风纪委员',3),(94,'开门王',1),(95,'幼儿体型',8),(96,'吃货',13),(97,'萝莉',36),(98,'天然呆',18),(99,'光头',1),(100,'小恶魔系',9),(101,'下双马尾',7),(102,'大胃王',5),(103,'袖章',3),(104,'连裤袜',10),(105,'隐藏巨乳',7),(106,'脑补',1),(107,'辫子',4),(108,'绅士',3),(109,'披风',6),(110,'带孝子',1),(111,'烟枪',1),(112,'剑士',1),(113,'伤疤',3),(114,'冒险者',4),(115,'儿子',3),(116,'糟糕',4),(117,'射手',1),(118,'金发碧眼',9),(119,'尖耳朵',3),(120,'弓',1),(121,'魔法',1),(122,'精灵',1),(123,'合法正太',2),(124,'扶她',1),(125,'布鲁玛',2),(126,'天真无邪',6),(127,'长直',12),(128,'打工族',4),(129,'连衣裙',2),(130,'光环',1),(131,'天使',1),(132,'翅膀',2),(133,'半身人',1),(134,'豆眉',1),(135,'兽耳',1),(136,'豆豆眼',2),(137,'抖S',2),(138,'腮红',1),(139,'动物足',1),(140,'亚人',1),(141,'女仆装',1),(142,'高岭之花',3),(143,'服务生',2),(144,'肢体残疾',1),(145,'自残',2),(146,'龙须刘海',5),(147,'留长发',3),(148,'幼驯染',4),(149,'青梅竹马',13),(150,'黑化',6),(151,'制服',15),(152,'BOSS',1),(153,'肌肉女',1),(154,'无口',6),(155,'女战士',1),(156,'刀剑',4),(157,'有胸的帅哥',5),(158,'过膝靴',7),(159,'暗恋对象',1),(160,'围巾',2),(161,'混血儿',8),(162,'遮耳发',4),(163,'弱气',7),(164,'伪娘',1),(165,'胆小',5),(166,'剪发',4),(167,'伪伪郎',2),(168,'日本普通高中生',2),(169,'家里蹲',3),(170,'佣人',1),(171,'失眠',2),(172,'S/L大法',1),(173,'运动衫',2),(174,'重生者',1),(175,'穿越者',1),(176,'高额头',6),(177,'自带BGM',2),(178,'吊眼',11),(179,'吐槽',13),(180,'坏掉',1),(181,'骑士',1),(182,'沉重',6),(183,'自杀',2),(184,'漫画家',1),(185,'爸爸',4),(186,'邋遢',1),(187,'呆毛',33),(188,'小学生',12),(189,'美少女',14),(190,'水手服',9),(191,'短刘海',5),(192,'女儿',5),(193,'小提琴',2),(194,'发夹',14),(195,'泡泡袜',2),(196,'初中生',19),(197,'暴力女',3),(198,'单恋',3),(199,'妹控',5),(200,'安全裤',2),(201,'头花',6),(202,'石油佬',1),(203,'背心',1),(204,'中长发',11),(205,'电能力',1),(206,'姐姐',19),(207,'运动少女',13),(208,'口癖',16),(209,'鼻血',1),(210,'乐福鞋',3),(211,'短袖',2),(212,'棒球帽',1),(213,'浴衣',3),(214,'成长阶段的反差',2),(215,'双马尾',15),(216,'落差萌',2),(217,'室友',2),(218,'大蝴蝶结',4),(219,'电脑配件',1),(220,'战损',1),(221,'姐控',3),(222,'三折袜',5),(223,'百合',14),(224,'叫醒服务',3),(225,'夜袭',1),(226,'天然疯',3),(227,'富有正义感',2),(228,'超能力者',10),(229,'学妹',5),(230,'毒舌',6),(231,'A4腰',1),(232,'偷拍',1),(233,'主角厨',1),(234,'S属性',1),(235,'痴女',4),(236,'M属性',3),(237,'只穿校服',2),(238,'腿环',1),(239,'露出癖',1),(240,'发箍',8),(241,'黑客',1),(242,'虎牙',8),(243,'八卦',1),(244,'姬发式',4),(245,'掀裙狂魔',1),(246,'发饰',6),(247,'实姐',5),(248,'棒球棒',1),(249,'M形刘海',9),(250,'绝对领域',11),(251,'体香',1),(252,'白色过膝袜',5),(253,'体力差',5),(254,'精神操控',2),(255,'组织领导人',1),(256,'咬手指',1),(257,'校服',1),(258,'长手套',1),(259,'色气',1),(260,'非法御姐',6),(261,'女王',3),(262,'甜食控',4),(263,'挎包',1),(264,'星星眼',3),(265,'半马尾',4),(266,'长直发',3),(267,'敬语',8),(268,'演员',4),(269,'转学生',4),(270,'学园偶像',10),(271,'大和抚子',3),(272,'Half-up',3),(273,'凉鞋',4),(274,'百合党',1),(275,'半睁眼',4),(276,'贤妻良母',1),(277,'语速慢',5),(278,'校服敞开',2),(279,'丰满',1),(280,'长卷发',6),(281,'王冠',1),(282,'睡神',3),(283,'第三人称己称',11),(284,'慵懒',2),(285,'歌姬',10),(286,'外国人',1),(287,'麻花辫',7),(288,'留学生',1),(289,'白色皮肤',2),(290,'人妻',11),(291,'皮靴',1),(292,'丸子头',3),(293,'玛丽珍鞋',7),(294,'部长',5),(295,'贝雷帽',1),(296,'吃瘪',1),(297,'笨蛋',11),(298,'可爱',1),(299,'恶意卖萌',1),(300,'撒娇',2),(301,'傲沉',1),(302,'乱室佳人',1),(303,'妈宝',1),(304,'御姐',8),(305,'露脐装',9),(306,'路痴',4),(307,'条纹袜',1),(308,'吊带袜',1),(309,'高跟鞋',6),(310,'揉乳魔',2),(311,'赖床',2),(312,'美甲',2),(313,'高马尾',2),(314,'衣服系腰',1),(315,'怕打雷',4),(316,'换发型',4),(317,'全能',4),(318,'辣妹',6),(319,'大肠发圈',1),(320,'叼棒棒糖',1),(321,'萝莉控',2),(322,'玩家',6),(323,'枪械',2),(324,'过膝袜',4),(325,'御宅族',1),(326,'不穿校服',1),(327,'长靴',3),(328,'吊眼梢',1),(329,'黑暗料理',4),(330,'话唠',1),(331,'单纯',5),(332,'双重身份',3),(333,'侧马尾',2),(334,'中二',1),(335,'垂眼',3),(336,'翻翘',3),(337,'人格开关',3),(338,'面瘫',3),(339,'闷骚',2),(340,'天才少女',1),(341,'电波',6),(342,'天顶星科技',1),(343,'超长袖',1),(344,'黑色过膝袜',5),(345,'三无',4),(346,'面具',2),(347,'程序员',1),(348,'渐变色发',3),(349,'社团经理人',1),(350,'宝冢系',3),(351,'玩家角色',1),(352,'制作人',2),(353,'艺术生',3),(354,'DD党',2),(355,'变身',2),(356,'魔法少女',4),(357,'礼帽',1),(358,'京都腔',1),(359,'迟钝',3),(360,'公主辫',3),(361,'泪痣',4),(362,'理科少女',3),(363,'无铁炮',8),(364,'话痨',2),(365,'素足履',2),(366,'酒品差',4),(367,'主持人',1),(368,'死库水',2),(369,'单眼',1),(370,'马尾',8),(371,'军人',1),(372,'单马尾',1),(373,'嗜睡',1),(374,'天然',1),(375,'蓝白胖次',2),(376,'褐色皮肤',5),(377,'兔耳',2),(378,'机娘',1),(379,'美少年',5),(380,'魔法师',5),(381,'转世者',3),(382,'人生赢家',2),(383,'低马尾',1),(384,'后宫',1),(385,'伪郎',2),(386,'白色连裤袜',3),(387,'粗眉',6),(388,'剑圣',1),(389,'战斗狂',2),(390,'暴娇',2),(391,'家庭教师',1),(392,'自慰',2),(393,'魔法帽子',1),(394,'教师',2),(395,'合法萝莉',3),(396,'水能力',1),(397,'旅行者',2),(398,'M型刘海',1),(399,'冒失',9),(400,'雪地靴',5),(401,'怕黑',2),(402,'怕鬼',5),(403,'超长发',2),(404,'文学少女',4),(405,'冷娇',10),(406,'图书管理员',1),(407,'打工妹',1),(408,'黑框眼镜',1),(409,'关西腔',7),(410,'丰满体型',5),(411,'自行车',1),(412,'侧单马尾',5),(413,'说谎',1),(414,'不人姬',1),(415,'土豪',2),(416,'认真',13),(417,'竖笛',1),(418,'喵帕斯',1),(419,'率直冷',5),(420,'童颜巨乳',2),(421,'大叔心',1),(422,'熊孩子',1),(423,'蠢萌',1),(424,'特殊第一人称',2),(425,'兄控',5),(426,'八重齿',1),(427,'披肩双马尾',3),(428,'天降系',1),(429,'缺乏常识',1),(430,'复活',1),(431,'白发红眼',1),(432,'然而oo早就看穿了一切',1),(433,'正太',4),(434,'表情包',1),(435,'冷汗',1),(436,'左撇子',3),(437,'怪力',2),(438,'穗带',1),(439,'角',1),(440,'忠犬',3),(441,'不会用筷子',1),(442,'墨镜',1),(443,'恋尸癖',1),(444,'幸运E',2),(445,'偶像',10),(446,'僵尸',4),(447,'永远的十七岁',1),(448,'九州腔',1),(449,'耳环',4),(450,'领带',2),(451,'大姐头',1),(452,'不良少女',1),(453,'多色发',1),(454,'挑染',1),(455,'发卡',2),(456,'绷带',1),(457,'萌物控',1),(458,'昭和',1),(459,'可食用',1),(460,'恐高症',3),(461,'能力复制',1),(462,'长身',3),(463,'天然卷',2),(464,'郁娇',1),(465,'进气口发型',7),(466,'别扭',1),(467,'不悯',3),(468,'交叉刘海',3),(469,'机器人驾驶员',4),(470,'兄贵',2),(471,'黑色连裤袜',6),(472,'萌袖',1),(473,'露腋',1),(474,'文身',3),(475,'美人痣',1),(476,'表妹',1),(477,'鬓角须',1),(478,'辍学',1),(479,'中靴',3),(480,'突破第四面墙',1),(481,'爷爷',1),(482,'酒鬼',1),(483,'科学家',5),(484,'自我意识过剩',1),(485,'克隆人',2),(486,'学生',2),(487,'医生',3),(488,'长发',12),(489,'鬼畜',2),(490,'蘑菇头',4),(491,'双麻花辫',2),(492,'死鱼眼',1),(493,'团宠',4),(494,'实兄',3),(495,'最强',2),(496,'双重人格',3),(497,'暗恋',3),(498,'弟控',1),(499,'师父',1),(500,'欺诈师',1),(501,'跟班',1),(502,'红晕',1),(503,'幽灵',1),(504,'肌肉男',2),(505,'附身能力',1),(506,'报招式名',1),(507,'多色口红',4),(508,'教主',1),(509,'实弟',1),(510,'暴躁',1),(511,'另类发型',1),(512,'短双马尾',2),(513,'人字刘海',3),(514,'森女',1),(515,'正莉',1),(516,'高攻低防',1),(517,'欢喜冤家',1),(518,'天降青梅',1),(519,'女儿控',1),(520,'猫控',1),(521,'长子',1),(522,'二刀流',1),(523,'死神',2),(524,'不良少年',1),(525,'人夫',1),(526,'收藏家',1),(527,'暖男',6),(528,'心理阴影',2),(529,'普通高中生',1),(530,'主角光环',1),(531,'灵视能力',1),(532,'刺猬头',2),(533,'贵族',1),(534,'工作狂',1),(535,'童颜',1),(536,'刘海尾',1),(537,'强气',7),(538,'小姨子',1),(539,'中指袖套',1),(540,'灵魂画师',1),(541,'心理创伤',1),(542,'义妹',2),(543,'日本刀',3),(544,'远亲',1),(545,'少女心',2),(546,'弓箭',1),(547,'学霸',1),(548,'葱',1),(549,'脱线',3),(550,'阿卡林',2),(551,'胡须',2),(552,'项链',4),(553,'格斗家',1),(554,'日式小学生书包',1),(555,'看板娘',4),(556,'袜靴',2),(557,'梦魔',1),(558,'心形尾巴',1),(559,'变态',1),(560,'Oo控',1),(561,'欠债',1),(562,'双角',1),(563,'机械白痴',1),(564,'废柴',2),(565,'魔族',1),(566,'人外',3),(567,'进入梦境',1),(568,'魔法杖',3),(569,'手套',2),(570,'X形发饰',1),(571,'孤儿',6),(572,'粉色系',1),(573,'中性',1),(574,'黑色系',1),(575,'饰品翅膀',1),(576,'无表情',1),(577,'分离袖子',1),(578,'洞洞鞋',1),(579,'猫奴',3),(580,'超短裙',1),(581,'孤僻',4),(582,'露肩装',2),(583,'女子力',1),(584,'工具人',1),(585,'JK',1),(586,'乙女',1),(587,'身体柔软',2),(588,'土妹子',4),(589,'早熟',5),(590,'义兄',1),(591,'异色瞳',3),(592,'手表',1),(593,'自卑',5),(594,'脸红',1),(595,'吸血鬼',1),(596,'池面',2),(597,'本名不明',1),(598,'西装',1),(599,'养父',1),(600,'PTSD',2),(601,'皮鞋',2),(602,'间谍',1),(603,'长裤',2),(604,'易容',1),(605,'偏分',2),(606,'养母',1),(607,'OL',1),(608,'力速双A弱女子',1),(609,'杀手',1),(610,'公务员',1),(611,'残念系',4),(612,'盘发',1),(613,'实验体',2),(614,'不明真相的吃瓜群众',1),(615,'白色短袜',3),(616,'上帝视角',1),(617,'僚机',1),(618,'读心术',1),(619,'养女',1),(620,'预知未来',1),(621,'吊带装',1),(622,'圣母',2),(623,'丝线',1),(624,'凛娇',2),(625,'眼影',1),(626,'双丸子头',1),(627,'双色发',1),(628,'胎记',1),(629,'不良',1),(630,'越狱',1),(631,'单麻花辫',1),(632,'连裤靴',1),(633,'身体拆分能力者',1),(634,'复仇',1),(635,'美人尖',2),(636,'闺蜜',1),(637,'特殊声线',1),(638,'晕血症',1),(639,'臂环',1),(640,'无袖',1),(641,'假乳',1),(642,'囚犯',2),(643,'女婿',1),(644,'死亡Flag',1),(645,'狼',1),(646,'痴汉',1),(647,'性转换',2),(648,'四次元乳沟',1),(649,'替身',1),(650,'生物操控',1),(651,'背带裤',1),(652,'真空',1),(653,'附身',1),(654,'斜刘海',9),(655,'书写对话',1),(656,'读心',1),(657,'阳角',4),(658,'猫箱性别',1),(659,'不可思议系',4),(660,'蟑螂毛',3),(661,'自来熟',5),(662,'收集癖',2),(663,'装弱',1),(664,'不老',1),(665,'不懂爱',1),(666,'睡相差',1),(667,'畏寒',1),(668,'精灵族',1),(669,'幸存者',2),(670,'靴子',1),(671,'自恋',1),(672,'勇者',1),(673,'莫霍克发型',1),(674,'酒豪',2),(675,'变发色',1),(676,'身体强化',1),(677,'手杖',1),(678,'腰带',4),(679,'爱哭鬼',5),(680,'僧侣',1),(681,'长者',1),(682,'传送能力',1),(683,'隐身能力',1),(684,'奶妈',1),(685,'大背头',1),(686,'摸头杀',1),(687,'不对称鬓发',3),(688,'近视',2),(689,'独生子女',5),(690,'四分之三袜',2),(691,'弟弟',2),(692,'旁白',1),(693,'捂脸',1),(694,'自曝',1),(695,'圈圈眼',1),(696,'猫系萌娘or犬系萌娘',2),(697,'长刘海',4),(698,'害羞',3),(699,'人格面具',1),(700,'有名无姓',1),(701,'双胞胎',5),(702,'怕打针',2),(703,'大小姐口癖',3),(704,'高飞车',2),(705,'父控',1),(706,'假小子',4),(707,'幼女',1),(708,'布偶装',1),(709,'软妹',3),(710,'公主',2),(711,'宠物相伴',4),(712,'班长',3),(713,'扑克脸',3),(714,'单亲',1),(715,'童星',1),(716,'乱发',2),(717,'可靠',4),(718,'失禁',1),(719,'宅女',2),(720,'病弱',2),(721,'白虎',1),(722,'怕生',1),(723,'现充',1),(724,'自宅警备员',1),(725,'大学生',2),(726,'母控',3),(727,'星二代',3),(728,'偶像宅',3),(729,'金长直',1),(730,'白色及膝袜',1),(731,'绝症',1),(732,'过敏',1),(733,'离婚',1),(734,'养子',1),(735,'不择手段',1),(736,'口头禅',2),(737,'男一号',1),(738,'特殊发型',1),(739,'村长',1),(740,'实验服',2),(741,'恶人颜',1),(742,'大少爷',1),(743,'船形帽',1),(744,'霸道总裁',1),(745,'船长',1),(746,'粗腿',2),(747,'安产型',3),(748,'常识人',3),(749,'一见钟情',1),(750,'兔耳蝴蝶结',1),(751,'文静',1),(752,'书',1),(753,'电子音',1),(754,'AI姬',1),(755,'维基百科',1),(756,'可萝可御',1),(757,'药剂师',1),(758,'猫嘴',4),(759,'年龄操控',1),(760,'搞事',1),(761,'吊坠',2),(762,'钞能力',2),(763,'亲子丼',1),(764,'罗马卷',1),(765,'恋爱脑',1),(766,'董事长',1),(767,'流口水',1),(768,'纸尿裤',1),(769,'星星发饰',1),(770,'露胸',1),(771,'理事长',1),(772,'商人',1),(773,'开叉裙',1),(774,'熟女',1),(775,'尖耳',1),(776,'画伯',1),(777,'手环',1),(778,'北海道腔',1),(779,'丝带',3),(780,'领结',1),(781,'网友',2),(782,'束鬓',1),(783,'单簧管',1),(784,'发珠',1),(785,'特摄迷',1),(786,'舞者',3),(787,'归国子女',3),(788,'棒球服',1),(789,'工口',1),(790,'怕羞',2),(791,'双螺旋',1),(792,'护士',1),(793,'女王三段笑',1),(794,'头带',1),(795,'艺术家',1),(796,'杀死童贞服',2),(797,'黑丝',2),(798,'三味线',1),(799,'尾扎长发',1),(800,'平地摔',1),(801,'共用身份',2),(802,'调皮',3),(803,'吸引动物',2),(804,'钉宫病',1),(805,'讲鬼故事',1),(806,'情强',1),(807,'技术宅',1),(808,'星井美希',1),(809,'双叶杏',1),(810,'淑女',1),(811,'铲',1),(812,'异性恐惧症',1),(813,'黑道',1),(814,'猫娘',1),(815,'仆娘',1),(816,'倒贴',1),(817,'历女',1),(818,'角色与声优同生日',1),(819,'总受',1),(820,'冲绳腔',1),(821,'挑食',2),(822,'及膝袜',3),(823,'植物发饰',1),(824,'魔术师',1),(825,'智力游戏',1),(826,'咖啡',1),(827,'国际象棋',1),(828,'单亲子女',2),(829,'醉酒变纯情',1),(830,'棒读',2),(831,'手枪',2),(832,'美乳',1),(833,'军武娘',1),(834,'西装校服',1),(835,'比基尼',1),(836,'风衣',1),(837,'军装',1),(838,'武士',1),(839,'短靴',3),(840,'围裙',1),(841,'和服',1),(842,'鼓脸颊',2),(843,'晕动症',1),(844,'怕动物',1),(845,'口吃',1),(846,'醉饮料',1),(847,'阴角',2),(848,'路人',1),(849,'晒痕',1),(850,'腐女',1),(851,'热裤',2),(852,'创可贴',1),(853,'连帽衫',1),(854,'作词',2),(855,'小动物系',1),(856,'运动鞋',2),(857,'那我呢',2),(858,'起名废',1),(859,'吉他',4),(860,'水母头',1),(861,'猫舌',1),(862,'家务全能',1),(863,'吹奏乐部',1),(864,'玩头发',1),(865,'随母姓',2),(866,'贝斯',2),(867,'动物控',1),(868,'架子鼓',2),(869,'耳坠',2),(870,'包臀裙',3),(871,'迷妹',1),(872,'唇彩',1),(873,'帆布鞋',1),(874,'歌手',1),(875,'姨妈',1),(876,'卖萌',2),(877,'多重人格',1),(878,'园艺师',1),(879,'心智不全',1),(880,'耿直',1),(881,'翘臀',1),(882,'项圈',2),(883,'臭脸',1),(884,'夹克',1),(885,'猫系萌娘',1),(886,'双撇子',1),(887,'网络偶像',1),(888,'方言',1),(889,'吃辣',1),(890,'包子脸',1),(891,'鬓角麻花辫',1),(892,'外甥女',1),(893,'自负',1),(894,'螺旋鬓发',1),(895,'离家出走',1),(896,'棉白胖次',1),(897,'特工',2),(898,'响指',1),(899,'短裤',1),(900,'店员',1);
/*!40000 ALTER TABLE `roletag` ENABLE KEYS */;
UNLOCK TABLES;

--
-- Table structure for table `roletagrelation`
--

DROP TABLE IF EXISTS `roletagrelation`;
/*!40101 SET @saved_cs_client     = @@character_set_client */;
/*!50503 SET character_set_client = utf8mb4 */;
CREATE TABLE `roletagrelation` (
  `tag_id` int NOT NULL,
  `role_id` int NOT NULL,
  PRIMARY KEY (`role_id`,`tag_id`),
  KEY `tag_id` (`tag_id`),
  KEY `idx_roletagrelation_role_tag` (`role_id`,`tag_id`),
  CONSTRAINT `roletagrelation_ibfk_1` FOREIGN KEY (`tag_id`) REFERENCES `roletag` (`tag_id`) ON DELETE CASCADE,
  CONSTRAINT `roletagrelation_ibfk_2` FOREIGN KEY (`role_id`) REFERENCES `role` (`role_id`) ON DELETE CASCADE
) ENGINE=InnoDB DEFAULT CHARSET=utf8mb4 COLLATE=utf8mb4_0900_ai_ci;
/*!40101 SET character_set_client = @saved_cs_client */;

--
-- Dumping data for table `roletagrelation`
--

LOCK TABLES `roletagrelation` WRITE;
/*!40000 ALTER TABLE `roletagrelation` DISABLE KEYS */;
INSERT INTO `roletagrelation` VALUES (1,1),(1,129),(1,164),(1,234),(2,1),(2,21),(2,216),(2,228),(3,1),(3,28),(4,1),(5,1),(5,17),(5,130),(5,139),(5,206),(5,244),(6,2),(6,4),(6,6),(6,21),(6,22),(6,25),(6,57),(6,142),(6,162),(6,182),(6,183),(6,207),(6,210),(6,216),(6,220),(6,224),(6,228),(6,230),(6,238),(6,241),(6,244),(7,2),(7,37),(7,138),(8,2),(8,23),(8,139),(8,231),(8,232),(9,3),(9,33),(9,69),(9,81),(9,97),(9,104),(9,136),(9,180),(9,218),(9,236),(10,3),(10,28),(11,4),(11,14),(11,55),(11,56),(11,115),(11,238),(12,4),(12,7),(13,4),(13,15),(13,79),(13,129),(13,211),(13,219),(13,238),(13,241),(13,242),(14,4),(14,245),(14,246),(15,4),(15,6),(15,22),(15,25),(15,26),(15,27),(15,29),(15,30),(15,31),(15,92),(15,110),(15,152),(15,157),(15,202),(15,238),(16,4),(16,60),(16,65),(16,115),(16,120),(16,129),(16,133),(16,138),(16,162),(16,164),(16,165),(16,167),(16,184),(16,209),(16,246),(17,4),(17,82),(17,124),(17,196),(18,4),(18,21),(18,22),(18,25),(18,30),(18,34),(18,43),(18,50),(18,56),(18,95),(18,98),(18,118),(18,132),(18,163),(18,166),(18,197),(18,217),(18,219),(18,227),(18,230),(18,234),(18,236),(19,4),(19,21),(19,22),(19,29),(19,109),(19,110),(19,138),(19,139),(19,152),(19,227),(19,242),(20,4),(20,118),(21,4),(21,6),(21,16),(21,26),(21,27),(21,28),(21,29),(21,32),(21,34),(21,35),(21,38),(21,42),(21,45),(21,58),(21,62),(21,91),(21,93),(21,101),(21,105),(21,107),(21,120),(21,130),(21,133),(21,136),(21,139),(21,161),(21,238),(21,240),(21,242),(22,4),(23,4),(23,102),(23,238),(24,4),(24,38),(24,59),(24,99),(24,105),(24,116),(24,153),(24,154),(24,156),(24,175),(24,190),(24,216),(24,221),(24,239),(24,243),(25,4),(26,4),(26,8),(26,16),(26,17),(26,21),(26,22),(26,25),(26,57),(26,71),(26,85),(26,92),(26,96),(26,99),(26,101),(26,102),(26,103),(26,104),(26,109),(26,112),(26,115),(26,119),(26,141),(26,153),(26,163),(26,216),(26,218),(26,228),(26,230),(26,238),(26,239),(27,4),(27,53),(27,129),(27,139),(27,209),(28,4),(28,20),(28,24),(28,33),(28,113),(28,120),(28,129),(28,174),(28,239),(28,246),(29,4),(29,5),(29,6),(29,7),(29,8),(29,28),(29,29),(29,30),(29,31),(29,32),(29,33),(29,34),(29,35),(29,81),(29,110),(29,115),(29,116),(29,129),(29,151),(29,152),(29,157),(29,161),(29,162),(29,163),(29,164),(29,165),(29,166),(29,181),(29,191),(29,211),(29,213),(29,219),(29,227),(29,228),(29,232),(29,236),(29,238),(29,239),(29,243),(30,4),(31,4),(31,6),(31,7),(31,32),(31,38),(31,68),(31,78),(31,85),(31,94),(31,102),(31,104),(31,133),(31,136),(31,157),(31,166),(31,202),(31,223),(31,245),(32,4),(32,21),(32,27),(32,28),(32,31),(32,38),(32,97),(32,105),(32,228),(33,4),(33,6),(33,28),(33,33),(33,36),(33,59),(33,64),(33,67),(33,95),(33,98),(33,100),(33,121),(33,164),(33,227),(33,245),(34,4),(34,28),(34,87),(34,105),(34,112),(34,167),(34,238),(35,4),(35,140),(35,162),(35,206),(35,240),(36,4),(36,5),(37,4),(37,15),(37,29),(38,4),(38,6),(38,17),(38,29),(38,30),(38,33),(38,73),(38,80),(38,114),(38,119),(38,120),(38,121),(38,141),(38,157),(38,159),(38,232),(38,241),(38,242),(39,4),(39,19),(39,240),(40,4),(40,57),(40,110),(40,120),(40,163),(40,228),(40,242),(40,244),(41,4),(42,4),(43,5),(44,5),(44,21),(44,228),(45,5),(45,69),(45,70),(45,81),(45,106),(45,130),(45,152),(45,203),(45,245),(46,5),(46,25),(46,107),(46,114),(46,164),(46,196),(47,5),(47,130),(47,153),(47,155),(47,231),(48,5),(49,5),(49,8),(49,33),(49,104),(49,236),(50,5),(50,17),(50,109),(50,217),(50,230),(51,5),(51,7),(51,24),(51,27),(51,30),(51,42),(51,59),(51,103),(51,114),(51,119),(51,129),(51,147),(51,177),(51,225),(51,229),(52,5),(52,9),(52,10),(52,17),(52,80),(52,101),(52,117),(52,130),(52,151),(53,5),(54,5),(54,186),(55,5),(55,8),(55,14),(55,21),(55,22),(55,31),(55,33),(55,60),(55,76),(55,80),(55,103),(55,113),(55,119),(55,121),(55,124),(55,126),(55,129),(55,152),(55,157),(55,194),(55,196),(55,197),(55,207),(55,211),(55,218),(55,222),(56,5),(56,15),(56,56),(56,60),(56,63),(56,70),(56,79),(56,95),(56,103),(56,110),(56,116),(56,119),(56,143),(56,147),(56,149),(56,166),(56,175),(56,186),(56,193),(56,195),(56,197),(56,202),(56,204),(56,213),(56,220),(56,222),(56,226),(56,230),(56,233),(56,235),(56,237),(56,243),(56,245),(57,5),(57,7),(57,90),(58,5),(58,8),(58,21),(58,25),(58,26),(58,29),(58,32),(58,33),(58,58),(58,62),(58,98),(58,100),(58,102),(58,104),(58,105),(58,106),(58,113),(58,129),(58,139),(58,141),(58,151),(58,154),(58,155),(58,165),(58,174),(58,180),(58,181),(58,197),(58,236),(59,5),(59,80),(60,6),(60,21),(60,24),(60,30),(60,32),(60,33),(60,35),(60,36),(60,37),(60,43),(60,44),(60,59),(60,61),(60,66),(60,78),(60,96),(60,107),(60,112),(60,113),(60,121),(60,131),(60,138),(60,143),(60,147),(60,151),(60,166),(60,176),(60,178),(60,180),(60,184),(60,185),(60,186),(60,188),(60,190),(60,191),(60,193),(60,195),(60,196),(60,203),(60,205),(60,208),(60,217),(60,225),(60,226),(60,232),(60,241),(60,245),(61,6),(61,28),(61,98),(61,105),(61,113),(61,178),(61,204),(61,209),(61,210),(61,215),(61,245),(62,6),(62,68),(62,90),(63,6),(63,23),(63,90),(63,121),(63,229),(64,6),(64,35),(64,67),(64,129),(64,174),(64,210),(64,244),(65,6),(66,6),(66,31),(66,37),(66,44),(66,61),(66,79),(66,116),(66,118),(66,133),(66,138),(66,148),(66,184),(66,211),(66,213),(66,237),(66,244),(67,6),(67,56),(67,103),(68,6),(68,62),(69,6),(69,241),(70,6),(71,6),(71,58),(72,6),(72,73),(72,122),(72,177),(72,184),(72,208),(72,213),(72,225),(73,6),(73,226),(73,229),(74,6),(74,121),(75,6),(76,6),(76,21),(76,25),(77,6),(77,14),(77,16),(77,20),(77,28),(77,29),(77,34),(77,36),(77,42),(77,56),(77,68),(77,130),(77,131),(77,151),(77,245),(78,6),(78,13),(78,25),(78,27),(78,28),(78,31),(78,32),(78,45),(78,52),(78,57),(78,62),(78,73),(78,97),(78,105),(78,109),(78,112),(78,120),(78,124),(78,133),(78,138),(78,162),(78,165),(78,166),(78,167),(78,175),(78,177),(78,191),(78,195),(78,196),(78,198),(78,200),(78,203),(78,204),(78,207),(78,210),(78,215),(78,218),(78,223),(78,224),(78,238),(78,239),(78,245),(79,6),(79,22),(79,28),(79,31),(79,32),(79,36),(79,37),(79,61),(79,62),(79,75),(79,82),(79,98),(79,109),(79,176),(79,204),(79,208),(79,217),(79,224),(79,228),(79,244),(80,7),(81,7),(81,17),(81,102),(81,126),(82,7),(83,7),(83,30),(83,83),(83,151),(83,192),(83,201),(83,206),(84,7),(84,153),(85,7),(85,19),(85,60),(85,74),(85,83),(85,106),(85,139),(85,155),(85,234),(86,7),(87,7),(87,116),(87,232),(87,233),(87,234),(88,7),(88,226),(88,229),(89,7),(90,7),(90,16),(90,17),(90,90),(90,91),(90,130),(91,7),(92,7),(92,102),(93,8),(93,22),(93,23),(94,8),(95,8),(95,11),(95,12),(95,23),(95,34),(95,58),(95,103),(95,164),(96,8),(96,59),(96,71),(96,113),(96,115),(96,138),(96,176),(96,186),(96,215),(96,223),(96,224),(96,232),(96,237),(97,8),(97,20),(97,22),(97,23),(97,34),(97,36),(97,51),(97,53),(97,56),(97,60),(97,64),(97,67),(97,70),(97,74),(97,98),(97,109),(97,121),(97,141),(97,142),(97,143),(97,144),(97,145),(97,146),(97,147),(97,149),(97,164),(97,178),(97,183),(97,188),(97,201),(97,205),(97,214),(97,216),(97,217),(97,221),(97,227),(98,8),(98,23),(98,36),(98,59),(98,70),(98,78),(98,105),(98,120),(98,121),(98,127),(98,138),(98,151),(98,189),(98,209),(98,210),(98,213),(98,215),(98,226),(99,8),(100,8),(100,30),(100,63),(100,66),(100,100),(100,175),(100,214),(100,221),(100,242),(101,8),(101,37),(101,59),(101,76),(101,163),(101,189),(101,208),(102,8),(102,59),(102,188),(102,224),(102,232),(103,8),(103,22),(103,164),(104,8),(104,31),(104,59),(104,60),(104,61),(104,62),(104,63),(104,228),(104,229),(104,240),(105,8),(105,33),(105,110),(105,129),(105,199),(105,232),(105,235),(106,8),(107,9),(107,29),(107,84),(107,124),(108,9),(108,10),(108,12),(109,9),(109,110),(109,118),(109,133),(109,136),(109,159),(110,9),(111,9),(112,9),(113,9),(113,15),(113,110),(114,9),(114,10),(114,57),(114,58),(115,9),(115,90),(115,155),(116,9),(116,19),(116,22),(116,26),(117,10),(118,10),(118,11),(118,55),(118,115),(118,119),(118,142),(118,155),(118,223),(118,230),(119,10),(119,56),(119,132),(120,10),(121,10),(122,10),(123,10),(123,12),(124,11),(125,11),(125,227),(126,11),(126,147),(126,148),(126,178),(126,183),(126,217),(127,11),(127,25),(127,60),(127,100),(127,105),(127,115),(127,126),(127,133),(127,165),(127,216),(127,219),(127,236),(128,11),(128,81),(128,230),(128,242),(129,11),(129,133),(130,11),(131,11),(132,11),(132,13),(133,12),(134,12),(135,12),(136,12),(136,129),(137,12),(137,182),(138,12),(139,13),(140,13),(141,13),(142,13),(142,33),(142,103),(143,13),(143,40),(144,14),(145,14),(145,17),(146,14),(146,63),(146,119),(146,136),(146,207),(147,14),(147,55),(147,79),(148,14),(148,15),(148,95),(148,103),(149,14),(149,29),(149,35),(149,56),(149,82),(149,96),(149,131),(149,229),(149,230),(149,232),(149,233),(149,240),(149,241),(150,14),(150,29),(150,90),(150,126),(150,155),(150,213),(151,14),(151,15),(151,21),(151,22),(151,30),(151,32),(151,34),(151,73),(151,75),(151,91),(151,94),(151,226),(151,228),(151,245),(151,246),(152,14),(153,15),(154,15),(154,60),(154,99),(154,129),(154,164),(154,227),(155,15),(156,15),(156,102),(156,103),(156,135),(157,15),(157,74),(157,123),(157,124),(157,145),(158,15),(158,58),(158,109),(158,110),(158,118),(158,120),(158,126),(159,15),(160,15),(160,132),(161,15),(161,56),(161,102),(161,106),(161,115),(161,116),(161,123),(161,224),(162,15),(162,25),(162,133),(162,209),(163,16),(163,109),(163,146),(163,200),(163,220),(163,235),(163,241),(164,16),(165,16),(165,67),(165,86),(165,228),(165,230),(166,16),(166,79),(166,103),(166,215),(167,16),(167,126),(168,17),(168,82),(169,17),(169,83),(169,153),(170,17),(171,17),(171,140),(172,17),(173,17),(173,35),(174,17),(175,17),(176,17),(176,100),(176,124),(176,136),(176,147),(176,216),(177,17),(177,102),(178,17),(178,32),(178,35),(178,119),(178,129),(178,144),(178,163),(178,165),(178,192),(178,239),(178,244),(179,17),(179,83),(179,84),(179,102),(179,103),(179,104),(179,136),(179,161),(179,163),(179,228),(179,230),(179,231),(179,239),(180,17),(181,17),(182,17),(182,29),(182,110),(182,235),(182,238),(182,240),(183,17),(183,114),(184,19),(185,19),(185,86),(185,102),(185,136),(186,19),(187,19),(187,34),(187,55),(187,56),(187,57),(187,58),(187,59),(187,64),(187,67),(187,70),(187,73),(187,109),(187,121),(187,153),(187,164),(187,166),(187,175),(187,176),(187,178),(187,183),(187,185),(187,186),(187,191),(187,200),(187,203),(187,204),(187,210),(187,215),(187,222),(187,223),(187,232),(187,233),(187,234),(188,20),(188,64),(188,108),(188,121),(188,141),(188,143),(188,144),(188,145),(188,146),(188,147),(188,188),(188,205),(189,20),(189,27),(189,100),(189,103),(189,115),(189,129),(189,138),(189,156),(189,165),(189,235),(189,237),(189,241),(189,243),(189,244),(190,20),(190,23),(190,24),(190,76),(190,100),(190,113),(190,226),(190,227),(190,232),(191,20),(191,56),(191,61),(191,84),(191,199),(192,20),(192,87),(192,108),(192,123),(192,156),(193,21),(193,183),(194,21),(194,27),(194,29),(194,30),(194,40),(194,81),(194,98),(194,105),(194,110),(194,147),(194,154),(194,173),(194,227),(194,241),(195,21),(195,163),(196,21),(196,22),(196,23),(196,24),(196,25),(196,67),(196,90),(196,93),(196,94),(196,98),(196,100),(196,101),(196,113),(196,117),(196,138),(196,139),(196,223),(196,227),(196,237),(197,21),(197,110),(197,163),(198,21),(198,65),(198,135),(199,21),(199,27),(199,154),(199,155),(199,226),(200,21),(200,32),(201,21),(201,32),(201,33),(201,105),(201,162),(201,229),(202,21),(203,21),(204,21),(204,29),(204,31),(204,34),(204,56),(204,114),(204,121),(204,145),(204,232),(204,240),(204,242),(205,21),(206,21),(206,27),(206,28),(206,62),(206,67),(206,109),(206,113),(206,115),(206,143),(206,154),(206,177),(206,214),(206,217),(206,218),(206,219),(206,226),(206,234),(206,240),(206,243),(207,21),(207,26),(207,32),(207,59),(207,97),(207,110),(207,113),(207,116),(207,145),(207,190),(207,192),(207,222),(207,233),(208,21),(208,22),(208,25),(208,64),(208,147),(208,148),(208,159),(208,166),(208,202),(208,209),(208,214),(208,215),(208,216),(208,221),(208,223),(208,228),(209,21),(210,21),(210,25),(210,246),(211,21),(211,87),(212,21),(213,21),(213,22),(213,229),(214,22),(214,23),(215,22),(215,35),(215,51),(215,61),(215,64),(215,78),(215,110),(215,132),(215,144),(215,183),(215,184),(215,217),(215,218),(215,228),(215,246),(216,22),(216,244),(217,22),(217,23),(218,22),(218,26),(218,141),(218,202),(219,22),(220,22),(221,22),(221,32),(221,140),(222,22),(222,164),(222,236),(222,238),(222,241),(223,22),(223,29),(223,44),(223,45),(223,51),(223,53),(223,65),(223,75),(223,109),(223,110),(223,153),(223,226),(223,230),(223,240),(224,22),(224,28),(224,218),(225,22),(226,22),(226,184),(226,193),(227,22),(227,69),(228,22),(228,23),(228,25),(228,90),(228,93),(228,94),(228,102),(228,105),(228,106),(228,121),(229,22),(229,26),(229,30),(229,34),(229,230),(230,22),(230,25),(230,103),(230,133),(230,136),(230,156),(231,22),(232,22),(233,22),(234,22),(235,22),(235,162),(235,167),(235,226),(236,22),(236,230),(236,242),(237,22),(237,197),(238,22),(239,22),(240,23),(240,57),(240,120),(240,142),(240,181),(240,191),(240,202),(240,216),(241,23),(242,24),(242,51),(242,62),(242,109),(242,156),(242,163),(242,225),(242,236),(243,24),(244,24),(244,118),(244,229),(244,241),(245,24),(246,24),(246,75),(246,121),(246,199),(246,228),(246,230),(247,24),(247,120),(247,129),(247,151),(247,199),(248,24),(249,25),(249,94),(249,110),(249,114),(249,161),(249,162),(249,173),(249,235),(249,246),(250,25),(250,33),(250,36),(250,37),(250,38),(250,75),(250,118),(250,131),(250,144),(250,226),(250,230),(251,25),(252,25),(252,110),(252,121),(252,226),(252,230),(253,25),(253,90),(253,217),(253,229),(253,235),(254,25),(254,92),(255,25),(256,25),(257,25),(258,25),(259,25),(260,25),(260,65),(260,182),(260,238),(260,239),(260,242),(261,25),(261,182),(261,224),(262,25),(262,28),(262,58),(262,237),(263,25),(264,25),(264,155),(264,156),(265,26),(265,73),(265,156),(265,173),(266,26),(266,181),(266,185),(267,26),(267,33),(267,103),(267,109),(267,133),(267,197),(267,227),(267,242),(268,26),(268,138),(268,155),(268,201),(269,26),(269,27),(269,28),(269,65),(270,26),(270,27),(270,28),(270,29),(270,30),(270,31),(270,32),(270,33),(270,34),(270,228),(271,26),(271,211),(271,229),(272,26),(272,133),(272,141),(273,26),(273,215),(273,217),(273,224),(274,26),(275,27),(275,60),(275,64),(275,145),(276,27),(277,27),(277,185),(277,209),(277,235),(277,241),(278,27),(278,28),(279,27),(280,27),(280,57),(280,163),(280,164),(280,199),(280,209),(281,27),(282,27),(282,209),(282,223),(283,27),(283,121),(283,146),(283,147),(283,148),(283,185),(283,201),(283,202),(283,208),(283,214),(283,221),(284,27),(284,82),(285,28),(285,29),(285,33),(285,75),(285,76),(285,174),(285,189),(285,210),(285,219),(285,235),(286,28),(287,28),(287,32),(287,33),(287,58),(287,190),(287,194),(287,218),(288,28),(289,28),(289,241),(290,28),(290,45),(290,56),(290,58),(290,87),(290,95),(290,100),(290,103),(290,105),(290,120),(290,177),(291,28),(292,29),(292,60),(292,182),(293,29),(293,121),(293,227),(293,230),(293,236),(293,241),(293,244),(294,30),(294,35),(294,61),(294,166),(294,231),(295,30),(296,30),(297,30),(297,40),(297,66),(297,67),(297,86),(297,109),(297,173),(297,176),(297,188),(297,232),(297,233),(298,30),(299,30),(300,30),(300,65),(301,31),(302,31),(303,31),(304,31),(304,52),(304,165),(304,195),(304,198),(304,207),(304,210),(304,215),(305,31),(305,109),(305,110),(305,118),(305,123),(305,144),(305,166),(305,214),(305,221),(306,31),(306,151),(306,215),(306,226),(307,31),(308,31),(309,31),(309,32),(309,109),(309,120),(309,167),(309,243),(310,31),(310,43),(311,31),(311,132),(312,32),(312,167),(313,32),(313,207),(314,32),(315,32),(315,75),(315,129),(315,228),(316,32),(316,79),(316,139),(316,227),(317,32),(317,119),(317,161),(317,202),(318,32),(318,112),(318,123),(318,163),(318,203),(318,236),(319,32),(320,32),(321,32),(321,155),(322,33),(322,185),(322,206),(322,214),(322,218),(322,221),(323,33),(323,246),(324,33),(324,36),(324,62),(324,78),(325,33),(326,33),(327,33),(327,58),(327,156),(328,33),(329,33),(329,110),(329,113),(329,120),(330,33),(331,33),(331,156),(331,235),(331,240),(331,241),(332,33),(332,119),(332,120),(333,33),(333,103),(334,33),(335,34),(335,238),(335,242),(336,34),(336,103),(336,143),(337,34),(337,185),(337,238),(338,34),(338,60),(338,64),(339,34),(339,104),(340,34),(341,34),(341,105),(341,224),(341,235),(341,237),(341,246),(342,34),(343,34),(344,34),(344,35),(344,110),(344,131),(344,165),(345,34),(345,71),(345,237),(345,241),(346,34),(346,102),(347,34),(348,35),(348,78),(348,153),(349,35),(350,35),(350,219),(350,222),(351,35),(352,35),(352,72),(353,35),(353,196),(353,243),(354,35),(354,213),(355,36),(355,110),(356,36),(356,110),(356,112),(356,226),(357,37),(358,37),(359,38),(359,101),(359,103),(360,38),(360,164),(360,174),(361,38),(361,55),(361,135),(361,239),(362,38),(362,110),(362,226),(363,40),(363,57),(363,78),(363,80),(363,113),(363,151),(363,186),(363,190),(364,40),(364,60),(365,40),(365,42),(366,40),(366,120),(366,136),(366,154),(367,40),(368,43),(368,115),(369,44),(370,44),(370,74),(370,91),(370,110),(370,166),(370,174),(370,177),(370,225),(371,47),(372,47),(373,50),(374,50),(375,51),(375,116),(376,51),(376,106),(376,116),(376,225),(376,233),(377,52),(377,230),(378,53),(379,55),(379,94),(379,104),(379,140),(379,155),(380,55),(380,56),(380,58),(380,132),(380,133),(381,55),(381,155),(381,156),(382,55),(382,161),(383,55),(384,55),(385,56),(385,196),(386,57),(386,226),(386,227),(387,57),(387,62),(387,132),(387,147),(387,161),(387,209),(388,57),(389,57),(389,140),(390,57),(390,112),(391,58),(392,58),(392,123),(393,58),(394,58),(394,210),(395,58),(395,153),(395,194),(396,58),(397,58),(397,132),(398,59),(399,59),(399,109),(399,113),(399,120),(399,138),(399,149),(399,173),(399,186),(399,226),(400,59),(400,60),(400,61),(400,62),(400,63),(401,59),(401,132),(402,59),(402,115),(402,191),(402,196),(402,222),(403,60),(403,189),(404,60),(404,164),(404,174),(404,206),(405,60),(405,64),(405,79),(405,99),(405,110),(405,155),(405,199),(405,219),(405,227),(405,238),(406,60),(407,61),(408,61),(409,62),(409,107),(409,108),(409,114),(409,115),(409,116),(409,176),(410,62),(410,133),(410,138),(410,162),(410,238),(411,62),(412,62),(412,176),(412,214),(412,221),(412,234),(413,62),(414,63),(415,63),(415,167),(416,64),(416,73),(416,119),(416,141),(416,151),(416,155),(416,161),(416,227),(416,228),(416,230),(416,239),(416,244),(416,246),(417,64),(418,64),(419,64),(419,110),(419,165),(419,242),(419,246),(420,65),(420,229),(421,65),(422,66),(423,66),(424,66),(424,145),(425,66),(425,93),(425,99),(425,154),(425,156),(426,67),(427,67),(427,143),(427,244),(428,68),(429,68),(430,68),(431,68),(432,68),(433,68),(433,101),(433,117),(433,139),(434,68),(435,69),(436,69),(436,110),(436,237),(437,70),(437,149),(438,71),(439,71),(440,71),(440,161),(440,240),(441,71),(442,72),(443,72),(444,73),(444,157),(445,73),(445,74),(445,75),(445,76),(445,79),(445,156),(445,173),(445,196),(445,199),(445,240),(446,73),(446,74),(446,75),(446,76),(447,73),(448,73),(449,74),(449,120),(449,225),(449,240),(450,74),(450,154),(451,74),(452,74),(453,74),(454,74),(455,75),(455,146),(456,75),(457,75),(458,76),(459,76),(460,76),(460,165),(460,196),(461,78),(462,78),(462,106),(462,138),(463,78),(463,152),(464,79),(465,79),(465,129),(465,138),(465,151),(465,161),(465,165),(465,184),(466,79),(467,79),(467,109),(467,230),(468,79),(468,163),(468,164),(469,80),(469,81),(469,82),(469,83),(470,80),(470,106),(471,82),(471,109),(471,129),(471,132),(471,153),(471,226),(472,82),(473,84),(474,84),(474,106),(474,123),(475,84),(476,84),(477,84),(478,84),(479,84),(479,132),(479,242),(480,85),(481,85),(482,85),(483,85),(483,154),(483,157),(483,166),(483,226),(484,85),(485,86),(485,87),(486,86),(486,133),(487,87),(487,104),(487,155),(488,87),(488,97),(488,98),(488,103),(488,138),(488,153),(488,166),(488,167),(488,227),(488,236),(488,238),(488,241),(489,90),(489,229),(490,90),(490,127),(490,135),(490,234),(491,90),(491,118),(492,90),(493,90),(493,113),(493,153),(493,235),(494,90),(494,102),(494,152),(495,90),(495,245),(496,90),(496,185),(496,213),(497,90),(497,140),(497,232),(498,90),(499,91),(500,91),(501,92),(502,92),(503,92),(504,92),(504,106),(505,92),(506,92),(507,92),(507,123),(507,124),(507,126),(508,92),(509,93),(510,94),(511,94),(512,96),(512,154),(513,98),(513,100),(513,105),(514,98),(515,99),(516,100),(517,100),(518,100),(519,101),(520,101),(521,102),(522,102),(523,102),(523,103),(524,102),(525,102),(526,102),(527,102),(527,104),(527,106),(527,135),(527,152),(527,161),(528,102),(528,110),(529,102),(530,102),(531,102),(532,102),(532,140),(533,103),(534,103),(535,103),(536,103),(537,103),(537,159),(537,174),(537,199),(537,201),(537,218),(537,239),(538,103),(539,103),(540,103),(541,103),(542,103),(542,110),(543,103),(543,110),(543,229),(544,104),(545,104),(545,222),(546,104),(547,104),(548,105),(549,105),(549,226),(549,229),(550,106),(550,139),(551,106),(551,124),(552,106),(552,236),(552,238),(552,242),(553,106),(554,108),(555,108),(555,227),(555,229),(555,245),(556,109),(556,110),(557,109),(558,109),(559,109),(560,109),(561,109),(562,109),(563,109),(564,109),(564,153),(565,109),(566,109),(566,127),(566,168),(567,109),(568,110),(568,132),(568,133),(569,110),(569,119),(570,110),(571,110),(571,118),(571,121),(571,133),(571,136),(571,245),(572,110),(573,110),(574,110),(575,110),(576,110),(577,110),(578,110),(579,110),(579,204),(579,237),(580,110),(581,110),(581,139),(581,235),(581,240),(582,110),(582,238),(583,112),(584,112),(585,112),(586,112),(587,113),(587,190),(588,113),(588,151),(588,178),(588,243),(589,113),(589,141),(589,146),(589,240),(589,242),(590,114),(591,114),(591,118),(591,237),(592,114),(593,116),(593,139),(593,152),(593,235),(593,241),(594,116),(595,118),(596,119),(596,152),(597,119),(598,119),(599,119),(600,119),(600,241),(601,119),(601,124),(602,119),(603,119),(603,124),(604,119),(605,119),(605,234),(606,120),(607,120),(608,120),(609,120),(610,120),(611,120),(611,194),(611,198),(611,207),(612,120),(613,121),(613,122),(614,121),(615,121),(615,240),(615,244),(616,121),(617,121),(618,121),(619,121),(620,122),(621,123),(622,123),(622,182),(623,123),(624,123),(624,242),(625,123),(626,123),(627,123),(628,123),(629,123),(630,123),(631,123),(632,123),(633,123),(634,124),(635,124),(635,162),(636,124),(637,124),(638,124),(639,124),(640,124),(641,124),(642,124),(642,126),(643,126),(644,126),(645,126),(646,126),(647,126),(647,153),(648,127),(649,127),(650,127),(651,127),(652,127),(653,127),(654,129),(654,165),(654,167),(654,186),(654,199),(654,209),(654,214),(654,221),(654,242),(655,129),(656,130),(657,131),(657,232),(657,236),(657,240),(658,131),(659,131),(659,189),(659,235),(659,237),(660,131),(660,218),(660,225),(661,131),(661,152),(661,226),(661,236),(661,243),(662,132),(662,235),(663,132),(664,132),(665,132),(666,132),(667,132),(668,132),(669,132),(669,140),(670,133),(671,135),(672,135),(673,135),(674,136),(674,194),(675,136),(676,136),(677,136),(678,136),(678,191),(678,224),(678,242),(679,136),(679,138),(679,186),(679,220),(679,225),(680,136),(681,136),(682,136),(683,136),(684,136),(685,136),(686,136),(687,138),(687,139),(687,235),(688,138),(688,218),(689,138),(689,227),(689,228),(689,235),(689,238),(690,138),(690,162),(691,139),(691,140),(692,139),(693,139),(694,139),(695,139),(696,139),(696,237),(697,139),(697,157),(697,164),(697,216),(698,139),(698,220),(698,234),(699,139),(700,140),(701,140),(701,155),(701,156),(701,214),(701,221),(702,141),(702,245),(703,142),(703,207),(703,244),(704,144),(704,216),(705,144),(706,145),(706,188),(706,192),(706,222),(707,148),(708,148),(709,149),(709,204),(709,235),(710,149),(710,202),(711,149),(711,180),(711,225),(711,227),(712,151),(712,152),(712,181),(713,151),(713,197),(713,238),(714,152),(715,152),(716,152),(716,164),(717,152),(717,236),(717,238),(717,242),(718,153),(719,153),(719,185),(720,153),(720,156),(721,153),(722,153),(723,153),(724,153),(725,154),(725,228),(726,155),(726,156),(726,205),(727,155),(727,156),(727,241),(728,155),(728,156),(728,184),(729,156),(730,156),(731,156),(732,157),(733,157),(734,157),(735,157),(736,157),(736,226),(737,157),(738,157),(739,157),(740,157),(740,166),(741,157),(742,159),(743,159),(744,159),(745,159),(746,162),(746,245),(747,162),(747,167),(747,224),(748,163),(748,165),(748,236),(749,163),(750,163),(751,164),(752,164),(753,164),(754,165),(755,165),(756,166),(757,166),(758,166),(758,193),(758,237),(758,243),(759,166),(760,166),(761,167),(761,198),(762,167),(762,242),(763,167),(764,167),(765,167),(766,167),(767,167),(768,167),(769,167),(770,167),(771,167),(772,167),(773,167),(774,167),(775,168),(776,174),(777,176),(778,178),(779,183),(779,244),(779,245),(780,184),(781,185),(781,206),(782,186),(783,186),(784,186),(785,188),(786,190),(786,191),(786,196),(787,191),(787,196),(787,236),(788,192),(789,198),(790,200),(790,227),(791,202),(792,204),(793,207),(794,207),(795,208),(796,210),(796,230),(797,210),(797,228),(798,211),(799,211),(800,213),(801,214),(801,221),(802,214),(802,221),(802,242),(803,215),(803,230),(804,216),(805,216),(806,218),(807,218),(808,218),(809,218),(810,219),(811,220),(812,220),(813,220),(814,222),(815,222),(816,223),(817,224),(818,224),(819,225),(820,225),(821,226),(821,227),(822,226),(822,227),(822,232),(823,226),(824,226),(825,227),(826,227),(827,227),(828,227),(828,238),(829,227),(830,227),(830,236),(831,228),(831,245),(832,228),(833,228),(834,228),(835,228),(836,228),(837,228),(838,229),(839,229),(839,237),(839,240),(840,229),(841,229),(842,229),(842,238),(843,229),(844,230),(845,230),(846,230),(847,231),(847,235),(848,231),(849,233),(850,234),(851,235),(851,237),(852,235),(853,235),(854,235),(854,240),(855,235),(856,235),(856,239),(857,236),(857,239),(858,236),(859,236),(859,237),(859,240),(859,241),(860,237),(861,237),(862,238),(863,238),(864,238),(865,238),(865,244),(866,238),(866,242),(867,239),(868,239),(868,243),(869,239),(869,243),(870,239),(870,242),(870,243),(871,239),(872,239),(873,240),(874,240),(875,240),(876,241),(876,243),(877,241),(878,241),(879,241),(880,241),(881,242),(882,242),(882,243),(883,242),(884,242),(885,243),(886,243),(887,243),(888,243),(889,243),(890,244),(891,244),(892,244),(893,244),(894,244),(895,244),(896,245),(897,245),(897,246),(898,245),(899,246),(900,246);
/*!40000 ALTER TABLE `roletagrelation` ENABLE KEYS */;
UNLOCK TABLES;

--
-- Table structure for table `source`
--

DROP TABLE IF EXISTS `source`;
/*!40101 SET @saved_cs_client     = @@character_set_client */;
/*!50503 SET character_set_client = utf8mb4 */;
CREATE TABLE `source` (
  `source_id` int NOT NULL AUTO_INCREMENT,
  `source_type` enum('animation','book','game') COLLATE utf8mb4_unicode_ci NOT NULL DEFAULT 'animation',
  `name` varchar(255) COLLATE utf8mb4_unicode_ci NOT NULL,
  `description` text COLLATE utf8mb4_unicode_ci,
  `author` varchar(100) COLLATE utf8mb4_unicode_ci DEFAULT NULL,
  `studio` varchar(100) COLLATE utf8mb4_unicode_ci DEFAULT NULL,
  `release_date` date DEFAULT NULL,
  `status` enum('not_released','ongoing','ended') COLLATE utf8mb4_unicode_ci DEFAULT NULL,
  PRIMARY KEY (`source_id`),
  UNIQUE KEY `source_type` (`source_type`,`name`),
  KEY `idx_source_release_date` (`release_date`),
  FULLTEXT KEY `idx_source_name` (`name`) /*!50100 WITH PARSER `ngram` */ 
) ENGINE=InnoDB AUTO_INCREMENT=57 DEFAULT CHARSET=utf8mb4 COLLATE=utf8mb4_unicode_ci;
/*!40101 SET character_set_client = @saved_cs_client */;

--
-- Dumping data for table `source`
--

LOCK TABLES `source` WRITE;
/*!40000 ALTER TABLE `source` DISABLE KEYS */;
INSERT INTO `source` VALUES (1,'animation','别对映像研出手！','高中1年级学生浅草绿，是强调“设定即生命”的动画迷。在素描本上描绘积累各种各样的想法，却因不能一个人行动做事而无法迈出走向动画制作的一步。对于浅草这种才能，拥有制片人气质的金森沙耶香很快注意到了。同时，得知同学兼新星读者模特的水崎燕，其实希望将来成为动画人，3人为了展现脑内“最强的世界”而设立了映像研……','湯浅政明','サイエンスSARU','2020-01-05','ended'),(2,'animation','辉夜大小姐想让我告白～天才们的恋爱头脑战～','家庭背景与人品都很棒！！一大群有前途的秀才所聚集的秀知院学园！！在那里的学生会相遇的副会长·四宫辉夜与会长·白银御行原本应该是彼此受到了对方吸引…但想不到都过半年了却仍然什么事情也没发生！！最麻烦的是这两个自尊心超强、无法坦率的家伙，居然开始想着要“设法让对方向自己告白”！？\n直到恋情有下落之前会很欢乐的故事！！新感觉“斗智”爱情喜剧、就此开战！！','小俣真一','A-1 Pictures','2019-01-12','ended'),(3,'animation','辉夜大小姐想让我告白？～天才们的恋爱头脑战～','人才云集的精英校·秀知院学园，在该校的学生会相遇的副会长·四宫辉夜与学生会长·白银御行。\n无论任何人都认为十分般配的这两位天才，本以为很快就会喜结良缘，但碍于过高的自尊心而仍然未能告白！\n“如何让对方告白”在这样的恋爱头脑战中穷尽智略的两人……\n其罕有的知性热失控！已经完全无法控制！\n恋爱让天才变成傻瓜！\n新感觉“头脑战”？恋爱喜剧，再次开战！','小俣真一','A-1 Pictures','2020-04-11','ended'),(4,'animation','辉夜大小姐想让我告白-超级浪漫-','秀知院学园是秀才云集的菁英学校，在学生会中担任学生会副会长·四宫辉夜遇见了学生会长·白银御行。\n原以为这两个任谁都觉得很登对的天才应该很快就会在一起，但这两人却因为过高的自尊心导致他们终没能向对方告白。\n“该用什么办法才能让对方向自己告白呢？”在这场恋爱头脑战中用尽各种智慧谋略、身经百战的两人，各自在心中下了某个决心。\n在秀知院学园高中部的文化祭“奉心祭”的最终日到来前，两人的恋情将会出现巨大的进展。','小俣真一','A-1 Pictures','2022-04-08','ended'),(5,'animation','异种族风俗娘评鉴指南','ここは人間だけではなく、エルフ、獣人、悪魔に天使と、あらゆる異種族が混在し、暮らしている世界。そこには当然、あらゆる異種族のスケベなお店もあるわけで…。\n足しげくムフフなサービスをしてくれるお店に通う人間の冒険者・スタンクは、ある日種族間の（性的な意味での）感性の違いで悪友のエロエルフ・ゼルと衝突する。\n決着の方法は……嬢のレビュー!?　あらゆる異種族娘のサービスをクロスレビュー方式で採点し、他の仲間達への“お役勃ち”情報として提供していくスタンクたちの活躍は、まさに性戦士のごとし！\n今日もレビュアーズたちは新たな快楽を求めて旅勃って行く……。','小川優樹','パッショーネ','2020-01-11','ended'),(6,'animation','进击的巨人 最终季','「その巨人はいついかなる時代においても、自由を求めて進み続けた。自由のために戦った。名は――進撃の巨人」\nついに明かされた壁の外の真実と、巨人の正体。ここに至るまで、人類はあまりにも大きすぎる犠牲を払っていた。それでもなお、彼らは進み続けなければならない。壁の外にある海を、自由の象徴を、まだその目で見ていないのだから。\n――やがて時は流れ、一度目の「超大型巨人」襲来から6年。調査兵団はウォール・マリア外への壁外調査を敢行する。\n「壁の向こうには海があって、海の向こうには自由がある。ずっとそう信じてた……」\n壁の中の人類が、初めて辿り着いた海。果てしなく広がる水平線の先にあるのは自由か、それとも……？\nエレン・イェーガーの物語は、新たな局面を迎える。','林祐一郎','MAPPA','2020-12-06','ended'),(7,'animation','Re：从零开始的异世界生活 第三季 袭击篇','襲い来るエルザたちの猛攻を退け、大兎との戦いでベアトリスとの契約を果たした「聖域」の解放から1年が過ぎた。\n王選に臨むエミリア陣営は一致団結、充実した日々を送っていたナツキ・スバルだったが、平穏は使者によって届けられた一枚の書状によって終わりを告げる。\nそれは王選候補者の一人、アナスタシアがエミリアへ宛てたルグニカの五大都市に数えられる水門都市プリステラへの招待状だった。\n招待を受け、プリステラへ向かうスバルたち一行を待っていたのは様々な再会。\n一つは意外な、一つは意図せぬ、そして一つは来るべき。水面下で蠢く悪意の胎動と降りかかる未曾有の危機。\n少年は再び過酷な運命に立ち向かう。','篠原正寛','WHITE FOX','2024-10-02','ended'),(8,'animation','Re：从零开始的异世界生活 第三季 反击篇','襲い来るエルザたちの猛攻を退け、大兎との戦いでベアトリスとの契約を果たした「聖域」の解放から1年が過ぎた。\n王選に臨むエミリア陣営は一致団結、充実した日々を送っていたナツキ・スバルだったが、平穏は使者によって届けられた一枚の書状によって終わりを告げる。\nそれは王選候補者の一人、アナスタシアがエミリアへ宛てたルグニカの五大都市に数えられる水門都市プリステラへの招待状だった。\n招待を受け、プリステラへ向かうスバルたち一行を待っていたのは様々な再会。\n一つは意外な、一つは意図せぬ、そして一つは来るべき。水面下で蠢く悪意の胎動と降りかかる未曾有の危機。\n少年は再び過酷な運命に立ち向かう。','篠原正寛','WHITE FOX','2025-02-05','ended'),(9,'animation','隐瞒之事','ちょっと下品な漫画を描いてる漫画家の後藤可久士。\n一人娘の小学4年生の姫。\n可久士は、何においても、愛娘・姫が最優先。\n親バカ・可久士が娘・姫に知られたくないこと。\nそれは……\n自分の仕事が『漫画家』であること。\n自分の“かくしごと”が知られたら\n娘に嫌われるのでは！？\n“愛と笑い、ちょっと感動のファミリー劇場がはじまる――”','村野佑太','亜細亜堂','2020-04-02','ended'),(10,'animation','某科学的超电磁炮T','总人口230万人，扩展至东京西部的巨大城市。在这座因学生占其人口约八成，而被称为「学园都市」的城市中，扭曲世界法则引发超常现象的力量——超能力的开发正在进行。\n接受特殊课程〈Curriculum〉，获得了能力的学生们，通过定期的『身体检查〈System Scan〉』，得到从『无能力者〈Level0〉』到『超能力者〈Level5〉』的6个阶段的评价。\n站在其顶点的，是被誉为最强的7人的『超能力者』。\n其中的一人，御坂美琴。\n作为自由操纵电气的最高位的能力者『电击使〈Electro Master〉』，有着『超电磁炮〈Railgun〉』的别名的她，是名门大小姐学校·常盘台中学的14岁女高中生。后辈『风纪委员〈Judgement〉』白井黒子，憧憬着大小姐的同学初春饰利，以及喜欢都市传说的朋友佐天泪子。\n在与这些伙伴们一起度过和平、普通、又稍稍有些变化的学园都市日常生活时，一年一度的大事件正在迫近。\n『大霸星祭』。在7天的举办时间中，能力者们以学校为单位展开激战的巨大体育祭。在这期间，学园都市的一部分向公众开放，面对向全世界转播的热闹活动，每个人都很激动。而谁都没有注意到，有什么在这华丽的舞台背后蠢蠢欲动——。','長井龍雪','J.C.STAFF','2020-01-10','ended'),(11,'animation','Love Live! 虹咲学园校园偶像同好会','位于东京台场，拥有自由校风和多项专科的人气高中「虹咲学园」。对学园偶像的魅力感到心动的普通科2年级高咲侑，和儿时玩伴上原步梦一起敲响了「学园偶像同好会」的门。\n有时作为对手，有时作为同伴，胸怀各自的心意，每天展开活动的成员们。\n「如果能够为追逐梦想的人加油的话……。」\n9名与1名少女所编织的，第一次的「大家实现梦想的故事（School Idol Project）」。传达到吧！我们的心动——。\n现在，再一次追逐梦想吧！','河村智之','サンライズ','2020-10-03','ended'),(12,'animation','甜梦猫','日向ゆめは、とっても明るく元気な中学1年生。ゆめは入学式の前日、お空の上から落ちてきた謎のぬいぐるみを拾います。\nそのぬいぐるみは自らを「みゅー」と名乗り、突然話し始めたのです。しかも、「みゅー」はパートナーと心と心を通じ合わせると、同じ夢の中に入ることができる『ユメシンクロ』という力を持っているといいます。\nその夜、ゆめが見た夢にお空の上にあるミラクルドリーミー王国の女王様が現れ、ゆめに告げます。「みゅー」と一緒にドリーミーストーンをいっぱい集めることができたら、あなたの夢を一つだけ叶えます、と。こうしてゆめは新しい中学校で恋に部活に胸をときめかせながら、「みゅー」と共にドリーミーストーンを集めることになるのです。','桜井弘明','J.C.STAFF','2020-04-05','ended'),(13,'animation','听着这电波','“唉呀……过了25岁跟男人分手的话好难受啊！”\n居住在北海道札幌，在浓汤咖喱店工作的鼓田美奈丽，在酒馆里与刚认识的当地广播局的导播·麻藤兼嗣谈起了自己的失恋经历。\n第二天，就在她跟往常一样准备在工作岗位上开始工作时，店内播放的广播传来了美奈丽恶骂她前男友的声音……原来是麻藤将美奈丽的抱怨秘密录音了下来，并在广播直播中放了出来。美奈丽情绪激动地赶往了广播局。然而，麻藤却毫不畏惧地说了一句。\n“小姐，既然你要停下来，那就说明你要负责主播喽？”\n在这样的处境下，美奈丽为了辩解刚才的播放内容，拼尽全力地开始了自己的首次即兴直播。结果就是，这场广播出乎意料地大受好评，而后麻藤正式邀请她担任广播播音员。\n“你，想不想主持一个冠名节目试试？”\n节目的名字为《听我的电波吧》。北海道的深夜3点半，美奈丽苏醒！','南川達馬','サンライズ','2020-04-03','ended'),(14,'animation','强袭魔女 通往柏林之路','突如出現した人類の敵「ネウロイ」に対抗するべく世界各国が連合軍を組んだ。\nただし、彼らに対抗できるのは特殊な魔力を持った、少女たちだけだった・・・。\n遂に連合軍によるベルリン奪還作戦が始動し、\n再び結成される第501統合戦闘航空団「ストライクウィッチーズ」、\n新たな501メンバーとして「服部静夏」も加わり\nネウロイとの死闘を繰り広げてゆく！\n果たしてベルリンの空を開放する事は出来るのか！？','高村和宏','david production','2020-10-07','ended'),(15,'animation','无职转生～到了异世界就拿出真本事～','“我要在这个异世界拿出真本事！”\n34岁童贞且无职的家里蹲男子，在父母的葬礼当天被赶出家门后，在路上被一辆卡车所撞死。意识清醒后，他发现自己居然作为一个刚出生的婴儿转生到了剑与魔法的异世界！像废物一样活过了前世的男子，发誓要作为少年·鲁迪乌斯在异世界以认真的态度好好活下去！\n等待着鲁迪乌斯的是，与娇小魔术师、有着精灵长耳又很男孩子气的美少女、凶暴的傲娇大小姐以及其他性格各异的人们之间的邂逅，当然也还有残酷的冒险与战斗。\n新的人生就要开始了！“人生重来型”幻想冒险谭，在此开幕！','岡本学','スタジオバインド','2021-01-10','ended'),(16,'animation','无职转生～到了异世界就拿出真本事～ 第2部分','「俺は、この異世界で本気だす！」\n34歳・童貞・無職の引きこもりニート男。\n両親の葬儀の日に家を追い出された瞬間、トラックに轢かれ命を落としてしまう。\n目覚めると、なんと剣と魔法の異世界で赤ん坊に生まれ変わっていた！\nゴミクズのように生きてきた男は、少年・ルーデウスとして異世界で本気をだして生きていく事を誓う。\nフィットア領転移事件で魔大陸に転移後、冒険者パーティ「デッドエンド」を結成し、\n魔大陸最南端の港町・ウェンポートに到着したルーデウスたち。\nルーデウスは「魔界大帝キシリカ」と出会い新たな力を手に入れる。\n魔力災害に巻き込まれた家族や仲間の行方はー。\n「人生やり直し」ファンタジー、再始動！','岡本学','スタジオバインド','2021-10-03','ended'),(17,'animation','无职转生Ⅱ ～到了异世界就拿出真本事～',NULL,'平野宏樹','スタジオバインド','2023-07-02','ended'),(18,'animation','无职转生Ⅱ ～到了异世界就拿出真本事～ 第2部分',NULL,'渋谷亮介','スタジオバインド','2024-04-07','ended'),(19,'animation','摇曳露营△ 第二季','这也是，某个冬日的故事。\n山梨的女高中生志摩凛，乘着钟爱的机车一路前往滨名湖。从除夕这天开始，久违了的单人露营。从山梨出发前往静冈县磐田。在磐田迎来新年，今天则是第三天。虽然行驶了相当长的距离，但仍然感觉很开心。就在此时，停靠在海边的凛忽然想道「果然，我还是很喜欢单人露营啊」\n另一方面，了解凛这份心情的抚子，也产生了新的想法。喜欢和大家一起露营。做完饭后满足地享受也令人开心。但是「我也很想像小凛那样，试试看单人露营啊」\n抚子与凛，从这两人的相遇开始的户外系girls story第二幕，现在开幕。','京極義昭','C-Station','2021-01-07','ended'),(20,'animation','悠哉日常大王 Nonstop','“旭丘分校”的学生，仅有五人。虽然学年性格各不相同，但大家一起做菜、一起捉虫、一起试着练习乐器……春夏秋冬四季变换的乡村生活，一直都那么让人兴奋。虽然一如既往地平和，但在欢笑和感动当中，心中也变得温暖起来。悠哉悠哉的几位成员所度过的日常，再一次开始了。','川面真也','SILVER LINK.','2021-01-10','ended'),(21,'animation','境界触发者 第三季',NULL,NULL,'東映アニメーション','2021-10-09','ended'),(22,'animation','佐贺偶像是传奇 复仇','2018年10月、オリジナルTVアニメ「ゾンビランドサガ」の放送が深夜にひっそりと開始。\n2019年、佐賀県凱旋LIVEで続篇の制作を発表したが、\n今日まで沈黙を続けてきた。\nそして、沈黙は破られ2021年4月オリジナルTVアニメ「ゾンビランドサガ リベンジ」がアニメーション制作スタジオ「MAPPA」設立10周年に放送決定！\n遂に新感覚ゾンビアイドル系オリジナルTVアニメ「ゾンビランドサガ リベンジ」の幕が上がる。\nオリジナルTVアニメ「ゾンビランドサガ リベンジ」――――\n最終回が終わる頃、佐賀県という言葉は、新しい意味を持つだろう。\nこれは「運命へのリベンジ」。\n理不尽な運命の炎に焼き焦がされてきた我々の尊厳を取り戻す戦い。','境宗久','MAPPA','2021-04-08','ended'),(23,'animation','歌剧少女!!','大正时期创设，仅未婚女性可以参与的华美无比的舞台上产生了突破时代魅惑人心的「红华歌剧团」。培养其人才的「红华歌剧音乐学校」中，通过了极低的入学率成功入学的第100期学生们。憧憬着“奥斯卡大人”，身高178cm天真烂漫的少女，渡边更纱。对梦想与朋友都毫不在意，前国民偶像，奈良田爱。不管什么都毫不相同的她们，将度过充满了希望与纠结音乐学校生活，现在开幕！','米田和弘','PINE JAM','2021-07-03','ended'),(24,'animation','SSSS.电光机王','不如归台高中一年生的麻中蓬，在某日回家的路上，与自称『怪兽操控者』的谜之男子失马相遇。\n突然出现的怪兽以及巨型机器人戴拿赛诺。\n在那里的南梦芽、山中历、飞鸟川千濑也共同被卷入战斗中。','雨宮哲','TRIGGER','2021-04-02','ended'),(25,'animation','瑞克和莫蒂 第五季','Season 5 is the upcoming fifth season of Rick and Morty. Season 5 will consist of 10 episodes. Production of the season was confirmed in July 2019. It will premiere on June 20, 2021.','Justin Roiland',NULL,'2021-06-20','ended'),(26,'animation','灵能百分百 第三季','“1 and Only One”\n友情、恋、そして自分自身――\nモブの青春が爆発するシリーズ第三弾！\n学校生活に除霊のアルバイトと、忙しい日々をおくるモブ。\n一方、霊幻は新人所員・芹沢と、霊とか相談所に次々と舞い込む奇妙な依頼に奔走している。\nそんな中、街の中心にそびえ立つ巨大なブロッコリーは、\nいまや“神樹“として崇拝され街の人々を魅了していた。\n再びモブの前から姿を消したエクボに、新たな盛り上がりを見せるサイコヘルメット教…。\n街の危険を察知したモブたちはブロッコリーへと向かう。\n果たして神樹の中では何が起きているのか…！？','蓮井隆弘','BONES','2022-10-05','ended'),(27,'animation','向山进发 Next Summit','继登上了标高197m的天览山后，葵和日向二人又登上了599m的高尾山、1786m的三峠山，不断创下新高。而后她们也登顶了那座回忆中的山——谷川岳。在周游关东名峰的过程中结识了可可奈、枫以及穗香等人，她们的户外活动也由此变得多姿多彩。而在丰富了登山知识、工具并练就了体力后，葵决心向更高的目标进发。\n（第1~4话为追加了新作短篇剧情的前作总集篇，第5话起为完全新作剧情。）','山本裕介','エイトビット','2022-10-04','ended'),(28,'animation','擅长捉弄的高木同学 第三季','“捉弄”缩短了二人的距离，\n2022年想要守候的初恋就在这里。\n在一所初中里，有一个叫做西片的男生，他时不时就会遭到同桌女生高木的捉弄。\n西片每次思考对策，想要捉弄回高木，都会被高木看透。\n于是西片每天都绞尽脑汁，想要扳回一城…\n然而随着时间变化的不止是季节，还有西片的心境？\n看似占据优势的高木似乎也发生了让她动摇的事情？\n是看对方喜欢自己，还是将喜欢展现给对方看——\n让人止不住微笑和心动的“捉弄战争”，终于要进入最终回合！？','赤城博昭','シンエイ動画','2022-01-07','ended'),(29,'animation','死神 千年血战篇','或是偶然，或是必然——\n因缘际会下得到死神力量成为《死神代理》的黑崎一护，被卷入聚集现世死亡灵魂的场所·尸魂界的动乱，在激烈的战斗中，和同伴一起得到的巨大的成长。\n而此时一护所在的空座町发生异变。出现了新的死神和新的敌人。还有求救的声音。一护再次拿起斩魄刀，奔赴战场。\n另一边，尸魂界观测到现世里的虚突然连续地消失，给引导到尸魂界的灵魂提供定居场所的流魂街发生居民们出现失踪的状况，以及死神所聚集在的灵屋·静灵庭也被敌军袭击。\n敌军的真正身份，是灭却师的始祖·友哈巴赫率领的《无形帝国》。\n《无形帝国》向死神们正式宣战。\n「五天后，尸魂界会被“无形帝国”消灭」\n跨越千年死神们所背负的因果。它的宿命罪孽和隐藏的真相终将解开。\n一切走向终焉。黑崎一护的最后一战开始了。','田口智久','ぴえろ','2022-10-10','ended'),(30,'animation','相合之物','为了追寻梦想来到东京的纳野和，得知了父亲住院的消息后，决定回到了阔别十年的老家，继承和式点心店·绿松。\n但是店内已经有了另一位候补继承人：看板娘雪平一果，在纳野家一边寄居一边工作。\n和被委以代替一果的父母的重任，但一果对曾经弃店的和怀有敌意，并宣布要接管这家店。\n在与态度冷淡的她一起工作的过程中，和了解到她的另一面。\n这是以京都为舞台，日式点心将人与人连接起来的温暖故事。','追崎史敏','鵲','2022-04-06','ended'),(31,'animation','街角魔族 2丁目','大人気ご町内日常ファンタジーが帰ってくる！\n魔族の力に目覚めて以来、闇の一族の封印を解くため\nポンコツながらも戦ってきた主人公・シャミ子。\nライバルだったはずの魔法少女・桃とは、なぜか協力関係になってしまい、\n町から姿を消した魔法少女の謎をともに追うことに･･･！？\nさらに町に潜む新たな魔族も登場し、シャミ子たちの行く末やいかに──。','桜井弘明','J.C.STAFF','2022-04-07','ended'),(32,'animation','明日同学的水手服','舞台位于乡下的名门女子初级中学——私立蜡梅学园。\n有一位名叫明日小路的少女，梦想着能够穿上这所学园的水手服。\n因为某个契机，她实现了这一梦想，于是在紧张中迎来了开学典礼的日子——\n「我要穿水手服」\n怀抱着决心，少女梦想的初中生活就此展开♪\n同班同学、学校供餐、社团活动…\n小路拼尽全力，奔跑在充满“第一次”的每一天！\n这是少女们闪闪发光的青春日记。\n「我能交到很多朋友吗？」','黒木美幸','CloverWorks','2022-01-08','ended'),(33,'animation','夏日重现','“潮死了——”\n听闻青梅竹马・小舟潮讣告的网代慎平，时隔2年回到了故乡和歌山市・日都岛。\n家人和朋友再会，葬礼也顺利进行。然而，好友菱形窗却告诉慎平“潮的死存在可疑之处，有他杀的可能性”。\n第二天又发生了邻居一家突然全部消失的事件。随着时间的推移，慎平又听到了一个不祥的传闻。\n“看到与自己一样的影子的人会死。会被影子杀死——”并且，潮的妹妹・澪说，“姐姐去世前3天看到了影子”……\n在纪淡海峡浮现的夏季小岛上，穿越时空的SF悬疑片，现在拉开帷幕——','渡辺歩','OLM','2022-04-14','ended'),(34,'animation','彻夜之歌','“我第一次在夜里，没跟任何人说就出来了。”\n讨厌女生的初中二年级学生夜守光，现在不知为何不去上学了。\n而且，每天晚上都睡不着觉。\n有一天，小光第一次在夜里没告诉任何人就出去了。 夜风怡人，自由自在，与白天完全不同。小光发现夜晚才是他的归宿。\n这时，神秘的美少女七草荠突然出现。 她是夜晚的居民·吸血鬼。 荠告诉小光夜晚的乐趣。\n“熬到今天满意为止吧，少年。”\n夜晚，被荠迷住的小光向她请求。\n“请把我变成吸血鬼。”\n荠告诉了他成为吸血鬼的方法。羞怯地说。那就是……\n“人类爱上吸血鬼！”\n究竟不懂恋爱的小光，会不会和荠恋爱，并成为吸血鬼呢！？\n两个人的特别的“约会”开始了——','板村智幸','ライデンフィルム','2022-07-07','ended'),(35,'animation','间谍过家家','每个人都有着不让任何人所看见的一面——\n这是一个世界各国在暗地里展开激烈情报战的时代。东国和西国已经处于冷战状态长达十余年之久。\n隶属于西国情报局对东科（WISE）的精英间谍“黄昏”，为了调查东国国家统一党总裁多诺万·德斯蒙这一威胁东西和平的危险人物的战争计划，黄昏被指派了一个绝密的任务。\n这个任务称之为“枭”作战。\n任务的内容是在一周内组建成一个家庭，潜入德斯蒙的儿子就读的名校，并解决掉德斯蒙。\n但是，黄昏所遇到的“女儿”是能读懂内心的超能力者，“妻子”则是暗杀者。三人为了彼此的利益而成为了一家人，并决定在隐藏真实身份的情况下共同生活。\n世界的和平被托付给了这个意外频出的临时家庭。','古橋一浩','WIT STUDIO','2022-04-09','ended'),(36,'animation','间谍过家家 第2部分','人人都有不愿对他人露出的一面。\n这是一个情报战的年代，全球各国都全力参与其中，表面上却不动声色。\n东国和西国已陷入冷战长达十多年。“黄昏”是一名顶尖间谍，隶属西国专门对付东国的情报局 WISE。他奉命执行一项秘密任务：追踪东国国家统一党党魁唐纳文‧戴斯蒙德的一举一动。这名危险人物为东西两国间的和平构成重重威胁。\n这场行动代号是“枭”。黄昏必须在一个星期内组织家庭，潜入戴斯蒙德儿子就读的名校，参加他们的日常社交聚会。他假扮成精神科医生洛伊德‧佛杰，迅速组成家庭，一切照计划进行，不料他的“女儿”安妮亚竟有读心术，“妻子”约儿更是个杀手！\n志同道合、互相隐瞒真实身份的三人就这么住在一块。\n维持世界和平的重责大任落在这个临时家庭的手上。事情的发展，无可预期！','古橋一浩','WIT STUDIO','2022-10-01','ended'),(37,'animation','JOJO的奇妙冒险 石之海','西历2011年，美国·佛罗里达州。\n在与恋人兜风途中遇到了交通事故的空条徐伦，因被陷害而获刑15年。\n收容设施是州立绿海豚街重警备监狱——别名「水族馆」。\n深陷绝望之中的徐伦，在手握父亲所托的吊坠时，她觉醒了不可思议的力量。\n“这个世界上存在着比死还恐怖的事情，而这一切都将在这所监狱中发生”\n徐伦面前出现的神秘少年所传达的信息，不断发生的不可思议的事件，前来探视的父亲·空条承太郎所说的令人恐惧的现实，以及名为DIO之人……空条徐伦究竟能否从这所「石之海」一般的监狱中重获自由？\n给持续百年之久的乔斯达一族与DIO之间的宿命画上终止符的一战，即将开始！！','加藤敏幸','david production','2022-01-07','ended'),(38,'animation','古见同学有交流障碍症 第二季',NULL,'川越一生','OLM','2022-04-06','ended'),(39,'animation','葬送的芙莉莲','魔法使芙莉莲和勇者辛美尔等人一起，历经十年的冒险之后击败了魔王，为世界带来了和平。\n身为能活上一千多年的精灵族，她于是和辛美尔等人约定再次相见后，踏上了独自一人的旅途。\n自那以后，50年过去，芙莉莲又前往拜访辛美尔，相比于和50年前一点没变的她来说，辛美尔已经年迈体衰，进入了风烛残年。\n之后，她目睹了辛美尔迎来他的死亡，痛感自己以往没能“知晓人心\"，陷入后悔的芙莉莲，为了“知晓人心\"，踏上了旅途。\n这趟旅途会邂逅各种各样的人，也有各种各样的事情在等待着她。','斎藤圭一郎','MADHOUSE','2023-09-29','ended'),(40,'animation','我心里危险的东西','有着重度中二病的阴沉少年市川京太郎，因为很看不惯位于学校金字塔顶端的阳角美少女山田杏奈，每天都在妄想着要怎么结束掉她的性命。没想到在一次偶然情况下，京太郎撞见了杏奈不为人知的一面，爱吃零食的她常躲进京太郎的圣地图书室偷吃零食，就这样图书室变成了他们两个交集的秘密基地。随着市川的一步步观察，他发现平时以“清高、阳光”等性格示人的山田有着不为人知的一面…… 阴暗少年京太郎的初恋，萌芽了！阳角美少女×阴角男子，原本不可能缩短距离的两人，会发生奇迹吗？极甜的青涩校园爱情喜剧开始——！','赤城博昭','シンエイ動画','2023-04-01','ended'),(41,'animation','天国大魔境','2024年，世界发生了史无前例的灾难，然后15年过去了。\n成为废墟的日本栖息着一种食人的怪物（蛭子），人们艰难地生存着。\n在东京·中野经营万事屋的的斩子接受了一个神秘女人的委托，“带这个孩子去天国”。\n这个被留下的名叫真流的孩子说“天国好像有人和我长得一模一样。”\n除此之外他什么都不知道。\n“天国”究竟在哪里？\n当你到达那里时会发生什么......？\n真流和斩子寻找天国的旅程现在开始了——！','森大貴','Production I.G','2023-04-01','ended'),(42,'animation','偶像大师 灰姑娘女孩 U149','某一个午后。迎来暑假的橘爱丽丝，进入了某个事务所的房间。在那里，她见到了年级和性格都大相径庭的8位少女们。房间的名字是“第3艺能课”。杂乱狭小的房间里，小小（149cm以下）的女孩子们怀揣着梦想。我们作为偶像的故事，也从此开始了呢。接下来登场的是如同白马王子一般的制作人！……才怪，而是刚刚成为制作人的矮小青年。仅仅拥有干劲的新晋制作人，一切都从零起步的少女们。烦恼着“为什么工作会那么难”，第二天又能若无其事的欢笑，手牵着手不断向上攀登。爱丽丝一行人，能终将达到她们梦想中的那个舞台吗？这是源自“偶像大师灰姑娘女孩”的全新故事。“一呐，长大了之后，会变成什么样呢！？”','岡本学','CygamesPictures','2023-04-05','ended'),(43,'animation','跃动青春','岩仓美津未从乡下的小初中，以第一名的成绩考入了东京的高升学率高中。\n这位乡村神童心怀完美的人生蓝图、独自来到东京。她成绩优异，却与他人有着独特的距离感，稍显格格不入。\n她虽然偶尔会失败，但还是凭借天真的性格一点点打动班上的同学，使他们那各不相同的性格逐渐交叠。\n相遇、相知、最终心意相通。\n人人都会有心烦和焦躁之时。而无可替代的朋友，定将带来互相理解的契机。\n这是个偶有杂音却能让人不知不觉快乐起来的校园生活喜剧！','出合小都美','P.A.WORKS','2023-04-04','ended'),(44,'animation','别当欧尼酱了！','某天，家里蹲的啃老族绪山真寻一觉醒来发现自己变成了“女孩子”！？正当真寻不知道镜子里的美少女是自己而陷入混乱的时候，跳级进入大学的科学家妹妹绪山美波里出现了。她透露在饮料里加了一种奇怪的药物！\n真寻最近2年一直疯狂宅家玩小黄游，偶尔不得已才会工作！突然成为女孩子开始生活的真寻，对于厕所、浴室、裙子、胸罩等女人的生活完全不懂…并且他和美波里中学时期的同学穗月枫和其妹妹穗月椛认识。\n真寻的日常生活逐渐热闹起来。在持续的苦难中，到底“前”哥哥的命运会如何...！','藤井慎吾','スタジオバインド','2023-01-05','ended'),(45,'animation','【我推的孩子】','“在演艺圈里，谎言就是武器。 ”\n在小城市工作的妇产科医生・五郎，有一天他所推的偶像“B小町”出现在了他的面前。“B小町”有着一个禁忌的秘密。\n如此这般的两人实现了最糟糕的相遇，从此命运的齿轮开始转动——','平牧大輔','動画工房','2023-04-12','ended'),(46,'animation','石纪元 新世界','自全人类被神秘现象瞬间石化之后，已过去了几千年——\n千空，一个有着超越常人的头脑，彻头彻尾的科学少年醒来了。\n面对着文明已经灭绝的石之世界，千空决心以科学的力量重建地球，他找来了同伴，建立起了“科学王国”。\n但是，他们碰上了由灵长类最强高中生狮子王司统领的“武力帝国”。\n司为了净化人类，决心以强大的武力，阻止科学的发展。\n经过科学与武力的大战，千空等人的科学王国取得优势，两国最终和解。\n司因为背叛而陷入了冷冻睡眠状态，而千空为了复活全人类，决心率领科学王国前往石化光线的产生地——地球另一头的新世界。\n迈向全世界，解开石化之谜！\n石世界的大航海时代终于拉开了序幕！','松下周平','トムス・エンタテインメント','2023-04-06','ended'),(47,'animation','超超超超超喜欢你的100个女朋友','中学で失恋100回を達成した愛城恋太郎は、\n高校でこそ彼女を！と願い訪れた神社で、現れた恋の神様から\n「高校で出会う運命の人は100人いる」と告げられる。\nしかし神様いわく、運命の人と出会った人間は、\nその相手と愛し合って幸せになれなければ死んでしまうという……。\n次々に待ち受ける運命の人との出会い──どうする恋太郎？どうなる100人の彼女！？','佐藤光','バイブリーアニメーションスタジオ','2023-10-08','ended'),(48,'animation','命运-奇异赝品 黎明低语','“圣杯战争”是由魔术师（御主）和英灵（从者），围绕着能够实现一切愿望的许愿机“圣杯”进行的战斗。日本的第五次圣杯战争结束之后，又过去了数年。在美国西部的城市“雪原市”，观测到了新圣杯的征兆。于是，魔术师（御主）和英灵（从者）集结到了一起。欠缺的职阶。本不可能被选中的从者。暗中活动的国家机构。为战争而打造的城市。——各种例外和违规，让圣杯战争陷入混乱，变得越发扭曲。在虚假圣杯的舞台上，人类与英灵（从者）的狂宴就此拉开序幕……','榎戸駿','A-1 Pictures','2023-07-02','ended'),(49,'animation','偶像大师 百万现场！','春日未来想抓住还未实现的梦想。\n憧憬成为偶像的最上静香。\n伊吹翼不知道全力以赴会得到什么。\n等待着被偶像光辉包围的3人，是新的伙伴。\n39个偶像们一起向“梦想”伸出手的时候，剧场会绽放百万光芒！\n百万现场！开演！','綿田慎也','白組','2023-10-08','ended'),(50,'animation','间谍过家家 第二季','人はみな　誰にも見せぬ自分を　持っている――\n世界各国が水面下で熾烈な情報戦を繰り広げていた時代。\n東国（オスタニア）と西国（ウェスタリス）は、十数年間にわたる冷戦状態にあった。\n西国の情報局対東課〈WISE（ワイズ）〉所属である凄腕スパイの〈黄昏（たそがれ）〉は、東西平和を脅かす危険人物、東国の国家統一党総裁ドノバン・デズモンドの動向を探るため、ある極秘任務を課せられる。\nその名も、オペレーション〈梟（ストリクス）〉。\n内容は、“一週間以内に家族を作り、デズモンドの息子が通う名門校の懇親会に潜入せよ”。\n〈黄昏（たそがれ）〉は、精神科医ロイド・フォージャーに扮し、家族を作ることに。\nだが、彼が出会った娘・アーニャは心を読むことができる超能力者、妻・ヨルは殺し屋だった！\n3人の利害が一致したことで、お互いの正体を隠しながら共に暮らすこととなる。\nハプニング連続の仮初めの家族に、\n世界の平和は託された――','古橋一浩','WIT STUDIO','2023-10-07','ended'),(51,'animation','请问您今天要来点兔子吗？？','道に迷って喫茶ラビットハウスにやってきたココア。\n実は、そこが彼女が住み込むことになっていた喫茶店で…。\nちっちゃくてクールなチノ、軍人気質なリゼ、おっとり和風な千夜、気品あふれる庶民派のシャロと全方位的なかわいさの登場人物に、チノの同級生マヤ＆メグ、常連客の青山ブルーマウンテン先生も加わって、ラビットハウスは今日もすべてが可愛い！','橋本裕之','KINEMA CITRUS','2015-10-10','ended'),(52,'animation','请问您今天要来点兔子吗？','为了便于上高中，高中入学新生心爱准备搬来这由石板路、木制房组成的街道。她在寻找寄宿的地点时迷路了，迷茫之中来到了一家名为“rabbit house”的咖啡店门前。看到这间名字都充满小兔风格的可爱咖啡店，心爱忍不住踏进了店门。在店里，她遇见了娇小的少女智乃，以及一只软乎乎的可爱小兔子提比。\n心爱一边喝着咖啡一边询问路线时，才惊讶的得知这家咖啡店就是自己将要寄宿的地方。因为心爱将要入学的高中有着“学生要在寄宿的家里帮忙做事”的规定，心爱便开始当起了“rabbit house”的店员，并“自称”是智乃的姐姐，一边过起了咖啡店员的生活。','橋本裕之','WHITE FOX','2014-04-10','ended'),(53,'animation','败犬女主太多了！','没能赢得心上人恋情的女孩——“败犬女主”。\n爱吃的青梅竹马系女主·八奈见杏菜。\n活力充沛的运动系女主·烧盐柠檬。\n怕生的小动物系女主·小鞠知花。\n被有点缺憾的败犬女主——败女们环绕，新感觉、乱糟糟的败走系青春故事就此揭幕。\n因失败而更加闪耀吧，败女们！','北村翔太郎','A-1 Pictures','2024-07-13','ended'),(54,'animation','BanG Dream! It\'s MyGO!!!!!','「能一辈子和我搞乐队吗？」\n在高一的春季即将结束之时，羽丘女子学园里人人都在参加乐队活动。\n入学较晚的爱音，也为了尽快融入班级，急忙寻找乐队成员。\n在寻找时，她发现被称为「羽丘的不可思议少女」的灯还没有参加乐队，\n于是爱音不由得向她发出邀请…\n我们的<音乐(呐喊)>，伤痕累累而充满狼狈。\n迷茫也无所谓，迷茫也要前进。','柿本広大','サンジゲン','2023-06-29','ended'),(55,'animation','BanG Dream! Ave Mujica','「言ったでしょう？残りの人生、わたくしに下さいと」\n豊川祥子がメンバーを招き入れたバンド・Ave Mujicaは、\nライブやメディア露出など、商業的な成功を収めていた。\n運命をともにすると誓った仲間も、生まれ育った家も失った少女。\n彼女は何のために他人の一生を背負い、バンドを続けるのか。\n過去も素顔も仮面で覆い隠し、今宵も完璧な箱庭に降り立つ。\n「我说过了吧？请你们将剩余的人生交给我」\n丰川祥子招募组建的乐队・Ave Mujica取得了演唱会和媒体曝光等商业上的成功。\n少女失去了曾发誓命运与共的友人，又失去了自己出生长大的家庭。 她为什么要背负他人的一生，将乐队坚持下去呢？\n将过往与真容都以假面遮掩，今夜亦降临于完美的箱庭。','柿本広大','サンジゲン','2025-01-02','ended'),(56,'animation','莉可丽丝','平稳的日子――其实暗藏着秘密防范犯罪的秘密组织――“DA（Direct Attack）”。作为特工的少女们“LYCORIS”。有着历代最强的LYCORIS之称的・锦木千束、优秀的LYCORIS・井之上泷奈，在咖啡厅“LycoReco”支部工作。这里接受的订单从订购咖啡和甜点，到照顾小孩、代购、面向外国人的日语老师等请放心交给“LycoReco”自由自在的乐天派、和平主义的千束与沉着冷静系、效率主义的泷奈二人跌宕起伏的混乱日常正式上演！','足立慎吾','A-1 Pictures','2022-07-02','ended');
/*!40000 ALTER TABLE `source` ENABLE KEYS */;
UNLOCK TABLES;

--
-- Table structure for table `sourceimage`
--

DROP TABLE IF EXISTS `sourceimage`;
/*!40101 SET @saved_cs_client     = @@character_set_client */;
/*!50503 SET character_set_client = utf8mb4 */;
CREATE TABLE `sourceimage` (
  `image_id` int NOT NULL AUTO_INCREMENT,
  `url` varchar(255) COLLATE utf8mb4_unicode_ci NOT NULL,
  `format` varchar(20) COLLATE utf8mb4_unicode_ci DEFAULT NULL,
  `is_downloaded` tinyint(1) DEFAULT '0',
  `local_path` varchar(255) COLLATE utf8mb4_unicode_ci DEFAULT NULL,
  `source_id` int NOT NULL,
  PRIMARY KEY (`image_id`),
  UNIQUE KEY `url` (`url`),
  KEY `source_id` (`source_id`),
  CONSTRAINT `sourceimage_ibfk_1` FOREIGN KEY (`source_id`) REFERENCES `source` (`source_id`) ON DELETE CASCADE
) ENGINE=InnoDB AUTO_INCREMENT=57 DEFAULT CHARSET=utf8mb4 COLLATE=utf8mb4_unicode_ci;
/*!40101 SET character_set_client = @saved_cs_client */;

--
-- Dumping data for table `sourceimage`
--

LOCK TABLES `sourceimage` WRITE;
/*!40000 ALTER TABLE `sourceimage` DISABLE KEYS */;
INSERT INTO `sourceimage` VALUES (1,'//lain.bgm.tv/pic/cover/l/5f/18/282433_9wDx9.jpg',NULL,0,NULL,1),(2,'//lain.bgm.tv/pic/cover/l/2a/f7/248175_2w4zT.jpg',NULL,0,NULL,2),(3,'//lain.bgm.tv/pic/cover/l/36/16/293049_0e0re.jpg',NULL,0,NULL,3),(4,'//lain.bgm.tv/pic/cover/l/cf/9c/317613_bpGX4.jpg',NULL,0,NULL,4),(5,'//lain.bgm.tv/pic/cover/l/dc/8a/285482_c5RRj.jpg',NULL,0,NULL,5),(6,'//lain.bgm.tv/pic/cover/l/88/6b/285666_bS9Sw.jpg',NULL,0,NULL,6),(7,'//lain.bgm.tv/pic/cover/l/26/d6/425998_dnzr8.jpg',NULL,0,NULL,7),(8,'//lain.bgm.tv/pic/cover/l/2e/d7/510728_P22GO.jpg',NULL,0,NULL,8),(9,'//lain.bgm.tv/pic/cover/l/8b/91/294713_MwaxY.jpg',NULL,0,NULL,9),(10,'//lain.bgm.tv/pic/cover/l/aa/db/262940_z2mQQ.jpg',NULL,0,NULL,10),(11,'//lain.bgm.tv/pic/cover/l/a7/35/296659_o709D.jpg',NULL,0,NULL,11),(12,'//lain.bgm.tv/pic/cover/l/16/47/289829_8IDIm.jpg',NULL,0,NULL,12),(13,'//lain.bgm.tv/pic/cover/l/43/e0/292359_6WO66.jpg',NULL,0,NULL,13),(14,'//lain.bgm.tv/pic/cover/l/39/ad/253046_IjUfm.jpg',NULL,0,NULL,14),(15,'//lain.bgm.tv/pic/cover/l/8b/00/277554_z999u.jpg',NULL,0,NULL,15),(16,'//lain.bgm.tv/pic/cover/l/60/4d/325585_tfU01.jpg',NULL,0,NULL,16),(17,'//lain.bgm.tv/pic/cover/l/cf/55/373247_aBFR1.jpg',NULL,0,NULL,17),(18,'//lain.bgm.tv/pic/cover/l/ad/25/444557_e4hPO.jpg',NULL,0,NULL,18),(19,'//lain.bgm.tv/pic/cover/l/0f/50/262897_d3555.jpg',NULL,0,NULL,19),(20,'//lain.bgm.tv/pic/cover/l/ac/b7/282684_5lN9Z.jpg',NULL,0,NULL,20),(21,'//lain.bgm.tv/pic/cover/l/3b/92/322967_I7iiz.jpg',NULL,0,NULL,21),(22,'//lain.bgm.tv/pic/cover/l/02/c7/287488_1FJYC.jpg',NULL,0,NULL,22),(23,'//lain.bgm.tv/pic/cover/l/5f/55/317680_v9OU1.jpg',NULL,0,NULL,23),(24,'//lain.bgm.tv/pic/cover/l/a1/11/296367_yPic1.jpg',NULL,0,NULL,24),(25,'//lain.bgm.tv/pic/cover/l/a8/54/331936_8iIe9.jpg',NULL,0,NULL,25),(26,'//lain.bgm.tv/pic/cover/l/ac/c4/353605_t8jsh.jpg',NULL,0,NULL,26),(27,'//lain.bgm.tv/pic/cover/l/64/5a/290980_Jju6q.jpg',NULL,0,NULL,27),(28,'//lain.bgm.tv/pic/cover/l/2d/ad/347887_j0DFj.jpg',NULL,0,NULL,28),(29,'//lain.bgm.tv/pic/cover/l/b7/58/302286_s3o3E.jpg',NULL,0,NULL,29),(30,'//lain.bgm.tv/pic/cover/l/41/49/333664_d4Py9.jpg',NULL,0,NULL,30),(31,'//lain.bgm.tv/pic/cover/l/ef/d3/313852_550li.jpg',NULL,0,NULL,31),(32,'//lain.bgm.tv/pic/cover/l/07/95/331480_c2aq9.jpg',NULL,0,NULL,32),(33,'//lain.bgm.tv/pic/cover/l/d9/f5/326895_j1S2n.jpg',NULL,0,NULL,33),(34,'//lain.bgm.tv/pic/cover/l/dd/cd/356774_zOW55.jpg',NULL,0,NULL,34),(35,'//lain.bgm.tv/pic/cover/l/de/4a/329906_hmtVD.jpg',NULL,0,NULL,35),(36,'//lain.bgm.tv/pic/cover/l/3c/82/373267_ffBO8.jpg',NULL,0,NULL,36),(37,'//lain.bgm.tv/pic/cover/l/d6/4f/332261_szZEK.jpg',NULL,0,NULL,37),(38,'//lain.bgm.tv/pic/cover/l/bc/0d/363242_0tZ06.jpg',NULL,0,NULL,38),(39,'//lain.bgm.tv/pic/cover/l/13/c5/400602_ZI8Y9.jpg',NULL,0,NULL,39),(40,'//lain.bgm.tv/pic/cover/l/01/ee/394260_VMqvV.jpg',NULL,0,NULL,40),(41,'//lain.bgm.tv/pic/cover/l/ba/c9/404804_4fg2J.jpg',NULL,0,NULL,41),(42,'//lain.bgm.tv/pic/cover/l/58/c1/376703_g5559.jpg',NULL,0,NULL,42),(43,'//lain.bgm.tv/pic/cover/l/63/4e/357961_RtPiz.jpg',NULL,0,NULL,43),(44,'//lain.bgm.tv/pic/cover/l/7e/ca/378862_24TnR.jpg',NULL,0,NULL,44),(45,'//lain.bgm.tv/pic/cover/l/98/5e/386809_1yR81.jpg',NULL,0,NULL,45),(46,'//lain.bgm.tv/pic/cover/l/1d/02/363101_T8SWw.jpg',NULL,0,NULL,46),(47,'//lain.bgm.tv/pic/cover/l/37/03/424379_UfMuk.jpg',NULL,0,NULL,47),(48,'//lain.bgm.tv/pic/cover/l/90/01/402128_s44m2.jpg',NULL,0,NULL,48),(49,'//lain.bgm.tv/pic/cover/l/bf/a0/309807_927A1.jpg',NULL,0,NULL,49),(50,'//lain.bgm.tv/pic/cover/l/69/5b/411427_1Bw95.jpg',NULL,0,NULL,50),(51,'//lain.bgm.tv/pic/cover/l/39/a4/123568_FeekE.jpg',NULL,0,NULL,51),(52,'//lain.bgm.tv/pic/cover/l/9f/2f/88287_h4xKo.jpg',NULL,0,NULL,52),(53,'//lain.bgm.tv/pic/cover/l/e4/dc/464376_NsZRw.jpg',NULL,0,NULL,53),(54,'//lain.bgm.tv/pic/cover/l/e7/a7/428735_1v11n.jpg',NULL,0,NULL,54),(55,'//lain.bgm.tv/pic/cover/l/77/c3/454684_ZH5tU.jpg',NULL,0,NULL,55),(56,'//lain.bgm.tv/pic/cover/l/65/19/364450_QJcGe.jpg',NULL,0,NULL,56);
/*!40000 ALTER TABLE `sourceimage` ENABLE KEYS */;
UNLOCK TABLES;

--
-- Table structure for table `sourcetag`
--

DROP TABLE IF EXISTS `sourcetag`;
/*!40101 SET @saved_cs_client     = @@character_set_client */;
/*!50503 SET character_set_client = utf8mb4 */;
CREATE TABLE `sourcetag` (
  `tag_id` int NOT NULL AUTO_INCREMENT,
  `tag` varchar(200) COLLATE utf8mb4_unicode_ci NOT NULL,
  `num` int NOT NULL DEFAULT '1',
  PRIMARY KEY (`tag_id`),
  UNIQUE KEY `tag` (`tag`),
  KEY `idx_sourcetag_tag` (`tag`)
) ENGINE=InnoDB AUTO_INCREMENT=272 DEFAULT CHARSET=utf8mb4 COLLATE=utf8mb4_unicode_ci;
/*!40101 SET character_set_client = @saved_cs_client */;

--
-- Dumping data for table `sourcetag`
--

LOCK TABLES `sourcetag` WRITE;
/*!40000 ALTER TABLE `sourcetag` DISABLE KEYS */;
INSERT INTO `sourcetag` VALUES (1,'校园',11),(2,'TV',56),(3,'日本',55),(4,'漫画改',38),(5,'日常',15),(8,'恋爱',11),(23,'奇幻',14),(29,'战斗',14),(34,'冒险',4),(35,'少年向',1),(36,'小说改',8),(37,'青年向',1),(53,'百合',10),(56,'原创',9),(60,'子供向',1),(65,'职场',2),(74,'穿越',1),(86,'后宫',2),(107,'音乐',5),(118,'科幻',3),(121,'美国',1),(122,'欧美',1),(147,'美食',1),(158,'悬疑',2),(208,'女性向',1),(214,'萌系',3),(236,'游戏改',1);
/*!40000 ALTER TABLE `sourcetag` ENABLE KEYS */;
UNLOCK TABLES;

--
-- Table structure for table `sourcetagrelation`
--

DROP TABLE IF EXISTS `sourcetagrelation`;
/*!40101 SET @saved_cs_client     = @@character_set_client */;
/*!50503 SET character_set_client = utf8mb4 */;
CREATE TABLE `sourcetagrelation` (
  `tag_id` int NOT NULL,
  `source_id` int NOT NULL,
  PRIMARY KEY (`source_id`,`tag_id`),
  KEY `tag_id` (`tag_id`),
  KEY `idx_sourcetagrelation_source_tag` (`source_id`,`tag_id`),
  CONSTRAINT `sourcetagrelation_ibfk_1` FOREIGN KEY (`tag_id`) REFERENCES `sourcetag` (`tag_id`) ON DELETE CASCADE,
  CONSTRAINT `sourcetagrelation_ibfk_2` FOREIGN KEY (`source_id`) REFERENCES `source` (`source_id`) ON DELETE CASCADE
) ENGINE=InnoDB DEFAULT CHARSET=utf8mb4 COLLATE=utf8mb4_unicode_ci;
/*!40101 SET character_set_client = @saved_cs_client */;

--
-- Dumping data for table `sourcetagrelation`
--

LOCK TABLES `sourcetagrelation` WRITE;
/*!40000 ALTER TABLE `sourcetagrelation` DISABLE KEYS */;
INSERT INTO `sourcetagrelation` VALUES (1,1),(1,2),(1,3),(1,4),(1,10),(1,23),(1,28),(1,38),(1,40),(1,43),(1,53),(2,1),(2,2),(2,3),(2,4),(2,5),(2,6),(2,7),(2,8),(2,9),(2,10),(2,11),(2,12),(2,13),(2,14),(2,15),(2,16),(2,17),(2,18),(2,19),(2,20),(2,21),(2,22),(2,23),(2,24),(2,25),(2,26),(2,27),(2,28),(2,29),(2,30),(2,31),(2,32),(2,33),(2,34),(2,35),(2,36),(2,37),(2,38),(2,39),(2,40),(2,41),(2,42),(2,43),(2,44),(2,45),(2,46),(2,47),(2,48),(2,49),(2,50),(2,51),(2,52),(2,53),(2,54),(2,55),(2,56),(3,1),(3,2),(3,3),(3,4),(3,5),(3,6),(3,7),(3,8),(3,9),(3,10),(3,11),(3,12),(3,13),(3,14),(3,15),(3,16),(3,17),(3,18),(3,19),(3,20),(3,21),(3,22),(3,23),(3,24),(3,26),(3,27),(3,28),(3,29),(3,30),(3,31),(3,32),(3,33),(3,34),(3,35),(3,36),(3,37),(3,38),(3,39),(3,40),(3,41),(3,42),(3,43),(3,44),(3,45),(3,46),(3,47),(3,48),(3,49),(3,50),(3,51),(3,52),(3,53),(3,54),(3,55),(3,56),(4,1),(4,2),(4,3),(4,4),(4,5),(4,6),(4,9),(4,10),(4,13),(4,19),(4,20),(4,21),(4,23),(4,26),(4,27),(4,28),(4,29),(4,30),(4,31),(4,32),(4,33),(4,34),(4,35),(4,36),(4,37),(4,38),(4,39),(4,40),(4,41),(4,42),(4,43),(4,44),(4,45),(4,46),(4,47),(4,50),(4,51),(4,52),(5,1),(5,9),(5,13),(5,19),(5,20),(5,27),(5,30),(5,31),(5,32),(5,35),(5,36),(5,43),(5,50),(5,51),(5,52),(8,2),(8,3),(8,4),(8,24),(8,28),(8,34),(8,38),(8,40),(8,45),(8,47),(8,53),(23,5),(23,6),(23,7),(23,8),(23,15),(23,16),(23,18),(23,26),(23,29),(23,33),(23,34),(23,37),(23,39),(23,48),(29,6),(29,7),(29,8),(29,10),(29,14),(29,17),(29,21),(29,24),(29,26),(29,29),(29,37),(29,48),(29,50),(29,56),(34,7),(34,8),(34,16),(34,17),(35,7),(36,7),(36,8),(36,15),(36,16),(36,17),(36,18),(36,48),(36,53),(37,7),(53,11),(53,14),(53,20),(53,23),(53,27),(53,31),(53,44),(53,54),(53,55),(53,56),(56,11),(56,12),(56,14),(56,22),(56,24),(56,25),(56,54),(56,55),(56,56),(60,12),(65,13),(65,30),(74,15),(86,18),(86,47),(107,22),(107,42),(107,49),(107,54),(107,55),(118,25),(118,41),(118,46),(121,25),(122,25),(147,30),(158,33),(158,41),(208,43),(214,44),(214,51),(214,52),(236,49);
/*!40000 ALTER TABLE `sourcetagrelation` ENABLE KEYS */;
UNLOCK TABLES;

--
-- Table structure for table `spider`
--

DROP TABLE IF EXISTS `spider`;
/*!40101 SET @saved_cs_client     = @@character_set_client */;
/*!50503 SET character_set_client = utf8mb4 */;
CREATE TABLE `spider` (
  `spider_id` int NOT NULL AUTO_INCREMENT,
  `website_id` int NOT NULL DEFAULT '1',
  `name` char(20) COLLATE utf8mb4_unicode_ci NOT NULL,
  `download_to_local` tinyint(1) DEFAULT '0',
  `request_id_para` text COLLATE utf8mb4_unicode_ci,
  `cookies` varchar(255) COLLATE utf8mb4_unicode_ci DEFAULT NULL,
  `status` enum('active','inactive','expired') COLLATE utf8mb4_unicode_ci DEFAULT 'active',
  PRIMARY KEY (`spider_id`),
  UNIQUE KEY `name` (`name`),
  KEY `website_id` (`website_id`),
  CONSTRAINT `spider_ibfk_1` FOREIGN KEY (`website_id`) REFERENCES `website` (`website_id`) ON DELETE CASCADE
) ENGINE=InnoDB AUTO_INCREMENT=2 DEFAULT CHARSET=utf8mb4 COLLATE=utf8mb4_unicode_ci;
/*!40101 SET character_set_client = @saved_cs_client */;

--
-- Dumping data for table `spider`
--

LOCK TABLES `spider` WRITE;
/*!40000 ALTER TABLE `spider` DISABLE KEYS */;
INSERT INTO `spider` VALUES (1,1,'莉可丽丝',0,'[364450]',NULL,'inactive');
/*!40000 ALTER TABLE `spider` ENABLE KEYS */;
UNLOCK TABLES;

--
-- Table structure for table `website`
--

DROP TABLE IF EXISTS `website`;
/*!40101 SET @saved_cs_client     = @@character_set_client */;
/*!50503 SET character_set_client = utf8mb4 */;
CREATE TABLE `website` (
  `website_id` int NOT NULL AUTO_INCREMENT,
  `name` varchar(50) COLLATE utf8mb4_unicode_ci NOT NULL,
  `base_url` varchar(255) COLLATE utf8mb4_unicode_ci NOT NULL,
  `description` text COLLATE utf8mb4_unicode_ci,
  PRIMARY KEY (`website_id`),
  UNIQUE KEY `name` (`name`)
) ENGINE=InnoDB AUTO_INCREMENT=3 DEFAULT CHARSET=utf8mb4 COLLATE=utf8mb4_unicode_ci;
/*!40101 SET character_set_client = @saved_cs_client */;

--
-- Dumping data for table `website`
--

LOCK TABLES `website` WRITE;
/*!40000 ALTER TABLE `website` DISABLE KEYS */;
INSERT INTO `website` VALUES (1,'Bangumi','https://bgm.tv','Bangumi 番组计划'),(2,'Moegirl','https://zh.moegirl.org.cn','萌娘百科');
/*!40000 ALTER TABLE `website` ENABLE KEYS */;
UNLOCK TABLES;
/*!40103 SET TIME_ZONE=@OLD_TIME_ZONE */;

/*!40101 SET SQL_MODE=@OLD_SQL_MODE */;
/*!40014 SET FOREIGN_KEY_CHECKS=@OLD_FOREIGN_KEY_CHECKS */;
/*!40014 SET UNIQUE_CHECKS=@OLD_UNIQUE_CHECKS */;
/*!40101 SET CHARACTER_SET_CLIENT=@OLD_CHARACTER_SET_CLIENT */;
/*!40101 SET CHARACTER_SET_RESULTS=@OLD_CHARACTER_SET_RESULTS */;
/*!40101 SET COLLATION_CONNECTION=@OLD_COLLATION_CONNECTION */;
/*!40111 SET SQL_NOTES=@OLD_SQL_NOTES */;

-- Dump completed on 2025-06-21 19:25:00
